"MTU (CET/CEST)","Area","Actual Total Load (MW)","Day-ahead Total Load Forecast (MW)"
"01/01/2025 00:00 - 01/01/2025 01:00","Denmark (DK)","4214.95","4179.00"
"01/01/2025 01:00 - 01/01/2025 02:00","Denmark (DK)","4188.88","4125.00"
"01/01/2025 02:00 - 01/01/2025 03:00","Denmark (DK)","4096.07","4056.00"
"01/01/2025 03:00 - 01/01/2025 04:00","Denmark (DK)","4015.35","3992.00"
"01/01/2025 04:00 - 01/01/2025 05:00","Denmark (DK)","3901.91","3925.00"
"01/01/2025 05:00 - 01/01/2025 06:00","Denmark (DK)","3862.38","3874.00"
"01/01/2025 06:00 - 01/01/2025 07:00","Denmark (DK)","3854.24","3887.00"
"01/01/2025 07:00 - 01/01/2025 08:00","Denmark (DK)","3916.60","3929.00"
"01/01/2025 08:00 - 01/01/2025 09:00","Denmark (DK)","4040.33","4029.00"
"01/01/2025 09:00 - 01/01/2025 10:00","Denmark (DK)","4106.86","4162.00"
"01/01/2025 10:00 - 01/01/2025 11:00","Denmark (DK)","4372.84","4294.00"
"01/01/2025 11:00 - 01/01/2025 12:00","Denmark (DK)","4526.16","4481.00"
"01/01/2025 12:00 - 01/01/2025 13:00","Denmark (DK)","4645.14","4575.00"
"01/01/2025 13:00 - 01/01/2025 14:00","Denmark (DK)","4727.36","4656.00"
"01/01/2025 14:00 - 01/01/2025 15:00","Denmark (DK)","4763.17","4715.00"
"01/01/2025 15:00 - 01/01/2025 16:00","Denmark (DK)","4809.38","4771.00"
"01/01/2025 16:00 - 01/01/2025 17:00","Denmark (DK)","4826.71","4920.00"
"01/01/2025 17:00 - 01/01/2025 18:00","Denmark (DK)","5018.59","5052.00"
"01/01/2025 18:00 - 01/01/2025 19:00","Denmark (DK)","4819.42","4857.00"
"01/01/2025 19:00 - 01/01/2025 20:00","Denmark (DK)","4564.00","4574.00"
"01/01/2025 20:00 - 01/01/2025 21:00","Denmark (DK)","4511.39","4483.00"
"01/01/2025 21:00 - 01/01/2025 22:00","Denmark (DK)","4307.95","4342.00"
"01/01/2025 22:00 - 01/01/2025 23:00","Denmark (DK)","4071.71","4213.00"
"01/01/2025 23:00 - 02/01/2025 00:00","Denmark (DK)","4007.07","4130.00"
"02/01/2025 00:00 - 02/01/2025 01:00","Denmark (DK)","4240.73","4074.00"
"02/01/2025 01:00 - 02/01/2025 02:00","Denmark (DK)","4180.18","4161.00"
"02/01/2025 02:00 - 02/01/2025 03:00","Denmark (DK)","4022.92","4100.00"
"02/01/2025 03:00 - 02/01/2025 04:00","Denmark (DK)","3894.08","3994.00"
"02/01/2025 04:00 - 02/01/2025 05:00","Denmark (DK)","3826.16","3885.00"
"02/01/2025 05:00 - 02/01/2025 06:00","Denmark (DK)","3826.97","3854.00"
"02/01/2025 06:00 - 02/01/2025 07:00","Denmark (DK)","4134.24","4115.00"
"02/01/2025 07:00 - 02/01/2025 08:00","Denmark (DK)","4539.64","4514.00"
"02/01/2025 08:00 - 02/01/2025 09:00","Denmark (DK)","4881.42","4832.00"
"02/01/2025 09:00 - 02/01/2025 10:00","Denmark (DK)","5017.84","4955.00"
"02/01/2025 10:00 - 02/01/2025 11:00","Denmark (DK)","5184.25","5093.00"
"02/01/2025 11:00 - 02/01/2025 12:00","Denmark (DK)","5227.68","5131.00"
"02/01/2025 12:00 - 02/01/2025 13:00","Denmark (DK)","5183.12","5129.00"
"02/01/2025 13:00 - 02/01/2025 14:00","Denmark (DK)","5087.05","5145.00"
"02/01/2025 14:00 - 02/01/2025 15:00","Denmark (DK)","4951.28","5046.00"
"02/01/2025 15:00 - 02/01/2025 16:00","Denmark (DK)","4984.10","4999.00"
"02/01/2025 16:00 - 02/01/2025 17:00","Denmark (DK)","5187.50","5207.00"
"02/01/2025 17:00 - 02/01/2025 18:00","Denmark (DK)","5460.07","5475.00"
"02/01/2025 18:00 - 02/01/2025 19:00","Denmark (DK)","5293.16","5318.00"
"02/01/2025 19:00 - 02/01/2025 20:00","Denmark (DK)","4965.06","5014.00"
"02/01/2025 20:00 - 02/01/2025 21:00","Denmark (DK)","4756.82","4776.00"
"02/01/2025 21:00 - 02/01/2025 22:00","Denmark (DK)","4565.85","4606.00"
"02/01/2025 22:00 - 02/01/2025 23:00","Denmark (DK)","4464.22","4493.00"
"02/01/2025 23:00 - 03/01/2025 00:00","Denmark (DK)","4340.16","4404.00"
"03/01/2025 00:00 - 03/01/2025 01:00","Denmark (DK)","4405.72","4267.00"
"03/01/2025 01:00 - 03/01/2025 02:00","Denmark (DK)","4429.75","4312.00"
"03/01/2025 02:00 - 03/01/2025 03:00","Denmark (DK)","4478.07","4460.00"
"03/01/2025 03:00 - 03/01/2025 04:00","Denmark (DK)","4465.68","4422.00"
"03/01/2025 04:00 - 03/01/2025 05:00","Denmark (DK)","4432.07","4401.00"
"03/01/2025 05:00 - 03/01/2025 06:00","Denmark (DK)","4382.51","4403.00"
"03/01/2025 06:00 - 03/01/2025 07:00","Denmark (DK)","4585.77","4586.00"
"03/01/2025 07:00 - 03/01/2025 08:00","Denmark (DK)","5117.66","5098.00"
"03/01/2025 08:00 - 03/01/2025 09:00","Denmark (DK)","5426.79","5404.00"
"03/01/2025 09:00 - 03/01/2025 10:00","Denmark (DK)","5598.10","5592.00"
"03/01/2025 10:00 - 03/01/2025 11:00","Denmark (DK)","5528.12","5553.00"
"03/01/2025 11:00 - 03/01/2025 12:00","Denmark (DK)","5596.99","5503.00"
"03/01/2025 12:00 - 03/01/2025 13:00","Denmark (DK)","5644.18","5465.00"
"03/01/2025 13:00 - 03/01/2025 14:00","Denmark (DK)","5582.36","5480.00"
"03/01/2025 14:00 - 03/01/2025 15:00","Denmark (DK)","5489.39","5406.00"
"03/01/2025 15:00 - 03/01/2025 16:00","Denmark (DK)","5296.00","5313.00"
"03/01/2025 16:00 - 03/01/2025 17:00","Denmark (DK)","5432.85","5427.00"
"03/01/2025 17:00 - 03/01/2025 18:00","Denmark (DK)","5600.72","5640.00"
"03/01/2025 18:00 - 03/01/2025 19:00","Denmark (DK)","5406.49","5409.00"
"03/01/2025 19:00 - 03/01/2025 20:00","Denmark (DK)","5016.89","5099.00"
"03/01/2025 20:00 - 03/01/2025 21:00","Denmark (DK)","4797.39","4823.00"
"03/01/2025 21:00 - 03/01/2025 22:00","Denmark (DK)","4722.96","4734.00"
"03/01/2025 22:00 - 03/01/2025 23:00","Denmark (DK)","4706.70","4663.00"
"03/01/2025 23:00 - 04/01/2025 00:00","Denmark (DK)","4415.17","4525.00"
"04/01/2025 00:00 - 04/01/2025 01:00","Denmark (DK)","4414.48","4378.00"
"04/01/2025 01:00 - 04/01/2025 02:00","Denmark (DK)","4316.92","4258.00"
"04/01/2025 02:00 - 04/01/2025 03:00","Denmark (DK)","4198.14","4180.00"
"04/01/2025 03:00 - 04/01/2025 04:00","Denmark (DK)","4022.71","4089.00"
"04/01/2025 04:00 - 04/01/2025 05:00","Denmark (DK)","3934.42","3994.00"
"04/01/2025 05:00 - 04/01/2025 06:00","Denmark (DK)","3932.86","3939.00"
"04/01/2025 06:00 - 04/01/2025 07:00","Denmark (DK)","4014.71","4039.00"
"04/01/2025 07:00 - 04/01/2025 08:00","Denmark (DK)","4218.50","4226.00"
"04/01/2025 08:00 - 04/01/2025 09:00","Denmark (DK)","4453.67","4466.00"
"04/01/2025 09:00 - 04/01/2025 10:00","Denmark (DK)","4638.83","4613.00"
"04/01/2025 10:00 - 04/01/2025 11:00","Denmark (DK)","4792.54","4793.00"
"04/01/2025 11:00 - 04/01/2025 12:00","Denmark (DK)","4821.68","4832.00"
"04/01/2025 12:00 - 04/01/2025 13:00","Denmark (DK)","4765.98","4786.00"
"04/01/2025 13:00 - 04/01/2025 14:00","Denmark (DK)","4742.34","4723.00"
"04/01/2025 14:00 - 04/01/2025 15:00","Denmark (DK)","4711.58","4734.00"
"04/01/2025 15:00 - 04/01/2025 16:00","Denmark (DK)","4740.86","4743.00"
"04/01/2025 16:00 - 04/01/2025 17:00","Denmark (DK)","4974.51","4948.00"
"04/01/2025 17:00 - 04/01/2025 18:00","Denmark (DK)","5267.83","5266.00"
"04/01/2025 18:00 - 04/01/2025 19:00","Denmark (DK)","5131.58","5154.00"
"04/01/2025 19:00 - 04/01/2025 20:00","Denmark (DK)","4805.50","4822.00"
"04/01/2025 20:00 - 04/01/2025 21:00","Denmark (DK)","4602.62","4616.00"
"04/01/2025 21:00 - 04/01/2025 22:00","Denmark (DK)","4407.78","4453.00"
"04/01/2025 22:00 - 04/01/2025 23:00","Denmark (DK)","4234.48","4292.00"
"04/01/2025 23:00 - 05/01/2025 00:00","Denmark (DK)","4099.06","4216.00"
"05/01/2025 00:00 - 05/01/2025 01:00","Denmark (DK)","4091.29","4067.00"
"05/01/2025 01:00 - 05/01/2025 02:00","Denmark (DK)","4069.89","4046.00"
"05/01/2025 02:00 - 05/01/2025 03:00","Denmark (DK)","4031.88","4037.00"
"05/01/2025 03:00 - 05/01/2025 04:00","Denmark (DK)","3904.09","3997.00"
"05/01/2025 04:00 - 05/01/2025 05:00","Denmark (DK)","3810.78","3817.00"
"05/01/2025 05:00 - 05/01/2025 06:00","Denmark (DK)","3752.95","3760.00"
"05/01/2025 06:00 - 05/01/2025 07:00","Denmark (DK)","3826.40","3807.00"
"05/01/2025 07:00 - 05/01/2025 08:00","Denmark (DK)","4032.08","3973.00"
"05/01/2025 08:00 - 05/01/2025 09:00","Denmark (DK)","4320.53","4210.00"
"05/01/2025 09:00 - 05/01/2025 10:00","Denmark (DK)","4525.09","4404.00"
"05/01/2025 10:00 - 05/01/2025 11:00","Denmark (DK)","4771.87","4582.00"
"05/01/2025 11:00 - 05/01/2025 12:00","Denmark (DK)","4813.34","4750.00"
"05/01/2025 12:00 - 05/01/2025 13:00","Denmark (DK)","4847.40","4813.00"
"05/01/2025 13:00 - 05/01/2025 14:00","Denmark (DK)","4777.02","4797.00"
"05/01/2025 14:00 - 05/01/2025 15:00","Denmark (DK)","4903.40","4789.00"
"05/01/2025 15:00 - 05/01/2025 16:00","Denmark (DK)","5133.83","4962.00"
"05/01/2025 16:00 - 05/01/2025 17:00","Denmark (DK)","5378.51","5280.00"
"05/01/2025 17:00 - 05/01/2025 18:00","Denmark (DK)","5665.96","5575.00"
"05/01/2025 18:00 - 05/01/2025 19:00","Denmark (DK)","5528.33","5470.00"
"05/01/2025 19:00 - 05/01/2025 20:00","Denmark (DK)","5232.04","5212.00"
"05/01/2025 20:00 - 05/01/2025 21:00","Denmark (DK)","5002.81","5048.00"
"05/01/2025 21:00 - 05/01/2025 22:00","Denmark (DK)","4904.77","4932.00"
"05/01/2025 22:00 - 05/01/2025 23:00","Denmark (DK)","4740.12","4847.00"
"05/01/2025 23:00 - 06/01/2025 00:00","Denmark (DK)","4629.63","4856.00"
"06/01/2025 00:00 - 06/01/2025 01:00","Denmark (DK)","4769.85","4786.00"
"06/01/2025 01:00 - 06/01/2025 02:00","Denmark (DK)","4841.53","4866.00"
"06/01/2025 02:00 - 06/01/2025 03:00","Denmark (DK)","4950.86","4964.00"
"06/01/2025 03:00 - 06/01/2025 04:00","Denmark (DK)","4907.21","5042.00"
"06/01/2025 04:00 - 06/01/2025 05:00","Denmark (DK)","4777.20","4903.00"
"06/01/2025 05:00 - 06/01/2025 06:00","Denmark (DK)","4736.86","4733.00"
"06/01/2025 06:00 - 06/01/2025 07:00","Denmark (DK)","5058.16","4890.00"
"06/01/2025 07:00 - 06/01/2025 08:00","Denmark (DK)","5556.48","5431.00"
"06/01/2025 08:00 - 06/01/2025 09:00","Denmark (DK)","5842.03","5770.00"
"06/01/2025 09:00 - 06/01/2025 10:00","Denmark (DK)","5966.07","5842.00"
"06/01/2025 10:00 - 06/01/2025 11:00","Denmark (DK)","5997.31","5943.00"
"06/01/2025 11:00 - 06/01/2025 12:00","Denmark (DK)","5952.96","5912.00"
"06/01/2025 12:00 - 06/01/2025 13:00","Denmark (DK)","5919.67","5895.00"
"06/01/2025 13:00 - 06/01/2025 14:00","Denmark (DK)","5897.15","5869.00"
"06/01/2025 14:00 - 06/01/2025 15:00","Denmark (DK)","5786.55","5770.00"
"06/01/2025 15:00 - 06/01/2025 16:00","Denmark (DK)","5725.15","5699.00"
"06/01/2025 16:00 - 06/01/2025 17:00","Denmark (DK)","5860.49","5848.00"
"06/01/2025 17:00 - 06/01/2025 18:00","Denmark (DK)","6050.72","6061.00"
"06/01/2025 18:00 - 06/01/2025 19:00","Denmark (DK)","5778.59","5858.00"
"06/01/2025 19:00 - 06/01/2025 20:00","Denmark (DK)","5452.26","5577.00"
"06/01/2025 20:00 - 06/01/2025 21:00","Denmark (DK)","5266.65","5392.00"
"06/01/2025 21:00 - 06/01/2025 22:00","Denmark (DK)","5154.60","5277.00"
"06/01/2025 22:00 - 06/01/2025 23:00","Denmark (DK)","4865.56","5205.00"
"06/01/2025 23:00 - 07/01/2025 00:00","Denmark (DK)","4732.98","5142.00"
"07/01/2025 00:00 - 07/01/2025 01:00","Denmark (DK)","4713.45","4669.00"
"07/01/2025 01:00 - 07/01/2025 02:00","Denmark (DK)","4913.05","4734.00"
"07/01/2025 02:00 - 07/01/2025 03:00","Denmark (DK)","4869.83","4908.00"
"07/01/2025 03:00 - 07/01/2025 04:00","Denmark (DK)","4848.29","4903.00"
"07/01/2025 04:00 - 07/01/2025 05:00","Denmark (DK)","4701.48","4783.00"
"07/01/2025 05:00 - 07/01/2025 06:00","Denmark (DK)","4746.59","4658.00"
"07/01/2025 06:00 - 07/01/2025 07:00","Denmark (DK)","5041.60","4723.00"
"07/01/2025 07:00 - 07/01/2025 08:00","Denmark (DK)","5534.20","5237.00"
"07/01/2025 08:00 - 07/01/2025 09:00","Denmark (DK)","5818.12","5675.00"
"07/01/2025 09:00 - 07/01/2025 10:00","Denmark (DK)","5851.88","5698.00"
"07/01/2025 10:00 - 07/01/2025 11:00","Denmark (DK)","5985.03","5792.00"
"07/01/2025 11:00 - 07/01/2025 12:00","Denmark (DK)","5921.21","5791.00"
"07/01/2025 12:00 - 07/01/2025 13:00","Denmark (DK)","5909.85","5754.00"
"07/01/2025 13:00 - 07/01/2025 14:00","Denmark (DK)","5852.31","5750.00"
"07/01/2025 14:00 - 07/01/2025 15:00","Denmark (DK)","5768.74","5713.00"
"07/01/2025 15:00 - 07/01/2025 16:00","Denmark (DK)","5655.10","5614.00"
"07/01/2025 16:00 - 07/01/2025 17:00","Denmark (DK)","5846.27","5778.00"
"07/01/2025 17:00 - 07/01/2025 18:00","Denmark (DK)","6146.00","6113.00"
"07/01/2025 18:00 - 07/01/2025 19:00","Denmark (DK)","5985.08","5976.00"
"07/01/2025 19:00 - 07/01/2025 20:00","Denmark (DK)","N/A","5830.00"
"07/01/2025 20:00 - 07/01/2025 21:00","Denmark (DK)","5366.12","5653.00"
"07/01/2025 21:00 - 07/01/2025 22:00","Denmark (DK)","5347.84","5526.00"
"07/01/2025 22:00 - 07/01/2025 23:00","Denmark (DK)","5151.17","5421.00"
"07/01/2025 23:00 - 08/01/2025 00:00","Denmark (DK)","4915.57","5353.00"
"08/01/2025 00:00 - 08/01/2025 01:00","Denmark (DK)","5211.00","5203.00"
"08/01/2025 01:00 - 08/01/2025 02:00","Denmark (DK)","5154.32","5159.00"
"08/01/2025 02:00 - 08/01/2025 03:00","Denmark (DK)","4926.98","5041.00"
"08/01/2025 03:00 - 08/01/2025 04:00","Denmark (DK)","4703.31","4739.00"
"08/01/2025 04:00 - 08/01/2025 05:00","Denmark (DK)","4560.21","4565.00"
"08/01/2025 05:00 - 08/01/2025 06:00","Denmark (DK)","4636.13","4640.00"
"08/01/2025 06:00 - 08/01/2025 07:00","Denmark (DK)","5044.79","4998.00"
"08/01/2025 07:00 - 08/01/2025 08:00","Denmark (DK)","5629.16","5580.00"
"08/01/2025 08:00 - 08/01/2025 09:00","Denmark (DK)","5836.76","5858.00"
"08/01/2025 09:00 - 08/01/2025 10:00","Denmark (DK)","5790.85","5867.00"
"08/01/2025 10:00 - 08/01/2025 11:00","Denmark (DK)","5676.65","5874.00"
"08/01/2025 11:00 - 08/01/2025 12:00","Denmark (DK)","5679.25","5811.00"
"08/01/2025 12:00 - 08/01/2025 13:00","Denmark (DK)","5693.86","5573.00"
"08/01/2025 13:00 - 08/01/2025 14:00","Denmark (DK)","5679.25","5613.00"
"08/01/2025 14:00 - 08/01/2025 15:00","Denmark (DK)","5547.08","5503.00"
"08/01/2025 15:00 - 08/01/2025 16:00","Denmark (DK)","5489.47","5515.00"
"08/01/2025 16:00 - 08/01/2025 17:00","Denmark (DK)","5596.36","5626.00"
"08/01/2025 17:00 - 08/01/2025 18:00","Denmark (DK)","5771.62","5799.00"
"08/01/2025 18:00 - 08/01/2025 19:00","Denmark (DK)","5666.74","5668.00"
"08/01/2025 19:00 - 08/01/2025 20:00","Denmark (DK)","5326.81","5570.00"
"08/01/2025 20:00 - 08/01/2025 21:00","Denmark (DK)","5045.65","5445.00"
"08/01/2025 21:00 - 08/01/2025 22:00","Denmark (DK)","4866.38","4846.00"
"08/01/2025 22:00 - 08/01/2025 23:00","Denmark (DK)","4625.72","4733.00"
"08/01/2025 23:00 - 09/01/2025 00:00","Denmark (DK)","4549.27","4996.00"
"09/01/2025 00:00 - 09/01/2025 01:00","Denmark (DK)","4569.23","4596.00"
"09/01/2025 01:00 - 09/01/2025 02:00","Denmark (DK)","4406.79","4479.00"
"09/01/2025 02:00 - 09/01/2025 03:00","Denmark (DK)","4264.97","4341.00"
"09/01/2025 03:00 - 09/01/2025 04:00","Denmark (DK)","4128.53","4226.00"
"09/01/2025 04:00 - 09/01/2025 05:00","Denmark (DK)","4027.12","4110.00"
"09/01/2025 05:00 - 09/01/2025 06:00","Denmark (DK)","4134.87","4195.00"
"09/01/2025 06:00 - 09/01/2025 07:00","Denmark (DK)","4684.55","4620.00"
"09/01/2025 07:00 - 09/01/2025 08:00","Denmark (DK)","5243.02","5123.00"
"09/01/2025 08:00 - 09/01/2025 09:00","Denmark (DK)","5485.68","5465.00"
"09/01/2025 09:00 - 09/01/2025 10:00","Denmark (DK)","5526.27","5492.00"
"09/01/2025 10:00 - 09/01/2025 11:00","Denmark (DK)","5561.10","5497.00"
"09/01/2025 11:00 - 09/01/2025 12:00","Denmark (DK)","5580.67","5553.00"
"09/01/2025 12:00 - 09/01/2025 13:00","Denmark (DK)","5474.98","5389.00"
"09/01/2025 13:00 - 09/01/2025 14:00","Denmark (DK)","5517.11","5468.00"
"09/01/2025 14:00 - 09/01/2025 15:00","Denmark (DK)","5422.47","5415.00"
"09/01/2025 15:00 - 09/01/2025 16:00","Denmark (DK)","5354.64","5382.00"
"09/01/2025 16:00 - 09/01/2025 17:00","Denmark (DK)","5539.65","5481.00"
"09/01/2025 17:00 - 09/01/2025 18:00","Denmark (DK)","5795.23","5758.00"
"09/01/2025 18:00 - 09/01/2025 19:00","Denmark (DK)","5589.68","5606.00"
"09/01/2025 19:00 - 09/01/2025 20:00","Denmark (DK)","5277.57","5407.00"
"09/01/2025 20:00 - 09/01/2025 21:00","Denmark (DK)","5032.32","5241.00"
"09/01/2025 21:00 - 09/01/2025 22:00","Denmark (DK)","4817.24","4935.00"
"09/01/2025 22:00 - 09/01/2025 23:00","Denmark (DK)","4596.47","4699.00"
"09/01/2025 23:00 - 10/01/2025 00:00","Denmark (DK)","4454.57","4741.00"
"10/01/2025 00:00 - 10/01/2025 01:00","Denmark (DK)","4518.24","4494.00"
"10/01/2025 01:00 - 10/01/2025 02:00","Denmark (DK)","4597.80","4556.00"
"10/01/2025 02:00 - 10/01/2025 03:00","Denmark (DK)","4586.53","4616.00"
"10/01/2025 03:00 - 10/01/2025 04:00","Denmark (DK)","4441.25","4578.00"
"10/01/2025 04:00 - 10/01/2025 05:00","Denmark (DK)","4345.84","4417.00"
"10/01/2025 05:00 - 10/01/2025 06:00","Denmark (DK)","4396.73","4362.00"
"10/01/2025 06:00 - 10/01/2025 07:00","Denmark (DK)","4868.78","4583.00"
"10/01/2025 07:00 - 10/01/2025 08:00","Denmark (DK)","5366.75","5112.00"
"10/01/2025 08:00 - 10/01/2025 09:00","Denmark (DK)","5625.50","5449.00"
"10/01/2025 09:00 - 10/01/2025 10:00","Denmark (DK)","5597.23","5505.00"
"10/01/2025 10:00 - 10/01/2025 11:00","Denmark (DK)","5639.53","5517.00"
"10/01/2025 11:00 - 10/01/2025 12:00","Denmark (DK)","5598.50","5547.00"
"10/01/2025 12:00 - 10/01/2025 13:00","Denmark (DK)","5560.48","5456.00"
"10/01/2025 13:00 - 10/01/2025 14:00","Denmark (DK)","5521.06","5417.00"
"10/01/2025 14:00 - 10/01/2025 15:00","Denmark (DK)","5429.68","5349.00"
"10/01/2025 15:00 - 10/01/2025 16:00","Denmark (DK)","5342.84","5319.00"
"10/01/2025 16:00 - 10/01/2025 17:00","Denmark (DK)","5489.73","5443.00"
"10/01/2025 17:00 - 10/01/2025 18:00","Denmark (DK)","5717.54","5709.00"
"10/01/2025 18:00 - 10/01/2025 19:00","Denmark (DK)","5589.92","5578.00"
"10/01/2025 19:00 - 10/01/2025 20:00","Denmark (DK)","5222.89","5331.00"
"10/01/2025 20:00 - 10/01/2025 21:00","Denmark (DK)","4920.85","5138.00"
"10/01/2025 21:00 - 10/01/2025 22:00","Denmark (DK)","4886.85","4907.00"
"10/01/2025 22:00 - 10/01/2025 23:00","Denmark (DK)","4690.06","4848.00"
"10/01/2025 23:00 - 11/01/2025 00:00","Denmark (DK)","4506.56","4654.00"
"11/01/2025 00:00 - 11/01/2025 01:00","Denmark (DK)","4576.04","4424.00"
"11/01/2025 01:00 - 11/01/2025 02:00","Denmark (DK)","4538.67","4457.00"
"11/01/2025 02:00 - 11/01/2025 03:00","Denmark (DK)","4633.15","4524.00"
"11/01/2025 03:00 - 11/01/2025 04:00","Denmark (DK)","4607.04","4518.00"
"11/01/2025 04:00 - 11/01/2025 05:00","Denmark (DK)","4579.73","4522.00"
"11/01/2025 05:00 - 11/01/2025 06:00","Denmark (DK)","4480.97","4507.00"
"11/01/2025 06:00 - 11/01/2025 07:00","Denmark (DK)","4437.06","4449.00"
"11/01/2025 07:00 - 11/01/2025 08:00","Denmark (DK)","4548.28","4570.00"
"11/01/2025 08:00 - 11/01/2025 09:00","Denmark (DK)","4823.03","4763.00"
"11/01/2025 09:00 - 11/01/2025 10:00","Denmark (DK)","5006.95","4967.00"
"11/01/2025 10:00 - 11/01/2025 11:00","Denmark (DK)","5127.26","5078.00"
"11/01/2025 11:00 - 11/01/2025 12:00","Denmark (DK)","5235.13","5163.00"
"11/01/2025 12:00 - 11/01/2025 13:00","Denmark (DK)","5364.79","5324.00"
"11/01/2025 13:00 - 11/01/2025 14:00","Denmark (DK)","5308.67","5296.00"
"11/01/2025 14:00 - 11/01/2025 15:00","Denmark (DK)","5123.74","5233.00"
"11/01/2025 15:00 - 11/01/2025 16:00","Denmark (DK)","5045.77","5116.00"
"11/01/2025 16:00 - 11/01/2025 17:00","Denmark (DK)","5186.40","5187.00"
"11/01/2025 17:00 - 11/01/2025 18:00","Denmark (DK)","5431.78","5431.00"
"11/01/2025 18:00 - 11/01/2025 19:00","Denmark (DK)","5370.13","5362.00"
"11/01/2025 19:00 - 11/01/2025 20:00","Denmark (DK)","4970.23","5020.00"
"11/01/2025 20:00 - 11/01/2025 21:00","Denmark (DK)","4799.24","4831.00"
"11/01/2025 21:00 - 11/01/2025 22:00","Denmark (DK)","4615.32","4619.00"
"11/01/2025 22:00 - 11/01/2025 23:00","Denmark (DK)","4443.53","4584.00"
"11/01/2025 23:00 - 12/01/2025 00:00","Denmark (DK)","4313.87","4520.00"
"12/01/2025 00:00 - 12/01/2025 01:00","Denmark (DK)","4659.06","4625.00"
"12/01/2025 01:00 - 12/01/2025 02:00","Denmark (DK)","4637.16","4611.00"
"12/01/2025 02:00 - 12/01/2025 03:00","Denmark (DK)","4491.14","4520.00"
"12/01/2025 03:00 - 12/01/2025 04:00","Denmark (DK)","4361.42","4419.00"
"12/01/2025 04:00 - 12/01/2025 05:00","Denmark (DK)","4177.11","4248.00"
"12/01/2025 05:00 - 12/01/2025 06:00","Denmark (DK)","4091.92","4142.00"
"12/01/2025 06:00 - 12/01/2025 07:00","Denmark (DK)","4136.66","4124.00"
"12/01/2025 07:00 - 12/01/2025 08:00","Denmark (DK)","4377.04","4342.00"
"12/01/2025 08:00 - 12/01/2025 09:00","Denmark (DK)","4573.09","4567.00"
"12/01/2025 09:00 - 12/01/2025 10:00","Denmark (DK)","4733.97","4696.00"
"12/01/2025 10:00 - 12/01/2025 11:00","Denmark (DK)","4874.09","4838.00"
"12/01/2025 11:00 - 12/01/2025 12:00","Denmark (DK)","4915.77","4916.00"
"12/01/2025 12:00 - 12/01/2025 13:00","Denmark (DK)","4899.51","4915.00"
"12/01/2025 13:00 - 12/01/2025 14:00","Denmark (DK)","4815.96","4824.00"
"12/01/2025 14:00 - 12/01/2025 15:00","Denmark (DK)","4745.90","4775.00"
"12/01/2025 15:00 - 12/01/2025 16:00","Denmark (DK)","4753.68","4755.00"
"12/01/2025 16:00 - 12/01/2025 17:00","Denmark (DK)","4994.15","4953.00"
"12/01/2025 17:00 - 12/01/2025 18:00","Denmark (DK)","5419.50","5359.00"
"12/01/2025 18:00 - 12/01/2025 19:00","Denmark (DK)","5312.48","5294.00"
"12/01/2025 19:00 - 12/01/2025 20:00","Denmark (DK)","5005.17","5057.00"
"12/01/2025 20:00 - 12/01/2025 21:00","Denmark (DK)","4752.61","4777.00"
"12/01/2025 21:00 - 12/01/2025 22:00","Denmark (DK)","4675.18","4657.00"
"12/01/2025 22:00 - 12/01/2025 23:00","Denmark (DK)","4495.18","4698.00"
"12/01/2025 23:00 - 13/01/2025 00:00","Denmark (DK)","4380.88","4773.00"
"13/01/2025 00:00 - 13/01/2025 01:00","Denmark (DK)","4453.03","4477.00"
"13/01/2025 01:00 - 13/01/2025 02:00","Denmark (DK)","4559.63","4570.00"
"13/01/2025 02:00 - 13/01/2025 03:00","Denmark (DK)","4568.55","4577.00"
"13/01/2025 03:00 - 13/01/2025 04:00","Denmark (DK)","4533.69","4554.00"
"13/01/2025 04:00 - 13/01/2025 05:00","Denmark (DK)","4580.24","4566.00"
"13/01/2025 05:00 - 13/01/2025 06:00","Denmark (DK)","4811.30","4726.00"
"13/01/2025 06:00 - 13/01/2025 07:00","Denmark (DK)","5187.54","5002.00"
"13/01/2025 07:00 - 13/01/2025 08:00","Denmark (DK)","5731.02","5501.00"
"13/01/2025 08:00 - 13/01/2025 09:00","Denmark (DK)","6015.88","5833.00"
"13/01/2025 09:00 - 13/01/2025 10:00","Denmark (DK)","5943.13","5922.00"
"13/01/2025 10:00 - 13/01/2025 11:00","Denmark (DK)","6040.41","5988.00"
"13/01/2025 11:00 - 13/01/2025 12:00","Denmark (DK)","6095.06","5968.00"
"13/01/2025 12:00 - 13/01/2025 13:00","Denmark (DK)","6065.88","5998.00"
"13/01/2025 13:00 - 13/01/2025 14:00","Denmark (DK)","6069.40","6022.00"
"13/01/2025 14:00 - 13/01/2025 15:00","Denmark (DK)","5949.81","5955.00"
"13/01/2025 15:00 - 13/01/2025 16:00","Denmark (DK)","5902.21","5808.00"
"13/01/2025 16:00 - 13/01/2025 17:00","Denmark (DK)","6059.19","6059.00"
"13/01/2025 17:00 - 13/01/2025 18:00","Denmark (DK)","6251.81","6285.00"
"13/01/2025 18:00 - 13/01/2025 19:00","Denmark (DK)","5886.16","5946.00"
"13/01/2025 19:00 - 13/01/2025 20:00","Denmark (DK)","5630.51","5681.00"
"13/01/2025 20:00 - 13/01/2025 21:00","Denmark (DK)","5376.19","5473.00"
"13/01/2025 21:00 - 13/01/2025 22:00","Denmark (DK)","5427.85","5410.00"
"13/01/2025 22:00 - 13/01/2025 23:00","Denmark (DK)","5287.55","5428.00"
"13/01/2025 23:00 - 14/01/2025 00:00","Denmark (DK)","5410.73","5334.00"
"14/01/2025 00:00 - 14/01/2025 01:00","Denmark (DK)","5416.59","5368.00"
"14/01/2025 01:00 - 14/01/2025 02:00","Denmark (DK)","5360.47","5346.00"
"14/01/2025 02:00 - 14/01/2025 03:00","Denmark (DK)","5215.90","5314.00"
"14/01/2025 03:00 - 14/01/2025 04:00","Denmark (DK)","4987.76","5124.00"
"14/01/2025 04:00 - 14/01/2025 05:00","Denmark (DK)","4905.65","4970.00"
"14/01/2025 05:00 - 14/01/2025 06:00","Denmark (DK)","4889.95","4846.00"
"14/01/2025 06:00 - 14/01/2025 07:00","Denmark (DK)","5255.22","4904.00"
"14/01/2025 07:00 - 14/01/2025 08:00","Denmark (DK)","5795.96","5418.00"
"14/01/2025 08:00 - 14/01/2025 09:00","Denmark (DK)","5947.42","5847.00"
"14/01/2025 09:00 - 14/01/2025 10:00","Denmark (DK)","5927.43","5848.00"
"14/01/2025 10:00 - 14/01/2025 11:00","Denmark (DK)","5979.51","5885.00"
"14/01/2025 11:00 - 14/01/2025 12:00","Denmark (DK)","5942.45","5865.00"
"14/01/2025 12:00 - 14/01/2025 13:00","Denmark (DK)","5914.60","5808.00"
"14/01/2025 13:00 - 14/01/2025 14:00","Denmark (DK)","5953.71","5861.00"
"14/01/2025 14:00 - 14/01/2025 15:00","Denmark (DK)","5845.12","5771.00"
"14/01/2025 15:00 - 14/01/2025 16:00","Denmark (DK)","5766.55","5739.00"
"14/01/2025 16:00 - 14/01/2025 17:00","Denmark (DK)","5668.50","5784.00"
"14/01/2025 17:00 - 14/01/2025 18:00","Denmark (DK)","5903.28","5959.00"
"14/01/2025 18:00 - 14/01/2025 19:00","Denmark (DK)","5696.40","5758.00"
"14/01/2025 19:00 - 14/01/2025 20:00","Denmark (DK)","5345.38","5622.00"
"14/01/2025 20:00 - 14/01/2025 21:00","Denmark (DK)","5114.67","5312.00"
"14/01/2025 21:00 - 14/01/2025 22:00","Denmark (DK)","5109.72","5307.00"
"14/01/2025 22:00 - 14/01/2025 23:00","Denmark (DK)","4964.67","5292.00"
"14/01/2025 23:00 - 15/01/2025 00:00","Denmark (DK)","4573.33","5219.00"
"15/01/2025 00:00 - 15/01/2025 01:00","Denmark (DK)","4543.46","4619.00"
"15/01/2025 01:00 - 15/01/2025 02:00","Denmark (DK)","4370.14","4486.00"
"15/01/2025 02:00 - 15/01/2025 03:00","Denmark (DK)","4208.77","4355.00"
"15/01/2025 03:00 - 15/01/2025 04:00","Denmark (DK)","4015.22","4198.00"
"15/01/2025 04:00 - 15/01/2025 05:00","Denmark (DK)","3986.43","4075.00"
"15/01/2025 05:00 - 15/01/2025 06:00","Denmark (DK)","4068.14","3948.00"
"15/01/2025 06:00 - 15/01/2025 07:00","Denmark (DK)","4533.50","4288.00"
"15/01/2025 07:00 - 15/01/2025 08:00","Denmark (DK)","5076.05","4864.00"
"15/01/2025 08:00 - 15/01/2025 09:00","Denmark (DK)","5278.03","5207.00"
"15/01/2025 09:00 - 15/01/2025 10:00","Denmark (DK)","5281.55","5213.00"
"15/01/2025 10:00 - 15/01/2025 11:00","Denmark (DK)","5434.26","5251.00"
"15/01/2025 11:00 - 15/01/2025 12:00","Denmark (DK)","5300.85","5280.00"
"15/01/2025 12:00 - 15/01/2025 13:00","Denmark (DK)","5133.33","5161.00"
"15/01/2025 13:00 - 15/01/2025 14:00","Denmark (DK)","5099.06","5188.00"
"15/01/2025 14:00 - 15/01/2025 15:00","Denmark (DK)","5000.00","5004.00"
"15/01/2025 15:00 - 15/01/2025 16:00","Denmark (DK)","4946.05","4953.00"
"15/01/2025 16:00 - 15/01/2025 17:00","Denmark (DK)","5156.06","5077.00"
"15/01/2025 17:00 - 15/01/2025 18:00","Denmark (DK)","5488.80","5440.00"
"15/01/2025 18:00 - 15/01/2025 19:00","Denmark (DK)","5310.59","5341.00"
"15/01/2025 19:00 - 15/01/2025 20:00","Denmark (DK)","4992.95","5147.00"
"15/01/2025 20:00 - 15/01/2025 21:00","Denmark (DK)","4754.92","4938.00"
"15/01/2025 21:00 - 15/01/2025 22:00","Denmark (DK)","4742.85","4809.00"
"15/01/2025 22:00 - 15/01/2025 23:00","Denmark (DK)","4531.90","4730.00"
"15/01/2025 23:00 - 16/01/2025 00:00","Denmark (DK)","4343.53","4653.00"
"16/01/2025 00:00 - 16/01/2025 01:00","Denmark (DK)","4277.73","4322.00"
"16/01/2025 01:00 - 16/01/2025 02:00","Denmark (DK)","4229.29","4256.00"
"16/01/2025 02:00 - 16/01/2025 03:00","Denmark (DK)","4224.89","4246.00"
"16/01/2025 03:00 - 16/01/2025 04:00","Denmark (DK)","4383.18","4313.00"
"16/01/2025 04:00 - 16/01/2025 05:00","Denmark (DK)","4219.76","4266.00"
"16/01/2025 05:00 - 16/01/2025 06:00","Denmark (DK)","4205.11","4185.00"
"16/01/2025 06:00 - 16/01/2025 07:00","Denmark (DK)","4591.70","4369.00"
"16/01/2025 07:00 - 16/01/2025 08:00","Denmark (DK)","5098.43","4892.00"
"16/01/2025 08:00 - 16/01/2025 09:00","Denmark (DK)","5347.06","5264.00"
"16/01/2025 09:00 - 16/01/2025 10:00","Denmark (DK)","5277.84","5260.00"
"16/01/2025 10:00 - 16/01/2025 11:00","Denmark (DK)","5440.03","5261.00"
"16/01/2025 11:00 - 16/01/2025 12:00","Denmark (DK)","5410.53","5310.00"
"16/01/2025 12:00 - 16/01/2025 13:00","Denmark (DK)","5391.58","5315.00"
"16/01/2025 13:00 - 16/01/2025 14:00","Denmark (DK)","5515.76","5444.00"
"16/01/2025 14:00 - 16/01/2025 15:00","Denmark (DK)","5469.95","5380.00"
"16/01/2025 15:00 - 16/01/2025 16:00","Denmark (DK)","5273.42","5362.00"
"16/01/2025 16:00 - 16/01/2025 17:00","Denmark (DK)","5340.65","5393.00"
"16/01/2025 17:00 - 16/01/2025 18:00","Denmark (DK)","5586.03","5646.00"
"16/01/2025 18:00 - 16/01/2025 19:00","Denmark (DK)","5320.19","5358.00"
"16/01/2025 19:00 - 16/01/2025 20:00","Denmark (DK)","4996.71","5125.00"
"16/01/2025 20:00 - 16/01/2025 21:00","Denmark (DK)","4755.20","4971.00"
"16/01/2025 21:00 - 16/01/2025 22:00","Denmark (DK)","4591.60","4771.00"
"16/01/2025 22:00 - 16/01/2025 23:00","Denmark (DK)","4393.00","4633.00"
"16/01/2025 23:00 - 17/01/2025 00:00","Denmark (DK)","4363.56","4591.00"
"17/01/2025 00:00 - 17/01/2025 01:00","Denmark (DK)","4811.54","4602.00"
"17/01/2025 01:00 - 17/01/2025 02:00","Denmark (DK)","4529.70","4635.00"
"17/01/2025 02:00 - 17/01/2025 03:00","Denmark (DK)","4341.64","4428.00"
"17/01/2025 03:00 - 17/01/2025 04:00","Denmark (DK)","4288.17","4318.00"
"17/01/2025 04:00 - 17/01/2025 05:00","Denmark (DK)","4045.77","4175.00"
"17/01/2025 05:00 - 17/01/2025 06:00","Denmark (DK)","4106.10","4057.00"
"17/01/2025 06:00 - 17/01/2025 07:00","Denmark (DK)","4595.10","4414.00"
"17/01/2025 07:00 - 17/01/2025 08:00","Denmark (DK)","5092.82","4969.00"
"17/01/2025 08:00 - 17/01/2025 09:00","Denmark (DK)","5315.33","5264.00"
"17/01/2025 09:00 - 17/01/2025 10:00","Denmark (DK)","5226.13","5228.00"
"17/01/2025 10:00 - 17/01/2025 11:00","Denmark (DK)","5502.99","5268.00"
"17/01/2025 11:00 - 17/01/2025 12:00","Denmark (DK)","5521.15","5210.00"
"17/01/2025 12:00 - 17/01/2025 13:00","Denmark (DK)","5382.25","5326.00"
"17/01/2025 13:00 - 17/01/2025 14:00","Denmark (DK)","5511.14","5306.00"
"17/01/2025 14:00 - 17/01/2025 15:00","Denmark (DK)","5330.85","5238.00"
"17/01/2025 15:00 - 17/01/2025 16:00","Denmark (DK)","5049.42","5114.00"
"17/01/2025 16:00 - 17/01/2025 17:00","Denmark (DK)","5276.73","5169.00"
"17/01/2025 17:00 - 17/01/2025 18:00","Denmark (DK)","5446.70","5412.00"
"17/01/2025 18:00 - 17/01/2025 19:00","Denmark (DK)","5199.38","5218.00"
"17/01/2025 19:00 - 17/01/2025 20:00","Denmark (DK)","4682.56","4988.00"
"17/01/2025 20:00 - 17/01/2025 21:00","Denmark (DK)","4520.18","4723.00"
"17/01/2025 21:00 - 17/01/2025 22:00","Denmark (DK)","4343.29","4444.00"
"17/01/2025 22:00 - 17/01/2025 23:00","Denmark (DK)","4177.83","4216.00"
"17/01/2025 23:00 - 18/01/2025 00:00","Denmark (DK)","4139.28","4039.00"
"18/01/2025 00:00 - 18/01/2025 01:00","Denmark (DK)","4097.17","4038.00"
"18/01/2025 01:00 - 18/01/2025 02:00","Denmark (DK)","4099.58","4021.00"
"18/01/2025 02:00 - 18/01/2025 03:00","Denmark (DK)","3956.96","3959.00"
"18/01/2025 03:00 - 18/01/2025 04:00","Denmark (DK)","3870.60","3859.00"
"18/01/2025 04:00 - 18/01/2025 05:00","Denmark (DK)","3701.96","3780.00"
"18/01/2025 05:00 - 18/01/2025 06:00","Denmark (DK)","3719.19","3705.00"
"18/01/2025 06:00 - 18/01/2025 07:00","Denmark (DK)","3780.84","3797.00"
"18/01/2025 07:00 - 18/01/2025 08:00","Denmark (DK)","3964.89","3993.00"
"18/01/2025 08:00 - 18/01/2025 09:00","Denmark (DK)","4247.46","4212.00"
"18/01/2025 09:00 - 18/01/2025 10:00","Denmark (DK)","4510.93","4397.00"
"18/01/2025 10:00 - 18/01/2025 11:00","Denmark (DK)","4627.97","4542.00"
"18/01/2025 11:00 - 18/01/2025 12:00","Denmark (DK)","4668.16","4623.00"
"18/01/2025 12:00 - 18/01/2025 13:00","Denmark (DK)","4656.02","4608.00"
"18/01/2025 13:00 - 18/01/2025 14:00","Denmark (DK)","4616.64","4590.00"
"18/01/2025 14:00 - 18/01/2025 15:00","Denmark (DK)","4412.08","4548.00"
"18/01/2025 15:00 - 18/01/2025 16:00","Denmark (DK)","4479.67","4496.00"
"18/01/2025 16:00 - 18/01/2025 17:00","Denmark (DK)","4653.78","4643.00"
"18/01/2025 17:00 - 18/01/2025 18:00","Denmark (DK)","4901.04","4921.00"
"18/01/2025 18:00 - 18/01/2025 19:00","Denmark (DK)","4823.62","4819.00"
"18/01/2025 19:00 - 18/01/2025 20:00","Denmark (DK)","4492.17","4533.00"
"18/01/2025 20:00 - 18/01/2025 21:00","Denmark (DK)","4315.16","4312.00"
"18/01/2025 21:00 - 18/01/2025 22:00","Denmark (DK)","4206.20","4179.00"
"18/01/2025 22:00 - 18/01/2025 23:00","Denmark (DK)","4015.40","4160.00"
"18/01/2025 23:00 - 19/01/2025 00:00","Denmark (DK)","3939.38","4081.00"
"19/01/2025 00:00 - 19/01/2025 01:00","Denmark (DK)","3938.96","3880.00"
"19/01/2025 01:00 - 19/01/2025 02:00","Denmark (DK)","3913.89","3864.00"
"19/01/2025 02:00 - 19/01/2025 03:00","Denmark (DK)","3869.17","3848.00"
"19/01/2025 03:00 - 19/01/2025 04:00","Denmark (DK)","3807.08","3833.00"
"19/01/2025 04:00 - 19/01/2025 05:00","Denmark (DK)","3770.22","3771.00"
"19/01/2025 05:00 - 19/01/2025 06:00","Denmark (DK)","3692.31","3749.00"
"19/01/2025 06:00 - 19/01/2025 07:00","Denmark (DK)","3827.08","3808.00"
"19/01/2025 07:00 - 19/01/2025 08:00","Denmark (DK)","3979.95","3967.00"
"19/01/2025 08:00 - 19/01/2025 09:00","Denmark (DK)","4273.86","4227.00"
"19/01/2025 09:00 - 19/01/2025 10:00","Denmark (DK)","4505.94","4442.00"
"19/01/2025 10:00 - 19/01/2025 11:00","Denmark (DK)","4684.94","4648.00"
"19/01/2025 11:00 - 19/01/2025 12:00","Denmark (DK)","4769.28","4766.00"
"19/01/2025 12:00 - 19/01/2025 13:00","Denmark (DK)","4818.53","4829.00"
"19/01/2025 13:00 - 19/01/2025 14:00","Denmark (DK)","4801.35","4804.00"
"19/01/2025 14:00 - 19/01/2025 15:00","Denmark (DK)","4710.83","4752.00"
"19/01/2025 15:00 - 19/01/2025 16:00","Denmark (DK)","4701.66","4688.00"
"19/01/2025 16:00 - 19/01/2025 17:00","Denmark (DK)","4878.06","4833.00"
"19/01/2025 17:00 - 19/01/2025 18:00","Denmark (DK)","5285.90","5179.00"
"19/01/2025 18:00 - 19/01/2025 19:00","Denmark (DK)","5145.39","5160.00"
"19/01/2025 19:00 - 19/01/2025 20:00","Denmark (DK)","4883.06","4897.00"
"19/01/2025 20:00 - 19/01/2025 21:00","Denmark (DK)","4679.52","4714.00"
"19/01/2025 21:00 - 19/01/2025 22:00","Denmark (DK)","4540.21","4592.00"
"19/01/2025 22:00 - 19/01/2025 23:00","Denmark (DK)","4404.12","4533.00"
"19/01/2025 23:00 - 20/01/2025 00:00","Denmark (DK)","4228.03","4550.00"
"20/01/2025 00:00 - 20/01/2025 01:00","Denmark (DK)","4374.01","4325.00"
"20/01/2025 01:00 - 20/01/2025 02:00","Denmark (DK)","4443.91","4450.00"
"20/01/2025 02:00 - 20/01/2025 03:00","Denmark (DK)","4390.24","4485.00"
"20/01/2025 03:00 - 20/01/2025 04:00","Denmark (DK)","4298.24","4426.00"
"20/01/2025 04:00 - 20/01/2025 05:00","Denmark (DK)","4135.93","4241.00"
"20/01/2025 05:00 - 20/01/2025 06:00","Denmark (DK)","4228.15","4220.00"
"20/01/2025 06:00 - 20/01/2025 07:00","Denmark (DK)","4785.47","4604.00"
"20/01/2025 07:00 - 20/01/2025 08:00","Denmark (DK)","5290.10","5132.00"
"20/01/2025 08:00 - 20/01/2025 09:00","Denmark (DK)","5526.51","5426.00"
"20/01/2025 09:00 - 20/01/2025 10:00","Denmark (DK)","5479.00","5509.00"
"20/01/2025 10:00 - 20/01/2025 11:00","Denmark (DK)","5437.52","5446.00"
"20/01/2025 11:00 - 20/01/2025 12:00","Denmark (DK)","5390.48","5373.00"
"20/01/2025 12:00 - 20/01/2025 13:00","Denmark (DK)","5321.31","5327.00"
"20/01/2025 13:00 - 20/01/2025 14:00","Denmark (DK)","5234.56","5300.00"
"20/01/2025 14:00 - 20/01/2025 15:00","Denmark (DK)","5218.61","5191.00"
"20/01/2025 15:00 - 20/01/2025 16:00","Denmark (DK)","5148.63","5130.00"
"20/01/2025 16:00 - 20/01/2025 17:00","Denmark (DK)","5306.70","5254.00"
"20/01/2025 17:00 - 20/01/2025 18:00","Denmark (DK)","5581.23","5549.00"
"20/01/2025 18:00 - 20/01/2025 19:00","Denmark (DK)","5336.83","5355.00"
"20/01/2025 19:00 - 20/01/2025 20:00","Denmark (DK)","5080.63","5114.00"
"20/01/2025 20:00 - 20/01/2025 21:00","Denmark (DK)","4819.66","4890.00"
"20/01/2025 21:00 - 20/01/2025 22:00","Denmark (DK)","4643.17","4733.00"
"20/01/2025 22:00 - 20/01/2025 23:00","Denmark (DK)","4415.43","4556.00"
"20/01/2025 23:00 - 21/01/2025 00:00","Denmark (DK)","4235.19","4488.00"
"21/01/2025 00:00 - 21/01/2025 01:00","Denmark (DK)","4263.44","4242.00"
"21/01/2025 01:00 - 21/01/2025 02:00","Denmark (DK)","4261.87","4243.00"
"21/01/2025 02:00 - 21/01/2025 03:00","Denmark (DK)","4216.33","4245.00"
"21/01/2025 03:00 - 21/01/2025 04:00","Denmark (DK)","4183.45","4242.00"
"21/01/2025 04:00 - 21/01/2025 05:00","Denmark (DK)","4120.21","4162.00"
"21/01/2025 05:00 - 21/01/2025 06:00","Denmark (DK)","4254.83","4118.00"
"21/01/2025 06:00 - 21/01/2025 07:00","Denmark (DK)","4692.39","4483.00"
"21/01/2025 07:00 - 21/01/2025 08:00","Denmark (DK)","5258.54","5081.00"
"21/01/2025 08:00 - 21/01/2025 09:00","Denmark (DK)","5530.93","5393.00"
"21/01/2025 09:00 - 21/01/2025 10:00","Denmark (DK)","5536.82","5460.00"
"21/01/2025 10:00 - 21/01/2025 11:00","Denmark (DK)","5574.38","5521.00"
"21/01/2025 11:00 - 21/01/2025 12:00","Denmark (DK)","5536.84","5489.00"
"21/01/2025 12:00 - 21/01/2025 13:00","Denmark (DK)","5564.21","5491.00"
"21/01/2025 13:00 - 21/01/2025 14:00","Denmark (DK)","5510.41","5454.00"
"21/01/2025 14:00 - 21/01/2025 15:00","Denmark (DK)","5444.32","5422.00"
"21/01/2025 15:00 - 21/01/2025 16:00","Denmark (DK)","5372.57","5405.00"
"21/01/2025 16:00 - 21/01/2025 17:00","Denmark (DK)","5458.34","5458.00"
"21/01/2025 17:00 - 21/01/2025 18:00","Denmark (DK)","5739.19","5647.00"
"21/01/2025 18:00 - 21/01/2025 19:00","Denmark (DK)","5574.85","5543.00"
"21/01/2025 19:00 - 21/01/2025 20:00","Denmark (DK)","5177.61","5265.00"
"21/01/2025 20:00 - 21/01/2025 21:00","Denmark (DK)","4916.73","4990.00"
"21/01/2025 21:00 - 21/01/2025 22:00","Denmark (DK)","4751.76","4866.00"
"21/01/2025 22:00 - 21/01/2025 23:00","Denmark (DK)","4566.78","4810.00"
"21/01/2025 23:00 - 22/01/2025 00:00","Denmark (DK)","4354.14","4762.00"
"22/01/2025 00:00 - 22/01/2025 01:00","Denmark (DK)","4537.42","4456.00"
"22/01/2025 01:00 - 22/01/2025 02:00","Denmark (DK)","4554.96","4536.00"
"22/01/2025 02:00 - 22/01/2025 03:00","Denmark (DK)","4398.67","4468.00"
"22/01/2025 03:00 - 22/01/2025 04:00","Denmark (DK)","4327.15","4419.00"
"22/01/2025 04:00 - 22/01/2025 05:00","Denmark (DK)","4167.47","4261.00"
"22/01/2025 05:00 - 22/01/2025 06:00","Denmark (DK)","4147.54","4131.00"
"22/01/2025 06:00 - 22/01/2025 07:00","Denmark (DK)","4647.70","4555.00"
"22/01/2025 07:00 - 22/01/2025 08:00","Denmark (DK)","5237.26","5170.00"
"22/01/2025 08:00 - 22/01/2025 09:00","Denmark (DK)","5467.26","5439.00"
"22/01/2025 09:00 - 22/01/2025 10:00","Denmark (DK)","5518.12","5464.00"
"22/01/2025 10:00 - 22/01/2025 11:00","Denmark (DK)","5604.15","5556.00"
"22/01/2025 11:00 - 22/01/2025 12:00","Denmark (DK)","5564.50","5527.00"
"22/01/2025 12:00 - 22/01/2025 13:00","Denmark (DK)","5457.82","5502.00"
"22/01/2025 13:00 - 22/01/2025 14:00","Denmark (DK)","5448.27","5412.00"
"22/01/2025 14:00 - 22/01/2025 15:00","Denmark (DK)","5388.00","5312.00"
"22/01/2025 15:00 - 22/01/2025 16:00","Denmark (DK)","5296.33","5208.00"
"22/01/2025 16:00 - 22/01/2025 17:00","Denmark (DK)","5425.99","5306.00"
"22/01/2025 17:00 - 22/01/2025 18:00","Denmark (DK)","5731.07","5658.00"
"22/01/2025 18:00 - 22/01/2025 19:00","Denmark (DK)","5576.21","5546.00"
"22/01/2025 19:00 - 22/01/2025 20:00","Denmark (DK)","5213.40","5292.00"
"22/01/2025 20:00 - 22/01/2025 21:00","Denmark (DK)","4946.12","5187.00"
"22/01/2025 21:00 - 22/01/2025 22:00","Denmark (DK)","4825.50","4991.00"
"22/01/2025 22:00 - 22/01/2025 23:00","Denmark (DK)","4564.70","4977.00"
"22/01/2025 23:00 - 23/01/2025 00:00","Denmark (DK)","4427.58","4905.00"
"23/01/2025 00:00 - 23/01/2025 01:00","Denmark (DK)","4439.21","4425.00"
"23/01/2025 01:00 - 23/01/2025 02:00","Denmark (DK)","4440.55","4416.00"
"23/01/2025 02:00 - 23/01/2025 03:00","Denmark (DK)","4405.27","4408.00"
"23/01/2025 03:00 - 23/01/2025 04:00","Denmark (DK)","4379.90","4384.00"
"23/01/2025 04:00 - 23/01/2025 05:00","Denmark (DK)","4312.19","4328.00"
"23/01/2025 05:00 - 23/01/2025 06:00","Denmark (DK)","4282.51","4263.00"
"23/01/2025 06:00 - 23/01/2025 07:00","Denmark (DK)","4750.03","4518.00"
"23/01/2025 07:00 - 23/01/2025 08:00","Denmark (DK)","5305.42","5151.00"
"23/01/2025 08:00 - 23/01/2025 09:00","Denmark (DK)","5595.53","5498.00"
"23/01/2025 09:00 - 23/01/2025 10:00","Denmark (DK)","5641.34","5555.00"
"23/01/2025 10:00 - 23/01/2025 11:00","Denmark (DK)","5702.74","5613.00"
"23/01/2025 11:00 - 23/01/2025 12:00","Denmark (DK)","5706.15","5617.00"
"23/01/2025 12:00 - 23/01/2025 13:00","Denmark (DK)","5701.01","5597.00"
"23/01/2025 13:00 - 23/01/2025 14:00","Denmark (DK)","5708.60","5664.00"
"23/01/2025 14:00 - 23/01/2025 15:00","Denmark (DK)","5652.13","5588.00"
"23/01/2025 15:00 - 23/01/2025 16:00","Denmark (DK)","5534.50","5520.00"
"23/01/2025 16:00 - 23/01/2025 17:00","Denmark (DK)","5600.12","5613.00"
"23/01/2025 17:00 - 23/01/2025 18:00","Denmark (DK)","5758.59","5805.00"
"23/01/2025 18:00 - 23/01/2025 19:00","Denmark (DK)","5545.87","5610.00"
"23/01/2025 19:00 - 23/01/2025 20:00","Denmark (DK)","5191.71","5255.00"
"23/01/2025 20:00 - 23/01/2025 21:00","Denmark (DK)","4993.38","5029.00"
"23/01/2025 21:00 - 23/01/2025 22:00","Denmark (DK)","4834.50","4908.00"
"23/01/2025 22:00 - 23/01/2025 23:00","Denmark (DK)","4694.52","4762.00"
"23/01/2025 23:00 - 24/01/2025 00:00","Denmark (DK)","4563.50","4688.00"
"24/01/2025 00:00 - 24/01/2025 01:00","Denmark (DK)","4868.00","4788.00"
"24/01/2025 01:00 - 24/01/2025 02:00","Denmark (DK)","4781.24","4791.00"
"24/01/2025 02:00 - 24/01/2025 03:00","Denmark (DK)","4680.90","4688.00"
"24/01/2025 03:00 - 24/01/2025 04:00","Denmark (DK)","4656.64","4680.00"
"24/01/2025 04:00 - 24/01/2025 05:00","Denmark (DK)","4589.10","4652.00"
"24/01/2025 05:00 - 24/01/2025 06:00","Denmark (DK)","4682.98","4604.00"
"24/01/2025 06:00 - 24/01/2025 07:00","Denmark (DK)","4941.90","4866.00"
"24/01/2025 07:00 - 24/01/2025 08:00","Denmark (DK)","5404.55","5409.00"
"24/01/2025 08:00 - 24/01/2025 09:00","Denmark (DK)","5565.31","5623.00"
"24/01/2025 09:00 - 24/01/2025 10:00","Denmark (DK)","5687.95","5728.00"
"24/01/2025 10:00 - 24/01/2025 11:00","Denmark (DK)","5826.10","5870.00"
"24/01/2025 11:00 - 24/01/2025 12:00","Denmark (DK)","5829.25","5884.00"
"24/01/2025 12:00 - 24/01/2025 13:00","Denmark (DK)","5732.65","5844.00"
"24/01/2025 13:00 - 24/01/2025 14:00","Denmark (DK)","5716.60","5627.00"
"24/01/2025 14:00 - 24/01/2025 15:00","Denmark (DK)","5816.63","5726.00"
"24/01/2025 15:00 - 24/01/2025 16:00","Denmark (DK)","5752.02","5737.00"
"24/01/2025 16:00 - 24/01/2025 17:00","Denmark (DK)","5812.01","5814.00"
"24/01/2025 17:00 - 24/01/2025 18:00","Denmark (DK)","5930.87","5961.00"
"24/01/2025 18:00 - 24/01/2025 19:00","Denmark (DK)","5763.88","5769.00"
"24/01/2025 19:00 - 24/01/2025 20:00","Denmark (DK)","5381.86","5475.00"
"24/01/2025 20:00 - 24/01/2025 21:00","Denmark (DK)","5138.90","5174.00"
"24/01/2025 21:00 - 24/01/2025 22:00","Denmark (DK)","5086.19","5090.00"
"24/01/2025 22:00 - 24/01/2025 23:00","Denmark (DK)","4925.81","4788.00"
"24/01/2025 23:00 - 25/01/2025 00:00","Denmark (DK)","4858.84","4513.00"
"25/01/2025 00:00 - 25/01/2025 01:00","Denmark (DK)","5190.74","4075.00"
"25/01/2025 01:00 - 25/01/2025 02:00","Denmark (DK)","4915.49","3870.00"
"25/01/2025 02:00 - 25/01/2025 03:00","Denmark (DK)","4630.66","3656.00"
"25/01/2025 03:00 - 25/01/2025 04:00","Denmark (DK)","4337.96","3997.00"
"25/01/2025 04:00 - 25/01/2025 05:00","Denmark (DK)","4221.84","4235.00"
"25/01/2025 05:00 - 25/01/2025 06:00","Denmark (DK)","4222.41","4287.00"
"25/01/2025 06:00 - 25/01/2025 07:00","Denmark (DK)","4198.83","4237.00"
"25/01/2025 07:00 - 25/01/2025 08:00","Denmark (DK)","4400.40","4456.00"
"25/01/2025 08:00 - 25/01/2025 09:00","Denmark (DK)","4646.47","4666.00"
"25/01/2025 09:00 - 25/01/2025 10:00","Denmark (DK)","4837.49","4772.00"
"25/01/2025 10:00 - 25/01/2025 11:00","Denmark (DK)","4925.16","4910.00"
"25/01/2025 11:00 - 25/01/2025 12:00","Denmark (DK)","4894.58","4899.00"
"25/01/2025 12:00 - 25/01/2025 13:00","Denmark (DK)","4861.14","4854.00"
"25/01/2025 13:00 - 25/01/2025 14:00","Denmark (DK)","4860.68","4879.00"
"25/01/2025 14:00 - 25/01/2025 15:00","Denmark (DK)","4828.17","4795.00"
"25/01/2025 15:00 - 25/01/2025 16:00","Denmark (DK)","4697.06","4738.00"
"25/01/2025 16:00 - 25/01/2025 17:00","Denmark (DK)","4730.39","4788.00"
"25/01/2025 17:00 - 25/01/2025 18:00","Denmark (DK)","5088.11","5065.00"
"25/01/2025 18:00 - 25/01/2025 19:00","Denmark (DK)","5002.05","5053.00"
"25/01/2025 19:00 - 25/01/2025 20:00","Denmark (DK)","4795.20","4778.00"
"25/01/2025 20:00 - 25/01/2025 21:00","Denmark (DK)","4691.48","4609.00"
"25/01/2025 21:00 - 25/01/2025 22:00","Denmark (DK)","4409.52","4426.00"
"25/01/2025 22:00 - 25/01/2025 23:00","Denmark (DK)","4237.64","4334.00"
"25/01/2025 23:00 - 26/01/2025 00:00","Denmark (DK)","4002.25","4258.00"
"26/01/2025 00:00 - 26/01/2025 01:00","Denmark (DK)","3994.74","3973.00"
"26/01/2025 01:00 - 26/01/2025 02:00","Denmark (DK)","3919.52","3908.00"
"26/01/2025 02:00 - 26/01/2025 03:00","Denmark (DK)","3855.36","3838.00"
"26/01/2025 03:00 - 26/01/2025 04:00","Denmark (DK)","3777.14","3797.00"
"26/01/2025 04:00 - 26/01/2025 05:00","Denmark (DK)","3733.14","3749.00"
"26/01/2025 05:00 - 26/01/2025 06:00","Denmark (DK)","3712.00","3738.00"
"26/01/2025 06:00 - 26/01/2025 07:00","Denmark (DK)","3762.62","3791.00"
"26/01/2025 07:00 - 26/01/2025 08:00","Denmark (DK)","3987.39","3959.00"
"26/01/2025 08:00 - 26/01/2025 09:00","Denmark (DK)","4251.30","4232.00"
"26/01/2025 09:00 - 26/01/2025 10:00","Denmark (DK)","4514.00","4450.00"
"26/01/2025 10:00 - 26/01/2025 11:00","Denmark (DK)","4649.58","4622.00"
"26/01/2025 11:00 - 26/01/2025 12:00","Denmark (DK)","4692.03","4694.00"
"26/01/2025 12:00 - 26/01/2025 13:00","Denmark (DK)","4702.20","4702.00"
"26/01/2025 13:00 - 26/01/2025 14:00","Denmark (DK)","4684.44","4718.00"
"26/01/2025 14:00 - 26/01/2025 15:00","Denmark (DK)","4666.33","4614.00"
"26/01/2025 15:00 - 26/01/2025 16:00","Denmark (DK)","4633.44","4634.00"
"26/01/2025 16:00 - 26/01/2025 17:00","Denmark (DK)","4710.72","4773.00"
"26/01/2025 17:00 - 26/01/2025 18:00","Denmark (DK)","5111.82","5103.00"
"26/01/2025 18:00 - 26/01/2025 19:00","Denmark (DK)","5024.46","5027.00"
"26/01/2025 19:00 - 26/01/2025 20:00","Denmark (DK)","4788.49","4784.00"
"26/01/2025 20:00 - 26/01/2025 21:00","Denmark (DK)","4653.56","4608.00"
"26/01/2025 21:00 - 26/01/2025 22:00","Denmark (DK)","4649.26","4580.00"
"26/01/2025 22:00 - 26/01/2025 23:00","Denmark (DK)","4469.33","4594.00"
"26/01/2025 23:00 - 27/01/2025 00:00","Denmark (DK)","4395.40","4572.00"
"27/01/2025 00:00 - 27/01/2025 01:00","Denmark (DK)","4547.77","4480.00"
"27/01/2025 01:00 - 27/01/2025 02:00","Denmark (DK)","4584.31","4568.00"
"27/01/2025 02:00 - 27/01/2025 03:00","Denmark (DK)","4698.19","4630.00"
"27/01/2025 03:00 - 27/01/2025 04:00","Denmark (DK)","4827.55","4781.00"
"27/01/2025 04:00 - 27/01/2025 05:00","Denmark (DK)","4807.15","4832.00"
"27/01/2025 05:00 - 27/01/2025 06:00","Denmark (DK)","4768.83","4787.00"
"27/01/2025 06:00 - 27/01/2025 07:00","Denmark (DK)","5048.49","5032.00"
"27/01/2025 07:00 - 27/01/2025 08:00","Denmark (DK)","5547.46","5434.00"
"27/01/2025 08:00 - 27/01/2025 09:00","Denmark (DK)","5784.79","5736.00"
"27/01/2025 09:00 - 27/01/2025 10:00","Denmark (DK)","5799.78","5803.00"
"27/01/2025 10:00 - 27/01/2025 11:00","Denmark (DK)","5940.62","5818.00"
"27/01/2025 11:00 - 27/01/2025 12:00","Denmark (DK)","6003.00","5888.00"
"27/01/2025 12:00 - 27/01/2025 13:00","Denmark (DK)","5976.27","5861.00"
"27/01/2025 13:00 - 27/01/2025 14:00","Denmark (DK)","5870.71","5880.00"
"27/01/2025 14:00 - 27/01/2025 15:00","Denmark (DK)","5739.45","5785.00"
"27/01/2025 15:00 - 27/01/2025 16:00","Denmark (DK)","5559.67","5613.00"
"27/01/2025 16:00 - 27/01/2025 17:00","Denmark (DK)","5532.64","5629.00"
"27/01/2025 17:00 - 27/01/2025 18:00","Denmark (DK)","5824.78","5858.00"
"27/01/2025 18:00 - 27/01/2025 19:00","Denmark (DK)","5618.12","5650.00"
"27/01/2025 19:00 - 27/01/2025 20:00","Denmark (DK)","5312.62","5384.00"
"27/01/2025 20:00 - 27/01/2025 21:00","Denmark (DK)","5072.01","5173.00"
"27/01/2025 21:00 - 27/01/2025 22:00","Denmark (DK)","4814.54","4944.00"
"27/01/2025 22:00 - 27/01/2025 23:00","Denmark (DK)","4651.21","4686.00"
"27/01/2025 23:00 - 28/01/2025 00:00","Denmark (DK)","4545.35","4590.00"
"28/01/2025 00:00 - 28/01/2025 01:00","Denmark (DK)","4579.72","4572.00"
"28/01/2025 01:00 - 28/01/2025 02:00","Denmark (DK)","4689.98","4624.00"
"28/01/2025 02:00 - 28/01/2025 03:00","Denmark (DK)","4529.30","4667.00"
"28/01/2025 03:00 - 28/01/2025 04:00","Denmark (DK)","4330.85","4490.00"
"28/01/2025 04:00 - 28/01/2025 05:00","Denmark (DK)","4139.72","4274.00"
"28/01/2025 05:00 - 28/01/2025 06:00","Denmark (DK)","4302.47","4248.00"
"28/01/2025 06:00 - 28/01/2025 07:00","Denmark (DK)","4731.90","4521.00"
"28/01/2025 07:00 - 28/01/2025 08:00","Denmark (DK)","5175.57","4993.00"
"28/01/2025 08:00 - 28/01/2025 09:00","Denmark (DK)","5398.65","5304.00"
"28/01/2025 09:00 - 28/01/2025 10:00","Denmark (DK)","5330.19","5310.00"
"28/01/2025 10:00 - 28/01/2025 11:00","Denmark (DK)","5315.33","5316.00"
"28/01/2025 11:00 - 28/01/2025 12:00","Denmark (DK)","5192.56","5205.00"
"28/01/2025 12:00 - 28/01/2025 13:00","Denmark (DK)","5126.68","5160.00"
"28/01/2025 13:00 - 28/01/2025 14:00","Denmark (DK)","5072.09","5173.00"
"28/01/2025 14:00 - 28/01/2025 15:00","Denmark (DK)","4979.08","5027.00"
"28/01/2025 15:00 - 28/01/2025 16:00","Denmark (DK)","4931.03","4895.00"
"28/01/2025 16:00 - 28/01/2025 17:00","Denmark (DK)","5049.91","5077.00"
"28/01/2025 17:00 - 28/01/2025 18:00","Denmark (DK)","5420.81","5382.00"
"28/01/2025 18:00 - 28/01/2025 19:00","Denmark (DK)","5278.52","5303.00"
"28/01/2025 19:00 - 28/01/2025 20:00","Denmark (DK)","4914.29","5132.00"
"28/01/2025 20:00 - 28/01/2025 21:00","Denmark (DK)","4752.21","5003.00"
"28/01/2025 21:00 - 28/01/2025 22:00","Denmark (DK)","4607.35","4764.00"
"28/01/2025 22:00 - 28/01/2025 23:00","Denmark (DK)","4548.98","4657.00"
"28/01/2025 23:00 - 29/01/2025 00:00","Denmark (DK)","4426.28","4620.00"
"29/01/2025 00:00 - 29/01/2025 01:00","Denmark (DK)","4262.47","4319.00"
"29/01/2025 01:00 - 29/01/2025 02:00","Denmark (DK)","4283.62","4249.00"
"29/01/2025 02:00 - 29/01/2025 03:00","Denmark (DK)","4239.51","4236.00"
"29/01/2025 03:00 - 29/01/2025 04:00","Denmark (DK)","4212.88","4191.00"
"29/01/2025 04:00 - 29/01/2025 05:00","Denmark (DK)","4085.79","4184.00"
"29/01/2025 05:00 - 29/01/2025 06:00","Denmark (DK)","4215.45","4158.00"
"29/01/2025 06:00 - 29/01/2025 07:00","Denmark (DK)","4662.00","4496.00"
"29/01/2025 07:00 - 29/01/2025 08:00","Denmark (DK)","5076.10","5011.00"
"29/01/2025 08:00 - 29/01/2025 09:00","Denmark (DK)","5272.23","5213.00"
"29/01/2025 09:00 - 29/01/2025 10:00","Denmark (DK)","5323.14","5284.00"
"29/01/2025 10:00 - 29/01/2025 11:00","Denmark (DK)","5461.48","5412.00"
"29/01/2025 11:00 - 29/01/2025 12:00","Denmark (DK)","5419.51","5407.00"
"29/01/2025 12:00 - 29/01/2025 13:00","Denmark (DK)","5401.51","5307.00"
"29/01/2025 13:00 - 29/01/2025 14:00","Denmark (DK)","5417.54","5340.00"
"29/01/2025 14:00 - 29/01/2025 15:00","Denmark (DK)","5276.52","5234.00"
"29/01/2025 15:00 - 29/01/2025 16:00","Denmark (DK)","5163.90","5175.00"
"29/01/2025 16:00 - 29/01/2025 17:00","Denmark (DK)","5209.54","5229.00"
"29/01/2025 17:00 - 29/01/2025 18:00","Denmark (DK)","5446.40","5543.00"
"29/01/2025 18:00 - 29/01/2025 19:00","Denmark (DK)","5236.27","5289.00"
"29/01/2025 19:00 - 29/01/2025 20:00","Denmark (DK)","5009.89","5074.00"
"29/01/2025 20:00 - 29/01/2025 21:00","Denmark (DK)","4747.05","4896.00"
"29/01/2025 21:00 - 29/01/2025 22:00","Denmark (DK)","4569.86","4738.00"
"29/01/2025 22:00 - 29/01/2025 23:00","Denmark (DK)","4323.26","4560.00"
"29/01/2025 23:00 - 30/01/2025 00:00","Denmark (DK)","4235.81","4500.00"
"30/01/2025 00:00 - 30/01/2025 01:00","Denmark (DK)","4408.08","4275.00"
"30/01/2025 01:00 - 30/01/2025 02:00","Denmark (DK)","4347.95","4287.00"
"30/01/2025 02:00 - 30/01/2025 03:00","Denmark (DK)","4251.60","4285.00"
"30/01/2025 03:00 - 30/01/2025 04:00","Denmark (DK)","4208.59","4216.00"
"30/01/2025 04:00 - 30/01/2025 05:00","Denmark (DK)","4074.01","4170.00"
"30/01/2025 05:00 - 30/01/2025 06:00","Denmark (DK)","4096.51","4135.00"
"30/01/2025 06:00 - 30/01/2025 07:00","Denmark (DK)","4539.73","4559.00"
"30/01/2025 07:00 - 30/01/2025 08:00","Denmark (DK)","4995.66","5006.00"
"30/01/2025 08:00 - 30/01/2025 09:00","Denmark (DK)","5270.26","5271.00"
"30/01/2025 09:00 - 30/01/2025 10:00","Denmark (DK)","5365.57","5329.00"
"30/01/2025 10:00 - 30/01/2025 11:00","Denmark (DK)","5511.34","5512.00"
"30/01/2025 11:00 - 30/01/2025 12:00","Denmark (DK)","5541.57","5531.00"
"30/01/2025 12:00 - 30/01/2025 13:00","Denmark (DK)","5492.25","5465.00"
"30/01/2025 13:00 - 30/01/2025 14:00","Denmark (DK)","5338.05","5330.00"
"30/01/2025 14:00 - 30/01/2025 15:00","Denmark (DK)","5277.09","5249.00"
"30/01/2025 15:00 - 30/01/2025 16:00","Denmark (DK)","5213.94","5166.00"
"30/01/2025 16:00 - 30/01/2025 17:00","Denmark (DK)","5171.43","5213.00"
"30/01/2025 17:00 - 30/01/2025 18:00","Denmark (DK)","5447.63","5457.00"
"30/01/2025 18:00 - 30/01/2025 19:00","Denmark (DK)","5282.92","5256.00"
"30/01/2025 19:00 - 30/01/2025 20:00","Denmark (DK)","4974.56","5048.00"
"30/01/2025 20:00 - 30/01/2025 21:00","Denmark (DK)","4784.84","4844.00"
"30/01/2025 21:00 - 30/01/2025 22:00","Denmark (DK)","4581.61","4658.00"
"30/01/2025 22:00 - 30/01/2025 23:00","Denmark (DK)","4354.24","4596.00"
"30/01/2025 23:00 - 31/01/2025 00:00","Denmark (DK)","4329.48","4544.00"
"31/01/2025 00:00 - 31/01/2025 01:00","Denmark (DK)","4393.51","4294.00"
"31/01/2025 01:00 - 31/01/2025 02:00","Denmark (DK)","4441.10","4320.00"
"31/01/2025 02:00 - 31/01/2025 03:00","Denmark (DK)","4320.47","4319.00"
"31/01/2025 03:00 - 31/01/2025 04:00","Denmark (DK)","4319.93","4355.00"
"31/01/2025 04:00 - 31/01/2025 05:00","Denmark (DK)","4280.43","4345.00"
"31/01/2025 05:00 - 31/01/2025 06:00","Denmark (DK)","4366.94","4290.00"
"31/01/2025 06:00 - 31/01/2025 07:00","Denmark (DK)","4693.31","4585.00"
"31/01/2025 07:00 - 31/01/2025 08:00","Denmark (DK)","5223.28","5080.00"
"31/01/2025 08:00 - 31/01/2025 09:00","Denmark (DK)","5488.72","5379.00"
"31/01/2025 09:00 - 31/01/2025 10:00","Denmark (DK)","5514.06","5449.00"
"31/01/2025 10:00 - 31/01/2025 11:00","Denmark (DK)","5518.34","5424.00"
"31/01/2025 11:00 - 31/01/2025 12:00","Denmark (DK)","5483.07","5404.00"
"31/01/2025 12:00 - 31/01/2025 13:00","Denmark (DK)","5379.77","5370.00"
"31/01/2025 13:00 - 31/01/2025 14:00","Denmark (DK)","5223.48","5219.00"
"31/01/2025 14:00 - 31/01/2025 15:00","Denmark (DK)","5066.13","5092.00"
"31/01/2025 15:00 - 31/01/2025 16:00","Denmark (DK)","4980.58","4983.00"
"31/01/2025 16:00 - 31/01/2025 17:00","Denmark (DK)","5015.23","5034.00"
"31/01/2025 17:00 - 31/01/2025 18:00","Denmark (DK)","5364.73","5363.00"
"31/01/2025 18:00 - 31/01/2025 19:00","Denmark (DK)","5201.42","5220.00"
"31/01/2025 19:00 - 31/01/2025 20:00","Denmark (DK)","4886.75","4935.00"
"31/01/2025 20:00 - 31/01/2025 21:00","Denmark (DK)","4588.07","4680.00"
"31/01/2025 21:00 - 31/01/2025 22:00","Denmark (DK)","4385.47","4472.00"
"31/01/2025 22:00 - 31/01/2025 23:00","Denmark (DK)","4204.38","4436.00"
"31/01/2025 23:00 - 01/02/2025 00:00","Denmark (DK)","4099.52","4328.00"
"01/02/2025 00:00 - 01/02/2025 01:00","Denmark (DK)","4107.79","4006.00"
"01/02/2025 01:00 - 01/02/2025 02:00","Denmark (DK)","4111.97","4013.00"
"01/02/2025 02:00 - 01/02/2025 03:00","Denmark (DK)","4059.19","3998.00"
"01/02/2025 03:00 - 01/02/2025 04:00","Denmark (DK)","4040.44","3951.00"
"01/02/2025 04:00 - 01/02/2025 05:00","Denmark (DK)","3923.76","3934.00"
"01/02/2025 05:00 - 01/02/2025 06:00","Denmark (DK)","3890.12","3919.00"
"01/02/2025 06:00 - 01/02/2025 07:00","Denmark (DK)","3845.25","3933.00"
"01/02/2025 07:00 - 01/02/2025 08:00","Denmark (DK)","4056.42","4079.00"
"01/02/2025 08:00 - 01/02/2025 09:00","Denmark (DK)","4324.12","4287.00"
"01/02/2025 09:00 - 01/02/2025 10:00","Denmark (DK)","4475.85","4393.00"
"01/02/2025 10:00 - 01/02/2025 11:00","Denmark (DK)","4647.29","4550.00"
"01/02/2025 11:00 - 01/02/2025 12:00","Denmark (DK)","4713.81","4629.00"
"01/02/2025 12:00 - 01/02/2025 13:00","Denmark (DK)","4714.46","4676.00"
"01/02/2025 13:00 - 01/02/2025 14:00","Denmark (DK)","4711.74","4713.00"
"01/02/2025 14:00 - 01/02/2025 15:00","Denmark (DK)","4664.25","4650.00"
"01/02/2025 15:00 - 01/02/2025 16:00","Denmark (DK)","4661.33","4625.00"
"01/02/2025 16:00 - 01/02/2025 17:00","Denmark (DK)","4648.39","4672.00"
"01/02/2025 17:00 - 01/02/2025 18:00","Denmark (DK)","5000.39","4948.00"
"01/02/2025 18:00 - 01/02/2025 19:00","Denmark (DK)","4924.18","4918.00"
"01/02/2025 19:00 - 01/02/2025 20:00","Denmark (DK)","4651.00","4708.00"
"01/02/2025 20:00 - 01/02/2025 21:00","Denmark (DK)","4420.53","4452.00"
"01/02/2025 21:00 - 01/02/2025 22:00","Denmark (DK)","4291.45","4268.00"
"01/02/2025 22:00 - 01/02/2025 23:00","Denmark (DK)","4065.85","4143.00"
"01/02/2025 23:00 - 02/02/2025 00:00","Denmark (DK)","3987.49","4104.00"
"02/02/2025 00:00 - 02/02/2025 01:00","Denmark (DK)","4057.42","4034.00"
"02/02/2025 01:00 - 02/02/2025 02:00","Denmark (DK)","4076.92","4064.00"
"02/02/2025 02:00 - 02/02/2025 03:00","Denmark (DK)","4088.54","4069.00"
"02/02/2025 03:00 - 02/02/2025 04:00","Denmark (DK)","4036.23","4091.00"
"02/02/2025 04:00 - 02/02/2025 05:00","Denmark (DK)","3901.65","3986.00"
"02/02/2025 05:00 - 02/02/2025 06:00","Denmark (DK)","3769.83","3933.00"
"02/02/2025 06:00 - 02/02/2025 07:00","Denmark (DK)","3834.36","3806.00"
"02/02/2025 07:00 - 02/02/2025 08:00","Denmark (DK)","4006.67","3942.00"
"02/02/2025 08:00 - 02/02/2025 09:00","Denmark (DK)","4263.98","4216.00"
"02/02/2025 09:00 - 02/02/2025 10:00","Denmark (DK)","4502.79","4442.00"
"02/02/2025 10:00 - 02/02/2025 11:00","Denmark (DK)","4738.29","4615.00"
"02/02/2025 11:00 - 02/02/2025 12:00","Denmark (DK)","4806.07","4805.00"
"02/02/2025 12:00 - 02/02/2025 13:00","Denmark (DK)","4828.80","4802.00"
"02/02/2025 13:00 - 02/02/2025 14:00","Denmark (DK)","4886.75","4887.00"
"02/02/2025 14:00 - 02/02/2025 15:00","Denmark (DK)","4777.12","4820.00"
"02/02/2025 15:00 - 02/02/2025 16:00","Denmark (DK)","4716.56","4668.00"
"02/02/2025 16:00 - 02/02/2025 17:00","Denmark (DK)","4945.76","4802.00"
"02/02/2025 17:00 - 02/02/2025 18:00","Denmark (DK)","5276.44","5221.00"
"02/02/2025 18:00 - 02/02/2025 19:00","Denmark (DK)","4896.07","5029.00"
"02/02/2025 19:00 - 02/02/2025 20:00","Denmark (DK)","4684.31","4747.00"
"02/02/2025 20:00 - 02/02/2025 21:00","Denmark (DK)","4603.49","4521.00"
"02/02/2025 21:00 - 02/02/2025 22:00","Denmark (DK)","4421.14","4398.00"
"02/02/2025 22:00 - 02/02/2025 23:00","Denmark (DK)","4235.31","4232.00"
"02/02/2025 23:00 - 03/02/2025 00:00","Denmark (DK)","4142.38","4251.00"
"03/02/2025 00:00 - 03/02/2025 01:00","Denmark (DK)","4238.16","4247.00"
"03/02/2025 01:00 - 03/02/2025 02:00","Denmark (DK)","4196.28","4284.00"
"03/02/2025 02:00 - 03/02/2025 03:00","Denmark (DK)","4234.47","4314.00"
"03/02/2025 03:00 - 03/02/2025 04:00","Denmark (DK)","4236.88","4289.00"
"03/02/2025 04:00 - 03/02/2025 05:00","Denmark (DK)","4222.26","4299.00"
"03/02/2025 05:00 - 03/02/2025 06:00","Denmark (DK)","4297.42","4259.00"
"03/02/2025 06:00 - 03/02/2025 07:00","Denmark (DK)","4707.55","4668.00"
"03/02/2025 07:00 - 03/02/2025 08:00","Denmark (DK)","5256.34","5226.00"
"03/02/2025 08:00 - 03/02/2025 09:00","Denmark (DK)","5485.16","5455.00"
"03/02/2025 09:00 - 03/02/2025 10:00","Denmark (DK)","5536.01","5501.00"
"03/02/2025 10:00 - 03/02/2025 11:00","Denmark (DK)","5645.29","5564.00"
"03/02/2025 11:00 - 03/02/2025 12:00","Denmark (DK)","5678.63","5593.00"
"03/02/2025 12:00 - 03/02/2025 13:00","Denmark (DK)","5559.75","5551.00"
"03/02/2025 13:00 - 03/02/2025 14:00","Denmark (DK)","5469.23","5509.00"
"03/02/2025 14:00 - 03/02/2025 15:00","Denmark (DK)","5409.57","5401.00"
"03/02/2025 15:00 - 03/02/2025 16:00","Denmark (DK)","5343.81","5321.00"
"03/02/2025 16:00 - 03/02/2025 17:00","Denmark (DK)","5385.06","5393.00"
"03/02/2025 17:00 - 03/02/2025 18:00","Denmark (DK)","5753.73","5761.00"
"03/02/2025 18:00 - 03/02/2025 19:00","Denmark (DK)","5599.73","5595.00"
"03/02/2025 19:00 - 03/02/2025 20:00","Denmark (DK)","5301.46","5304.00"
"03/02/2025 20:00 - 03/02/2025 21:00","Denmark (DK)","5021.38","5099.00"
"03/02/2025 21:00 - 03/02/2025 22:00","Denmark (DK)","4868.47","4894.00"
"03/02/2025 22:00 - 03/02/2025 23:00","Denmark (DK)","4682.96","4730.00"
"03/02/2025 23:00 - 04/02/2025 00:00","Denmark (DK)","4529.84","4603.00"
"04/02/2025 00:00 - 04/02/2025 01:00","Denmark (DK)","4423.30","4411.00"
"04/02/2025 01:00 - 04/02/2025 02:00","Denmark (DK)","4448.36","4405.00"
"04/02/2025 02:00 - 04/02/2025 03:00","Denmark (DK)","4490.89","4477.00"
"04/02/2025 03:00 - 04/02/2025 04:00","Denmark (DK)","4429.48","4403.00"
"04/02/2025 04:00 - 04/02/2025 05:00","Denmark (DK)","4409.81","4419.00"
"04/02/2025 05:00 - 04/02/2025 06:00","Denmark (DK)","4493.81","4469.00"
"04/02/2025 06:00 - 04/02/2025 07:00","Denmark (DK)","4853.28","4769.00"
"04/02/2025 07:00 - 04/02/2025 08:00","Denmark (DK)","5390.49","5328.00"
"04/02/2025 08:00 - 04/02/2025 09:00","Denmark (DK)","5541.09","5457.00"
"04/02/2025 09:00 - 04/02/2025 10:00","Denmark (DK)","5583.90","5568.00"
"04/02/2025 10:00 - 04/02/2025 11:00","Denmark (DK)","5591.93","5575.00"
"04/02/2025 11:00 - 04/02/2025 12:00","Denmark (DK)","5579.88","5420.00"
"04/02/2025 12:00 - 04/02/2025 13:00","Denmark (DK)","5573.89","5450.00"
"04/02/2025 13:00 - 04/02/2025 14:00","Denmark (DK)","5568.72","5494.00"
"04/02/2025 14:00 - 04/02/2025 15:00","Denmark (DK)","5495.50","5436.00"
"04/02/2025 15:00 - 04/02/2025 16:00","Denmark (DK)","5421.84","5365.00"
"04/02/2025 16:00 - 04/02/2025 17:00","Denmark (DK)","5514.98","5486.00"
"04/02/2025 17:00 - 04/02/2025 18:00","Denmark (DK)","5814.32","5822.00"
"04/02/2025 18:00 - 04/02/2025 19:00","Denmark (DK)","5729.26","5686.00"
"04/02/2025 19:00 - 04/02/2025 20:00","Denmark (DK)","5387.24","5506.00"
"04/02/2025 20:00 - 04/02/2025 21:00","Denmark (DK)","5149.70","5315.00"
"04/02/2025 21:00 - 04/02/2025 22:00","Denmark (DK)","4989.37","5124.00"
"04/02/2025 22:00 - 04/02/2025 23:00","Denmark (DK)","4905.84","5173.00"
"04/02/2025 23:00 - 05/02/2025 00:00","Denmark (DK)","4831.18","5038.00"
"05/02/2025 00:00 - 05/02/2025 01:00","Denmark (DK)","5081.70","5004.00"
"05/02/2025 01:00 - 05/02/2025 02:00","Denmark (DK)","5066.11","4988.00"
"05/02/2025 02:00 - 05/02/2025 03:00","Denmark (DK)","4904.11","4933.00"
"05/02/2025 03:00 - 05/02/2025 04:00","Denmark (DK)","4701.46","4749.00"
"05/02/2025 04:00 - 05/02/2025 05:00","Denmark (DK)","4375.06","4398.00"
"05/02/2025 05:00 - 05/02/2025 06:00","Denmark (DK)","4350.48","4274.00"
"05/02/2025 06:00 - 05/02/2025 07:00","Denmark (DK)","4839.83","4617.00"
"05/02/2025 07:00 - 05/02/2025 08:00","Denmark (DK)","5470.62","5256.00"
"05/02/2025 08:00 - 05/02/2025 09:00","Denmark (DK)","5466.68","5498.00"
"05/02/2025 09:00 - 05/02/2025 10:00","Denmark (DK)","5423.24","5444.00"
"05/02/2025 10:00 - 05/02/2025 11:00","Denmark (DK)","5453.39","5431.00"
"05/02/2025 11:00 - 05/02/2025 12:00","Denmark (DK)","5587.84","5477.00"
"05/02/2025 12:00 - 05/02/2025 13:00","Denmark (DK)","5334.89","5402.00"
"05/02/2025 13:00 - 05/02/2025 14:00","Denmark (DK)","5341.69","5323.00"
"05/02/2025 14:00 - 05/02/2025 15:00","Denmark (DK)","5226.61","5214.00"
"05/02/2025 15:00 - 05/02/2025 16:00","Denmark (DK)","5060.06","5062.00"
"05/02/2025 16:00 - 05/02/2025 17:00","Denmark (DK)","5066.38","5119.00"
"05/02/2025 17:00 - 05/02/2025 18:00","Denmark (DK)","5376.31","5393.00"
"05/02/2025 18:00 - 05/02/2025 19:00","Denmark (DK)","5328.37","5301.00"
"05/02/2025 19:00 - 05/02/2025 20:00","Denmark (DK)","5023.84","5092.00"
"05/02/2025 20:00 - 05/02/2025 21:00","Denmark (DK)","4767.26","4872.00"
"05/02/2025 21:00 - 05/02/2025 22:00","Denmark (DK)","4579.44","4725.00"
"05/02/2025 22:00 - 05/02/2025 23:00","Denmark (DK)","4464.27","4402.00"
"05/02/2025 23:00 - 06/02/2025 00:00","Denmark (DK)","4418.18","4428.00"
"06/02/2025 00:00 - 06/02/2025 01:00","Denmark (DK)","4485.74","4406.00"
"06/02/2025 01:00 - 06/02/2025 02:00","Denmark (DK)","4384.79","4360.00"
"06/02/2025 02:00 - 06/02/2025 03:00","Denmark (DK)","4202.50","4236.00"
"06/02/2025 03:00 - 06/02/2025 04:00","Denmark (DK)","4090.92","4123.00"
"06/02/2025 04:00 - 06/02/2025 05:00","Denmark (DK)","4032.67","4091.00"
"06/02/2025 05:00 - 06/02/2025 06:00","Denmark (DK)","4194.56","4113.00"
"06/02/2025 06:00 - 06/02/2025 07:00","Denmark (DK)","4839.93","4595.00"
"06/02/2025 07:00 - 06/02/2025 08:00","Denmark (DK)","5349.76","5210.00"
"06/02/2025 08:00 - 06/02/2025 09:00","Denmark (DK)","5512.83","5455.00"
"06/02/2025 09:00 - 06/02/2025 10:00","Denmark (DK)","5471.75","5406.00"
"06/02/2025 10:00 - 06/02/2025 11:00","Denmark (DK)","5472.55","5413.00"
"06/02/2025 11:00 - 06/02/2025 12:00","Denmark (DK)","5435.38","5417.00"
"06/02/2025 12:00 - 06/02/2025 13:00","Denmark (DK)","5294.29","5305.00"
"06/02/2025 13:00 - 06/02/2025 14:00","Denmark (DK)","5224.55","5277.00"
"06/02/2025 14:00 - 06/02/2025 15:00","Denmark (DK)","5095.16","5111.00"
"06/02/2025 15:00 - 06/02/2025 16:00","Denmark (DK)","5026.01","5021.00"
"06/02/2025 16:00 - 06/02/2025 17:00","Denmark (DK)","5101.85","5141.00"
"06/02/2025 17:00 - 06/02/2025 18:00","Denmark (DK)","5478.17","5489.00"
"06/02/2025 18:00 - 06/02/2025 19:00","Denmark (DK)","5451.62","5397.00"
"06/02/2025 19:00 - 06/02/2025 20:00","Denmark (DK)","5169.69","5133.00"
"06/02/2025 20:00 - 06/02/2025 21:00","Denmark (DK)","4938.05","5050.00"
"06/02/2025 21:00 - 06/02/2025 22:00","Denmark (DK)","4777.11","4837.00"
"06/02/2025 22:00 - 06/02/2025 23:00","Denmark (DK)","4576.74","4679.00"
"06/02/2025 23:00 - 07/02/2025 00:00","Denmark (DK)","4414.29","4584.00"
"07/02/2025 00:00 - 07/02/2025 01:00","Denmark (DK)","4544.91","4462.00"
"07/02/2025 01:00 - 07/02/2025 02:00","Denmark (DK)","4550.48","4517.00"
"07/02/2025 02:00 - 07/02/2025 03:00","Denmark (DK)","4497.38","4543.00"
"07/02/2025 03:00 - 07/02/2025 04:00","Denmark (DK)","4444.07","4555.00"
"07/02/2025 04:00 - 07/02/2025 05:00","Denmark (DK)","4482.83","4664.00"
"07/02/2025 05:00 - 07/02/2025 06:00","Denmark (DK)","4540.12","4637.00"
"07/02/2025 06:00 - 07/02/2025 07:00","Denmark (DK)","4788.17","4788.00"
"07/02/2025 07:00 - 07/02/2025 08:00","Denmark (DK)","5294.99","5260.00"
"07/02/2025 08:00 - 07/02/2025 09:00","Denmark (DK)","5596.94","5472.00"
"07/02/2025 09:00 - 07/02/2025 10:00","Denmark (DK)","5618.45","5564.00"
"07/02/2025 10:00 - 07/02/2025 11:00","Denmark (DK)","5716.19","5665.00"
"07/02/2025 11:00 - 07/02/2025 12:00","Denmark (DK)","5617.36","5566.00"
"07/02/2025 12:00 - 07/02/2025 13:00","Denmark (DK)","5585.35","5444.00"
"07/02/2025 13:00 - 07/02/2025 14:00","Denmark (DK)","5655.72","5587.00"
"07/02/2025 14:00 - 07/02/2025 15:00","Denmark (DK)","5449.37","5375.00"
"07/02/2025 15:00 - 07/02/2025 16:00","Denmark (DK)","5350.15","5273.00"
"07/02/2025 16:00 - 07/02/2025 17:00","Denmark (DK)","5388.30","5349.00"
"07/02/2025 17:00 - 07/02/2025 18:00","Denmark (DK)","5639.03","5637.00"
"07/02/2025 18:00 - 07/02/2025 19:00","Denmark (DK)","5492.67","5531.00"
"07/02/2025 19:00 - 07/02/2025 20:00","Denmark (DK)","5232.38","5376.00"
"07/02/2025 20:00 - 07/02/2025 21:00","Denmark (DK)","4981.69","5260.00"
"07/02/2025 21:00 - 07/02/2025 22:00","Denmark (DK)","4749.77","4925.00"
"07/02/2025 22:00 - 07/02/2025 23:00","Denmark (DK)","4638.20","4690.00"
"07/02/2025 23:00 - 08/02/2025 00:00","Denmark (DK)","4552.22","4582.00"
"08/02/2025 00:00 - 08/02/2025 01:00","Denmark (DK)","4852.66","4577.00"
"08/02/2025 01:00 - 08/02/2025 02:00","Denmark (DK)","4830.63","4661.00"
"08/02/2025 02:00 - 08/02/2025 03:00","Denmark (DK)","4694.67","4595.00"
"08/02/2025 03:00 - 08/02/2025 04:00","Denmark (DK)","4505.97","4467.00"
"08/02/2025 04:00 - 08/02/2025 05:00","Denmark (DK)","4354.62","4362.00"
"08/02/2025 05:00 - 08/02/2025 06:00","Denmark (DK)","4204.20","4286.00"
"08/02/2025 06:00 - 08/02/2025 07:00","Denmark (DK)","4298.64","4303.00"
"08/02/2025 07:00 - 08/02/2025 08:00","Denmark (DK)","4472.37","4440.00"
"08/02/2025 08:00 - 08/02/2025 09:00","Denmark (DK)","4667.46","4655.00"
"08/02/2025 09:00 - 08/02/2025 10:00","Denmark (DK)","4852.92","4807.00"
"08/02/2025 10:00 - 08/02/2025 11:00","Denmark (DK)","5126.83","4973.00"
"08/02/2025 11:00 - 08/02/2025 12:00","Denmark (DK)","5281.59","5097.00"
"08/02/2025 12:00 - 08/02/2025 13:00","Denmark (DK)","5294.37","5217.00"
"08/02/2025 13:00 - 08/02/2025 14:00","Denmark (DK)","5167.88","5152.00"
"08/02/2025 14:00 - 08/02/2025 15:00","Denmark (DK)","5084.44","5066.00"
"08/02/2025 15:00 - 08/02/2025 16:00","Denmark (DK)","4969.20","4953.00"
"08/02/2025 16:00 - 08/02/2025 17:00","Denmark (DK)","5001.95","5010.00"
"08/02/2025 17:00 - 08/02/2025 18:00","Denmark (DK)","5269.39","5280.00"
"08/02/2025 18:00 - 08/02/2025 19:00","Denmark (DK)","5227.12","5301.00"
"08/02/2025 19:00 - 08/02/2025 20:00","Denmark (DK)","4892.03","4980.00"
"08/02/2025 20:00 - 08/02/2025 21:00","Denmark (DK)","4717.86","4692.00"
"08/02/2025 21:00 - 08/02/2025 22:00","Denmark (DK)","4513.15","4618.00"
"08/02/2025 22:00 - 08/02/2025 23:00","Denmark (DK)","4246.85","4426.00"
"08/02/2025 23:00 - 09/02/2025 00:00","Denmark (DK)","4084.93","4313.00"
"09/02/2025 00:00 - 09/02/2025 01:00","Denmark (DK)","4061.15","4032.00"
"09/02/2025 01:00 - 09/02/2025 02:00","Denmark (DK)","3993.26","4017.00"
"09/02/2025 02:00 - 09/02/2025 03:00","Denmark (DK)","3978.97","3990.00"
"09/02/2025 03:00 - 09/02/2025 04:00","Denmark (DK)","3872.56","3934.00"
"09/02/2025 04:00 - 09/02/2025 05:00","Denmark (DK)","3828.54","3888.00"
"09/02/2025 05:00 - 09/02/2025 06:00","Denmark (DK)","3810.42","3847.00"
"09/02/2025 06:00 - 09/02/2025 07:00","Denmark (DK)","3886.39","3867.00"
"09/02/2025 07:00 - 09/02/2025 08:00","Denmark (DK)","4100.32","4075.00"
"09/02/2025 08:00 - 09/02/2025 09:00","Denmark (DK)","4318.75","4316.00"
"09/02/2025 09:00 - 09/02/2025 10:00","Denmark (DK)","4503.29","4472.00"
"09/02/2025 10:00 - 09/02/2025 11:00","Denmark (DK)","4700.98","4623.00"
"09/02/2025 11:00 - 09/02/2025 12:00","Denmark (DK)","4812.25","4738.00"
"09/02/2025 12:00 - 09/02/2025 13:00","Denmark (DK)","4913.66","4861.00"
"09/02/2025 13:00 - 09/02/2025 14:00","Denmark (DK)","4881.01","4831.00"
"09/02/2025 14:00 - 09/02/2025 15:00","Denmark (DK)","4853.62","4768.00"
"09/02/2025 15:00 - 09/02/2025 16:00","Denmark (DK)","4812.81","4806.00"
"09/02/2025 16:00 - 09/02/2025 17:00","Denmark (DK)","4957.27","4913.00"
"09/02/2025 17:00 - 09/02/2025 18:00","Denmark (DK)","5384.90","5322.00"
"09/02/2025 18:00 - 09/02/2025 19:00","Denmark (DK)","5314.63","5327.00"
"09/02/2025 19:00 - 09/02/2025 20:00","Denmark (DK)","5007.58","5010.00"
"09/02/2025 20:00 - 09/02/2025 21:00","Denmark (DK)","4838.74","4791.00"
"09/02/2025 21:00 - 09/02/2025 22:00","Denmark (DK)","4718.28","4667.00"
"09/02/2025 22:00 - 09/02/2025 23:00","Denmark (DK)","4582.62","4526.00"
"09/02/2025 23:00 - 10/02/2025 00:00","Denmark (DK)","4473.34","4421.00"
"10/02/2025 00:00 - 10/02/2025 01:00","Denmark (DK)","4531.81","4432.00"
"10/02/2025 01:00 - 10/02/2025 02:00","Denmark (DK)","4616.20","4500.00"
"10/02/2025 02:00 - 10/02/2025 03:00","Denmark (DK)","4685.28","4606.00"
"10/02/2025 03:00 - 10/02/2025 04:00","Denmark (DK)","4523.94","4596.00"
"10/02/2025 04:00 - 10/02/2025 05:00","Denmark (DK)","4410.48","4482.00"
"10/02/2025 05:00 - 10/02/2025 06:00","Denmark (DK)","4470.31","4494.00"
"10/02/2025 06:00 - 10/02/2025 07:00","Denmark (DK)","4872.25","4725.00"
"10/02/2025 07:00 - 10/02/2025 08:00","Denmark (DK)","5274.96","5132.00"
"10/02/2025 08:00 - 10/02/2025 09:00","Denmark (DK)","5538.66","5456.00"
"10/02/2025 09:00 - 10/02/2025 10:00","Denmark (DK)","5627.54","5533.00"
"10/02/2025 10:00 - 10/02/2025 11:00","Denmark (DK)","5826.74","5666.00"
"10/02/2025 11:00 - 10/02/2025 12:00","Denmark (DK)","5883.95","5814.00"
"10/02/2025 12:00 - 10/02/2025 13:00","Denmark (DK)","5871.24","5771.00"
"10/02/2025 13:00 - 10/02/2025 14:00","Denmark (DK)","5806.44","5751.00"
"10/02/2025 14:00 - 10/02/2025 15:00","Denmark (DK)","5802.53","5679.00"
"10/02/2025 15:00 - 10/02/2025 16:00","Denmark (DK)","5785.17","5640.00"
"10/02/2025 16:00 - 10/02/2025 17:00","Denmark (DK)","5800.28","5788.00"
"10/02/2025 17:00 - 10/02/2025 18:00","Denmark (DK)","5965.13","6019.00"
"10/02/2025 18:00 - 10/02/2025 19:00","Denmark (DK)","5895.05","5886.00"
"10/02/2025 19:00 - 10/02/2025 20:00","Denmark (DK)","5628.27","5689.00"
"10/02/2025 20:00 - 10/02/2025 21:00","Denmark (DK)","5342.28","5521.00"
"10/02/2025 21:00 - 10/02/2025 22:00","Denmark (DK)","5144.54","5294.00"
"10/02/2025 22:00 - 10/02/2025 23:00","Denmark (DK)","4973.32","5099.00"
"10/02/2025 23:00 - 11/02/2025 00:00","Denmark (DK)","4851.79","4966.00"
"11/02/2025 00:00 - 11/02/2025 01:00","Denmark (DK)","5022.51","4882.00"
"11/02/2025 01:00 - 11/02/2025 02:00","Denmark (DK)","4958.65","4929.00"
"11/02/2025 02:00 - 11/02/2025 03:00","Denmark (DK)","4997.08","4862.00"
"11/02/2025 03:00 - 11/02/2025 04:00","Denmark (DK)","4751.51","4822.00"
"11/02/2025 04:00 - 11/02/2025 05:00","Denmark (DK)","4644.08","4690.00"
"11/02/2025 05:00 - 11/02/2025 06:00","Denmark (DK)","4691.54","4678.00"
"11/02/2025 06:00 - 11/02/2025 07:00","Denmark (DK)","4975.79","4951.00"
"11/02/2025 07:00 - 11/02/2025 08:00","Denmark (DK)","5493.29","5409.00"
"11/02/2025 08:00 - 11/02/2025 09:00","Denmark (DK)","5707.14","5637.00"
"11/02/2025 09:00 - 11/02/2025 10:00","Denmark (DK)","5885.88","5747.00"
"11/02/2025 10:00 - 11/02/2025 11:00","Denmark (DK)","6026.49","5819.00"
"11/02/2025 11:00 - 11/02/2025 12:00","Denmark (DK)","5986.45","5848.00"
"11/02/2025 12:00 - 11/02/2025 13:00","Denmark (DK)","5946.76","5857.00"
"11/02/2025 13:00 - 11/02/2025 14:00","Denmark (DK)","5920.87","5878.00"
"11/02/2025 14:00 - 11/02/2025 15:00","Denmark (DK)","5767.82","5643.00"
"11/02/2025 15:00 - 11/02/2025 16:00","Denmark (DK)","5721.87","5709.00"
"11/02/2025 16:00 - 11/02/2025 17:00","Denmark (DK)","5549.12","5664.00"
"11/02/2025 17:00 - 11/02/2025 18:00","Denmark (DK)","5961.47","5843.00"
"11/02/2025 18:00 - 11/02/2025 19:00","Denmark (DK)","5716.40","5766.00"
"11/02/2025 19:00 - 11/02/2025 20:00","Denmark (DK)","5528.33","5631.00"
"11/02/2025 20:00 - 11/02/2025 21:00","Denmark (DK)","5257.23","5434.00"
"11/02/2025 21:00 - 11/02/2025 22:00","Denmark (DK)","5129.80","5248.00"
"11/02/2025 22:00 - 11/02/2025 23:00","Denmark (DK)","4950.99","5049.00"
"11/02/2025 23:00 - 12/02/2025 00:00","Denmark (DK)","4807.28","4900.00"
"12/02/2025 00:00 - 12/02/2025 01:00","Denmark (DK)","4868.58","4764.00"
"12/02/2025 01:00 - 12/02/2025 02:00","Denmark (DK)","4813.13","4732.00"
"12/02/2025 02:00 - 12/02/2025 03:00","Denmark (DK)","4871.52","4740.00"
"12/02/2025 03:00 - 12/02/2025 04:00","Denmark (DK)","4649.19","4719.00"
"12/02/2025 04:00 - 12/02/2025 05:00","Denmark (DK)","4505.06","4584.00"
"12/02/2025 05:00 - 12/02/2025 06:00","Denmark (DK)","4572.34","4578.00"
"12/02/2025 06:00 - 12/02/2025 07:00","Denmark (DK)","4949.52","4863.00"
"12/02/2025 07:00 - 12/02/2025 08:00","Denmark (DK)","5459.17","5392.00"
"12/02/2025 08:00 - 12/02/2025 09:00","Denmark (DK)","5669.17","5648.00"
"12/02/2025 09:00 - 12/02/2025 10:00","Denmark (DK)","5721.26","5656.00"
"12/02/2025 10:00 - 12/02/2025 11:00","Denmark (DK)","5817.06","5735.00"
"12/02/2025 11:00 - 12/02/2025 12:00","Denmark (DK)","5926.63","5782.00"
"12/02/2025 12:00 - 12/02/2025 13:00","Denmark (DK)","5897.41","5880.00"
"12/02/2025 13:00 - 12/02/2025 14:00","Denmark (DK)","5781.43","5769.00"
"12/02/2025 14:00 - 12/02/2025 15:00","Denmark (DK)","5635.50","5599.00"
"12/02/2025 15:00 - 12/02/2025 16:00","Denmark (DK)","5495.96","5469.00"
"12/02/2025 16:00 - 12/02/2025 17:00","Denmark (DK)","5526.09","5541.00"
"12/02/2025 17:00 - 12/02/2025 18:00","Denmark (DK)","5820.69","5868.00"
"12/02/2025 18:00 - 12/02/2025 19:00","Denmark (DK)","5744.53","5779.00"
"12/02/2025 19:00 - 12/02/2025 20:00","Denmark (DK)","5389.16","5569.00"
"12/02/2025 20:00 - 12/02/2025 21:00","Denmark (DK)","5104.68","5361.00"
"12/02/2025 21:00 - 12/02/2025 22:00","Denmark (DK)","4850.94","5117.00"
"12/02/2025 22:00 - 12/02/2025 23:00","Denmark (DK)","4696.26","4841.00"
"12/02/2025 23:00 - 13/02/2025 00:00","Denmark (DK)","4592.78","4787.00"
"13/02/2025 00:00 - 13/02/2025 01:00","Denmark (DK)","4624.17","4589.00"
"13/02/2025 01:00 - 13/02/2025 02:00","Denmark (DK)","4590.04","4543.00"
"13/02/2025 02:00 - 13/02/2025 03:00","Denmark (DK)","4479.68","4464.00"
"13/02/2025 03:00 - 13/02/2025 04:00","Denmark (DK)","4421.96","4414.00"
"13/02/2025 04:00 - 13/02/2025 05:00","Denmark (DK)","4432.99","4433.00"
"13/02/2025 05:00 - 13/02/2025 06:00","Denmark (DK)","4496.38","4481.00"
"13/02/2025 06:00 - 13/02/2025 07:00","Denmark (DK)","4879.95","4747.00"
"13/02/2025 07:00 - 13/02/2025 08:00","Denmark (DK)","5392.78","5226.00"
"13/02/2025 08:00 - 13/02/2025 09:00","Denmark (DK)","5644.59","5544.00"
"13/02/2025 09:00 - 13/02/2025 10:00","Denmark (DK)","5736.63","5657.00"
"13/02/2025 10:00 - 13/02/2025 11:00","Denmark (DK)","5795.67","5709.00"
"13/02/2025 11:00 - 13/02/2025 12:00","Denmark (DK)","5775.96","5703.00"
"13/02/2025 12:00 - 13/02/2025 13:00","Denmark (DK)","5764.92","5680.00"
"13/02/2025 13:00 - 13/02/2025 14:00","Denmark (DK)","5716.40","5679.00"
"13/02/2025 14:00 - 13/02/2025 15:00","Denmark (DK)","5725.07","5631.00"
"13/02/2025 15:00 - 13/02/2025 16:00","Denmark (DK)","5609.96","5571.00"
"13/02/2025 16:00 - 13/02/2025 17:00","Denmark (DK)","5708.44","5619.00"
"13/02/2025 17:00 - 13/02/2025 18:00","Denmark (DK)","5906.47","5949.00"
"13/02/2025 18:00 - 13/02/2025 19:00","Denmark (DK)","5798.75","5849.00"
"13/02/2025 19:00 - 13/02/2025 20:00","Denmark (DK)","5430.53","5576.00"
"13/02/2025 20:00 - 13/02/2025 21:00","Denmark (DK)","5164.11","5318.00"
"13/02/2025 21:00 - 13/02/2025 22:00","Denmark (DK)","5002.19","5145.00"
"13/02/2025 22:00 - 13/02/2025 23:00","Denmark (DK)","4752.33","4965.00"
"13/02/2025 23:00 - 14/02/2025 00:00","Denmark (DK)","4605.31","4890.00"
"14/02/2025 00:00 - 14/02/2025 01:00","Denmark (DK)","4715.91","4652.00"
"14/02/2025 01:00 - 14/02/2025 02:00","Denmark (DK)","4722.93","4679.00"
"14/02/2025 02:00 - 14/02/2025 03:00","Denmark (DK)","4644.21","4653.00"
"14/02/2025 03:00 - 14/02/2025 04:00","Denmark (DK)","4519.22","4518.00"
"14/02/2025 04:00 - 14/02/2025 05:00","Denmark (DK)","4411.85","4526.00"
"14/02/2025 05:00 - 14/02/2025 06:00","Denmark (DK)","4436.94","4452.00"
"14/02/2025 06:00 - 14/02/2025 07:00","Denmark (DK)","4849.97","4756.00"
"14/02/2025 07:00 - 14/02/2025 08:00","Denmark (DK)","5371.98","5306.00"
"14/02/2025 08:00 - 14/02/2025 09:00","Denmark (DK)","5622.86","5550.00"
"14/02/2025 09:00 - 14/02/2025 10:00","Denmark (DK)","5655.48","5587.00"
"14/02/2025 10:00 - 14/02/2025 11:00","Denmark (DK)","5620.24","5645.00"
"14/02/2025 11:00 - 14/02/2025 12:00","Denmark (DK)","5603.81","5620.00"
"14/02/2025 12:00 - 14/02/2025 13:00","Denmark (DK)","5523.59","5490.00"
"14/02/2025 13:00 - 14/02/2025 14:00","Denmark (DK)","5342.08","5349.00"
"14/02/2025 14:00 - 14/02/2025 15:00","Denmark (DK)","5206.59","5128.00"
"14/02/2025 15:00 - 14/02/2025 16:00","Denmark (DK)","5053.58","5103.00"
"14/02/2025 16:00 - 14/02/2025 17:00","Denmark (DK)","5201.24","5106.00"
"14/02/2025 17:00 - 14/02/2025 18:00","Denmark (DK)","5469.64","5415.00"
"14/02/2025 18:00 - 14/02/2025 19:00","Denmark (DK)","5516.44","5436.00"
"14/02/2025 19:00 - 14/02/2025 20:00","Denmark (DK)","5162.37","5213.00"
"14/02/2025 20:00 - 14/02/2025 21:00","Denmark (DK)","4887.09","4993.00"
"14/02/2025 21:00 - 14/02/2025 22:00","Denmark (DK)","4698.40","4812.00"
"14/02/2025 22:00 - 14/02/2025 23:00","Denmark (DK)","4564.69","4626.00"
"14/02/2025 23:00 - 15/02/2025 00:00","Denmark (DK)","4433.97","4523.00"
"15/02/2025 00:00 - 15/02/2025 01:00","Denmark (DK)","4468.48","4388.00"
"15/02/2025 01:00 - 15/02/2025 02:00","Denmark (DK)","4477.02","4386.00"
"15/02/2025 02:00 - 15/02/2025 03:00","Denmark (DK)","4493.41","4395.00"
"15/02/2025 03:00 - 15/02/2025 04:00","Denmark (DK)","4398.60","4349.00"
"15/02/2025 04:00 - 15/02/2025 05:00","Denmark (DK)","4301.14","4283.00"
"15/02/2025 05:00 - 15/02/2025 06:00","Denmark (DK)","4183.91","4222.00"
"15/02/2025 06:00 - 15/02/2025 07:00","Denmark (DK)","4192.40","4148.00"
"15/02/2025 07:00 - 15/02/2025 08:00","Denmark (DK)","4488.00","4381.00"
"15/02/2025 08:00 - 15/02/2025 09:00","Denmark (DK)","4681.28","4603.00"
"15/02/2025 09:00 - 15/02/2025 10:00","Denmark (DK)","4872.42","4812.00"
"15/02/2025 10:00 - 15/02/2025 11:00","Denmark (DK)","4987.18","4934.00"
"15/02/2025 11:00 - 15/02/2025 12:00","Denmark (DK)","5098.57","5003.00"
"15/02/2025 12:00 - 15/02/2025 13:00","Denmark (DK)","5030.09","4988.00"
"15/02/2025 13:00 - 15/02/2025 14:00","Denmark (DK)","4937.94","4983.00"
"15/02/2025 14:00 - 15/02/2025 15:00","Denmark (DK)","4972.71","4916.00"
"15/02/2025 15:00 - 15/02/2025 16:00","Denmark (DK)","4945.89","4927.00"
"15/02/2025 16:00 - 15/02/2025 17:00","Denmark (DK)","4960.43","4901.00"
"15/02/2025 17:00 - 15/02/2025 18:00","Denmark (DK)","5387.75","5286.00"
"15/02/2025 18:00 - 15/02/2025 19:00","Denmark (DK)","5408.77","5429.00"
"15/02/2025 19:00 - 15/02/2025 20:00","Denmark (DK)","5140.01","5153.00"
"15/02/2025 20:00 - 15/02/2025 21:00","Denmark (DK)","4948.45","4909.00"
"15/02/2025 21:00 - 15/02/2025 22:00","Denmark (DK)","4819.49","4789.00"
"15/02/2025 22:00 - 15/02/2025 23:00","Denmark (DK)","4587.81","4572.00"
"15/02/2025 23:00 - 16/02/2025 00:00","Denmark (DK)","4549.40","4400.00"
"16/02/2025 00:00 - 16/02/2025 01:00","Denmark (DK)","4634.09","4499.00"
"16/02/2025 01:00 - 16/02/2025 02:00","Denmark (DK)","4585.19","4521.00"
"16/02/2025 02:00 - 16/02/2025 03:00","Denmark (DK)","4599.90","4518.00"
"16/02/2025 03:00 - 16/02/2025 04:00","Denmark (DK)","4580.35","4529.00"
"16/02/2025 04:00 - 16/02/2025 05:00","Denmark (DK)","4442.28","4494.00"
"16/02/2025 05:00 - 16/02/2025 06:00","Denmark (DK)","4313.92","4422.00"
"16/02/2025 06:00 - 16/02/2025 07:00","Denmark (DK)","4416.14","4412.00"
"16/02/2025 07:00 - 16/02/2025 08:00","Denmark (DK)","4580.40","4622.00"
"16/02/2025 08:00 - 16/02/2025 09:00","Denmark (DK)","4801.60","4777.00"
"16/02/2025 09:00 - 16/02/2025 10:00","Denmark (DK)","4955.12","4918.00"
"16/02/2025 10:00 - 16/02/2025 11:00","Denmark (DK)","5087.66","5168.00"
"16/02/2025 11:00 - 16/02/2025 12:00","Denmark (DK)","5089.44","5081.00"
"16/02/2025 12:00 - 16/02/2025 13:00","Denmark (DK)","5061.73","5124.00"
"16/02/2025 13:00 - 16/02/2025 14:00","Denmark (DK)","4970.70","5061.00"
"16/02/2025 14:00 - 16/02/2025 15:00","Denmark (DK)","4927.03","4918.00"
"16/02/2025 15:00 - 16/02/2025 16:00","Denmark (DK)","4877.64","4830.00"
"16/02/2025 16:00 - 16/02/2025 17:00","Denmark (DK)","4971.47","5016.00"
"16/02/2025 17:00 - 16/02/2025 18:00","Denmark (DK)","5421.93","5392.00"
"16/02/2025 18:00 - 16/02/2025 19:00","Denmark (DK)","5545.90","5522.00"
"16/02/2025 19:00 - 16/02/2025 20:00","Denmark (DK)","5227.55","5271.00"
"16/02/2025 20:00 - 16/02/2025 21:00","Denmark (DK)","5011.05","5083.00"
"16/02/2025 21:00 - 16/02/2025 22:00","Denmark (DK)","4892.50","4877.00"
"16/02/2025 22:00 - 16/02/2025 23:00","Denmark (DK)","4729.15","4669.00"
"16/02/2025 23:00 - 17/02/2025 00:00","Denmark (DK)","4644.43","4528.00"
"17/02/2025 00:00 - 17/02/2025 01:00","Denmark (DK)","4878.80","4477.00"
"17/02/2025 01:00 - 17/02/2025 02:00","Denmark (DK)","4965.40","4344.00"
"17/02/2025 02:00 - 17/02/2025 03:00","Denmark (DK)","4864.44","4244.00"
"17/02/2025 03:00 - 17/02/2025 04:00","Denmark (DK)","4723.64","4147.00"
"17/02/2025 04:00 - 17/02/2025 05:00","Denmark (DK)","4598.75","4102.00"
"17/02/2025 05:00 - 17/02/2025 06:00","Denmark (DK)","4717.56","4309.00"
"17/02/2025 06:00 - 17/02/2025 07:00","Denmark (DK)","5328.41","5189.00"
"17/02/2025 07:00 - 17/02/2025 08:00","Denmark (DK)","5882.59","5908.00"
"17/02/2025 08:00 - 17/02/2025 09:00","Denmark (DK)","6119.68","6076.00"
"17/02/2025 09:00 - 17/02/2025 10:00","Denmark (DK)","6037.66","6046.00"
"17/02/2025 10:00 - 17/02/2025 11:00","Denmark (DK)","6015.71","6076.00"
"17/02/2025 11:00 - 17/02/2025 12:00","Denmark (DK)","5976.62","6041.00"
"17/02/2025 12:00 - 17/02/2025 13:00","Denmark (DK)","5853.41","5907.00"
"17/02/2025 13:00 - 17/02/2025 14:00","Denmark (DK)","5708.68","5835.00"
"17/02/2025 14:00 - 17/02/2025 15:00","Denmark (DK)","5496.86","5580.00"
"17/02/2025 15:00 - 17/02/2025 16:00","Denmark (DK)","5399.67","5353.00"
"17/02/2025 16:00 - 17/02/2025 17:00","Denmark (DK)","5450.89","5412.00"
"17/02/2025 17:00 - 17/02/2025 18:00","Denmark (DK)","5801.71","5750.00"
"17/02/2025 18:00 - 17/02/2025 19:00","Denmark (DK)","5853.77","5727.00"
"17/02/2025 19:00 - 17/02/2025 20:00","Denmark (DK)","5516.56","5572.00"
"17/02/2025 20:00 - 17/02/2025 21:00","Denmark (DK)","5237.41","5206.00"
"17/02/2025 21:00 - 17/02/2025 22:00","Denmark (DK)","5047.91","5050.00"
"17/02/2025 22:00 - 17/02/2025 23:00","Denmark (DK)","4861.39","4888.00"
"17/02/2025 23:00 - 18/02/2025 00:00","Denmark (DK)","4710.29","4759.00"
"18/02/2025 00:00 - 18/02/2025 01:00","Denmark (DK)","4798.50","4645.00"
"18/02/2025 01:00 - 18/02/2025 02:00","Denmark (DK)","4769.30","4676.00"
"18/02/2025 02:00 - 18/02/2025 03:00","Denmark (DK)","4766.79","4686.00"
"18/02/2025 03:00 - 18/02/2025 04:00","Denmark (DK)","4773.18","4739.00"
"18/02/2025 04:00 - 18/02/2025 05:00","Denmark (DK)","4686.47","4701.00"
"18/02/2025 05:00 - 18/02/2025 06:00","Denmark (DK)","4778.59","4684.00"
"18/02/2025 06:00 - 18/02/2025 07:00","Denmark (DK)","5232.50","4992.00"
"18/02/2025 07:00 - 18/02/2025 08:00","Denmark (DK)","5764.20","5578.00"
"18/02/2025 08:00 - 18/02/2025 09:00","Denmark (DK)","5970.59","5880.00"
"18/02/2025 09:00 - 18/02/2025 10:00","Denmark (DK)","5870.55","5821.00"
"18/02/2025 10:00 - 18/02/2025 11:00","Denmark (DK)","5756.42","5801.00"
"18/02/2025 11:00 - 18/02/2025 12:00","Denmark (DK)","5689.85","5711.00"
"18/02/2025 12:00 - 18/02/2025 13:00","Denmark (DK)","5556.78","5641.00"
"18/02/2025 13:00 - 18/02/2025 14:00","Denmark (DK)","5495.31","5575.00"
"18/02/2025 14:00 - 18/02/2025 15:00","Denmark (DK)","5363.68","5429.00"
"18/02/2025 15:00 - 18/02/2025 16:00","Denmark (DK)","5238.29","5262.00"
"18/02/2025 16:00 - 18/02/2025 17:00","Denmark (DK)","5283.34","5264.00"
"18/02/2025 17:00 - 18/02/2025 18:00","Denmark (DK)","5632.22","5546.00"
"18/02/2025 18:00 - 18/02/2025 19:00","Denmark (DK)","5732.63","5695.00"
"18/02/2025 19:00 - 18/02/2025 20:00","Denmark (DK)","5447.81","5578.00"
"18/02/2025 20:00 - 18/02/2025 21:00","Denmark (DK)","5203.69","5441.00"
"18/02/2025 21:00 - 18/02/2025 22:00","Denmark (DK)","5085.32","5241.00"
"18/02/2025 22:00 - 18/02/2025 23:00","Denmark (DK)","4765.53","5091.00"
"18/02/2025 23:00 - 19/02/2025 00:00","Denmark (DK)","4638.10","5037.00"
"19/02/2025 00:00 - 19/02/2025 01:00","Denmark (DK)","4761.07","4730.00"
"19/02/2025 01:00 - 19/02/2025 02:00","Denmark (DK)","4815.46","4747.00"
"19/02/2025 02:00 - 19/02/2025 03:00","Denmark (DK)","4746.08","4682.00"
"19/02/2025 03:00 - 19/02/2025 04:00","Denmark (DK)","4797.06","4728.00"
"19/02/2025 04:00 - 19/02/2025 05:00","Denmark (DK)","4746.72","4706.00"
"19/02/2025 05:00 - 19/02/2025 06:00","Denmark (DK)","4781.64","4682.00"
"19/02/2025 06:00 - 19/02/2025 07:00","Denmark (DK)","5313.75","5002.00"
"19/02/2025 07:00 - 19/02/2025 08:00","Denmark (DK)","5960.13","5826.00"
"19/02/2025 08:00 - 19/02/2025 09:00","Denmark (DK)","6151.54","5995.00"
"19/02/2025 09:00 - 19/02/2025 10:00","Denmark (DK)","6002.93","5914.00"
"19/02/2025 10:00 - 19/02/2025 11:00","Denmark (DK)","5974.33","5964.00"
"19/02/2025 11:00 - 19/02/2025 12:00","Denmark (DK)","5941.40","5851.00"
"19/02/2025 12:00 - 19/02/2025 13:00","Denmark (DK)","5696.85","5815.00"
"19/02/2025 13:00 - 19/02/2025 14:00","Denmark (DK)","5652.46","5719.00"
"19/02/2025 14:00 - 19/02/2025 15:00","Denmark (DK)","5537.96","5477.00"
"19/02/2025 15:00 - 19/02/2025 16:00","Denmark (DK)","5381.27","5385.00"
"19/02/2025 16:00 - 19/02/2025 17:00","Denmark (DK)","5490.18","5382.00"
"19/02/2025 17:00 - 19/02/2025 18:00","Denmark (DK)","5747.44","5674.00"
"19/02/2025 18:00 - 19/02/2025 19:00","Denmark (DK)","5805.35","5826.00"
"19/02/2025 19:00 - 19/02/2025 20:00","Denmark (DK)","5505.25","5609.00"
"19/02/2025 20:00 - 19/02/2025 21:00","Denmark (DK)","5364.52","5465.00"
"19/02/2025 21:00 - 19/02/2025 22:00","Denmark (DK)","5249.24","5345.00"
"19/02/2025 22:00 - 19/02/2025 23:00","Denmark (DK)","4938.08","5234.00"
"19/02/2025 23:00 - 20/02/2025 00:00","Denmark (DK)","4866.89","5154.00"
"20/02/2025 00:00 - 20/02/2025 01:00","Denmark (DK)","5059.03","4918.00"
"20/02/2025 01:00 - 20/02/2025 02:00","Denmark (DK)","4973.15","4952.00"
"20/02/2025 02:00 - 20/02/2025 03:00","Denmark (DK)","4911.72","4902.00"
"20/02/2025 03:00 - 20/02/2025 04:00","Denmark (DK)","4973.98","4981.00"
"20/02/2025 04:00 - 20/02/2025 05:00","Denmark (DK)","4897.78","4907.00"
"20/02/2025 05:00 - 20/02/2025 06:00","Denmark (DK)","4903.45","4909.00"
"20/02/2025 06:00 - 20/02/2025 07:00","Denmark (DK)","5158.89","5020.00"
"20/02/2025 07:00 - 20/02/2025 08:00","Denmark (DK)","5723.39","5571.00"
"20/02/2025 08:00 - 20/02/2025 09:00","Denmark (DK)","5926.37","5868.00"
"20/02/2025 09:00 - 20/02/2025 10:00","Denmark (DK)","5938.19","5901.00"
"20/02/2025 10:00 - 20/02/2025 11:00","Denmark (DK)","5999.71","5917.00"
"20/02/2025 11:00 - 20/02/2025 12:00","Denmark (DK)","6066.90","5982.00"
"20/02/2025 12:00 - 20/02/2025 13:00","Denmark (DK)","5859.69","5824.00"
"20/02/2025 13:00 - 20/02/2025 14:00","Denmark (DK)","5730.39","5707.00"
"20/02/2025 14:00 - 20/02/2025 15:00","Denmark (DK)","5650.01","5621.00"
"20/02/2025 15:00 - 20/02/2025 16:00","Denmark (DK)","5537.46","5567.00"
"20/02/2025 16:00 - 20/02/2025 17:00","Denmark (DK)","5563.87","5525.00"
"20/02/2025 17:00 - 20/02/2025 18:00","Denmark (DK)","5873.27","5822.00"
"20/02/2025 18:00 - 20/02/2025 19:00","Denmark (DK)","6058.56","6042.00"
"20/02/2025 19:00 - 20/02/2025 20:00","Denmark (DK)","5655.61","5848.00"
"20/02/2025 20:00 - 20/02/2025 21:00","Denmark (DK)","5437.85","5602.00"
"20/02/2025 21:00 - 20/02/2025 22:00","Denmark (DK)","5282.39","5396.00"
"20/02/2025 22:00 - 20/02/2025 23:00","Denmark (DK)","5214.25","5284.00"
"20/02/2025 23:00 - 21/02/2025 00:00","Denmark (DK)","5102.33","5171.00"
"21/02/2025 00:00 - 21/02/2025 01:00","Denmark (DK)","5193.48","5106.00"
"21/02/2025 01:00 - 21/02/2025 02:00","Denmark (DK)","5044.91","5054.00"
"21/02/2025 02:00 - 21/02/2025 03:00","Denmark (DK)","4974.81","5006.00"
"21/02/2025 03:00 - 21/02/2025 04:00","Denmark (DK)","4633.39","4830.00"
"21/02/2025 04:00 - 21/02/2025 05:00","Denmark (DK)","4419.81","4532.00"
"21/02/2025 05:00 - 21/02/2025 06:00","Denmark (DK)","4593.74","4431.00"
"21/02/2025 06:00 - 21/02/2025 07:00","Denmark (DK)","4872.96","4741.00"
"21/02/2025 07:00 - 21/02/2025 08:00","Denmark (DK)","5311.39","5200.00"
"21/02/2025 08:00 - 21/02/2025 09:00","Denmark (DK)","5473.31","5469.00"
"21/02/2025 09:00 - 21/02/2025 10:00","Denmark (DK)","5633.01","5438.00"
"21/02/2025 10:00 - 21/02/2025 11:00","Denmark (DK)","5720.87","5535.00"
"21/02/2025 11:00 - 21/02/2025 12:00","Denmark (DK)","5712.03","5575.00"
"21/02/2025 12:00 - 21/02/2025 13:00","Denmark (DK)","5511.80","5540.00"
"21/02/2025 13:00 - 21/02/2025 14:00","Denmark (DK)","5424.49","5463.00"
"21/02/2025 14:00 - 21/02/2025 15:00","Denmark (DK)","5289.07","5379.00"
"21/02/2025 15:00 - 21/02/2025 16:00","Denmark (DK)","5229.21","5227.00"
"21/02/2025 16:00 - 21/02/2025 17:00","Denmark (DK)","5195.05","5273.00"
"21/02/2025 17:00 - 21/02/2025 18:00","Denmark (DK)","5499.59","5422.00"
"21/02/2025 18:00 - 21/02/2025 19:00","Denmark (DK)","5630.12","5495.00"
"21/02/2025 19:00 - 21/02/2025 20:00","Denmark (DK)","5253.58","5281.00"
"21/02/2025 20:00 - 21/02/2025 21:00","Denmark (DK)","4959.04","5113.00"
"21/02/2025 21:00 - 21/02/2025 22:00","Denmark (DK)","4795.17","5001.00"
"21/02/2025 22:00 - 21/02/2025 23:00","Denmark (DK)","4663.70","4633.00"
"21/02/2025 23:00 - 22/02/2025 00:00","Denmark (DK)","4609.08","4429.00"
"22/02/2025 00:00 - 22/02/2025 01:00","Denmark (DK)","4787.23","4531.00"
"22/02/2025 01:00 - 22/02/2025 02:00","Denmark (DK)","4559.26","4500.00"
"22/02/2025 02:00 - 22/02/2025 03:00","Denmark (DK)","4544.64","4478.00"
"22/02/2025 03:00 - 22/02/2025 04:00","Denmark (DK)","4310.26","4307.00"
"22/02/2025 04:00 - 22/02/2025 05:00","Denmark (DK)","4147.35","4195.00"
"22/02/2025 05:00 - 22/02/2025 06:00","Denmark (DK)","3961.65","4094.00"
"22/02/2025 06:00 - 22/02/2025 07:00","Denmark (DK)","4062.71","4060.00"
"22/02/2025 07:00 - 22/02/2025 08:00","Denmark (DK)","4263.01","4251.00"
"22/02/2025 08:00 - 22/02/2025 09:00","Denmark (DK)","4662.61","4589.00"
"22/02/2025 09:00 - 22/02/2025 10:00","Denmark (DK)","4736.39","4775.00"
"22/02/2025 10:00 - 22/02/2025 11:00","Denmark (DK)","4882.57","4922.00"
"22/02/2025 11:00 - 22/02/2025 12:00","Denmark (DK)","4894.37","4899.00"
"22/02/2025 12:00 - 22/02/2025 13:00","Denmark (DK)","4820.57","4920.00"
"22/02/2025 13:00 - 22/02/2025 14:00","Denmark (DK)","4875.54","4836.00"
"22/02/2025 14:00 - 22/02/2025 15:00","Denmark (DK)","4735.04","4767.00"
"22/02/2025 15:00 - 22/02/2025 16:00","Denmark (DK)","4533.66","4566.00"
"22/02/2025 16:00 - 22/02/2025 17:00","Denmark (DK)","4650.68","4597.00"
"22/02/2025 17:00 - 22/02/2025 18:00","Denmark (DK)","4934.69","4874.00"
"22/02/2025 18:00 - 22/02/2025 19:00","Denmark (DK)","4841.72","4984.00"
"22/02/2025 19:00 - 22/02/2025 20:00","Denmark (DK)","4607.44","4566.00"
"22/02/2025 20:00 - 22/02/2025 21:00","Denmark (DK)","4218.98","4331.00"
"22/02/2025 21:00 - 22/02/2025 22:00","Denmark (DK)","4035.85","4049.00"
"22/02/2025 22:00 - 22/02/2025 23:00","Denmark (DK)","3965.93","3890.00"
"22/02/2025 23:00 - 23/02/2025 00:00","Denmark (DK)","3807.84","3818.00"
"23/02/2025 00:00 - 23/02/2025 01:00","Denmark (DK)","3823.64","3768.00"
"23/02/2025 01:00 - 23/02/2025 02:00","Denmark (DK)","3908.12","3843.00"
"23/02/2025 02:00 - 23/02/2025 03:00","Denmark (DK)","3739.17","3796.00"
"23/02/2025 03:00 - 23/02/2025 04:00","Denmark (DK)","3686.36","3714.00"
"23/02/2025 04:00 - 23/02/2025 05:00","Denmark (DK)","3650.23","3658.00"
"23/02/2025 05:00 - 23/02/2025 06:00","Denmark (DK)","3590.15","3618.00"
"23/02/2025 06:00 - 23/02/2025 07:00","Denmark (DK)","3537.77","3655.00"
"23/02/2025 07:00 - 23/02/2025 08:00","Denmark (DK)","3837.16","3821.00"
"23/02/2025 08:00 - 23/02/2025 09:00","Denmark (DK)","4226.18","4117.00"
"23/02/2025 09:00 - 23/02/2025 10:00","Denmark (DK)","4382.48","4330.00"
"23/02/2025 10:00 - 23/02/2025 11:00","Denmark (DK)","4591.47","4457.00"
"23/02/2025 11:00 - 23/02/2025 12:00","Denmark (DK)","4694.49","4578.00"
"23/02/2025 12:00 - 23/02/2025 13:00","Denmark (DK)","4761.92","4702.00"
"23/02/2025 13:00 - 23/02/2025 14:00","Denmark (DK)","4689.98","4871.00"
"23/02/2025 14:00 - 23/02/2025 15:00","Denmark (DK)","4657.17","4771.00"
"23/02/2025 15:00 - 23/02/2025 16:00","Denmark (DK)","4571.27","4585.00"
"23/02/2025 16:00 - 23/02/2025 17:00","Denmark (DK)","4738.52","4692.00"
"23/02/2025 17:00 - 23/02/2025 18:00","Denmark (DK)","5047.80","4940.00"
"23/02/2025 18:00 - 23/02/2025 19:00","Denmark (DK)","5062.75","5070.00"
"23/02/2025 19:00 - 23/02/2025 20:00","Denmark (DK)","4788.80","4762.00"
"23/02/2025 20:00 - 23/02/2025 21:00","Denmark (DK)","4684.02","4617.00"
"23/02/2025 21:00 - 23/02/2025 22:00","Denmark (DK)","4633.73","4558.00"
"23/02/2025 22:00 - 23/02/2025 23:00","Denmark (DK)","4403.63","4397.00"
"23/02/2025 23:00 - 24/02/2025 00:00","Denmark (DK)","4261.52","4288.00"
"24/02/2025 00:00 - 24/02/2025 01:00","Denmark (DK)","4546.86","4400.00"
"24/02/2025 01:00 - 24/02/2025 02:00","Denmark (DK)","4550.16","4517.00"
"24/02/2025 02:00 - 24/02/2025 03:00","Denmark (DK)","4582.89","4556.00"
"24/02/2025 03:00 - 24/02/2025 04:00","Denmark (DK)","4575.20","4614.00"
"24/02/2025 04:00 - 24/02/2025 05:00","Denmark (DK)","4476.11","4556.00"
"24/02/2025 05:00 - 24/02/2025 06:00","Denmark (DK)","4494.39","4614.00"
"24/02/2025 06:00 - 24/02/2025 07:00","Denmark (DK)","4763.06","5082.00"
"24/02/2025 07:00 - 24/02/2025 08:00","Denmark (DK)","5247.76","5358.00"
"24/02/2025 08:00 - 24/02/2025 09:00","Denmark (DK)","5638.49","5432.00"
"24/02/2025 09:00 - 24/02/2025 10:00","Denmark (DK)","5636.05","5616.00"
"24/02/2025 10:00 - 24/02/2025 11:00","Denmark (DK)","5720.76","5727.00"
"24/02/2025 11:00 - 24/02/2025 12:00","Denmark (DK)","5679.25","5684.00"
"24/02/2025 12:00 - 24/02/2025 13:00","Denmark (DK)","5651.34","5597.00"
"24/02/2025 13:00 - 24/02/2025 14:00","Denmark (DK)","5604.39","5566.00"
"24/02/2025 14:00 - 24/02/2025 15:00","Denmark (DK)","5515.12","5509.00"
"24/02/2025 15:00 - 24/02/2025 16:00","Denmark (DK)","5468.10","5465.00"
"24/02/2025 16:00 - 24/02/2025 17:00","Denmark (DK)","5614.41","5561.00"
"24/02/2025 17:00 - 24/02/2025 18:00","Denmark (DK)","5700.05","5767.00"
"24/02/2025 18:00 - 24/02/2025 19:00","Denmark (DK)","5570.71","5662.00"
"24/02/2025 19:00 - 24/02/2025 20:00","Denmark (DK)","5069.56","5159.00"
"24/02/2025 20:00 - 24/02/2025 21:00","Denmark (DK)","4729.96","4719.00"
"24/02/2025 21:00 - 24/02/2025 22:00","Denmark (DK)","4667.48","4588.00"
"24/02/2025 22:00 - 24/02/2025 23:00","Denmark (DK)","4562.08","4462.00"
"24/02/2025 23:00 - 25/02/2025 00:00","Denmark (DK)","4333.49","4138.00"
"25/02/2025 00:00 - 25/02/2025 01:00","Denmark (DK)","4363.17","4317.00"
"25/02/2025 01:00 - 25/02/2025 02:00","Denmark (DK)","4151.78","4157.00"
"25/02/2025 02:00 - 25/02/2025 03:00","Denmark (DK)","4147.96","4139.00"
"25/02/2025 03:00 - 25/02/2025 04:00","Denmark (DK)","3889.44","3993.00"
"25/02/2025 04:00 - 25/02/2025 05:00","Denmark (DK)","3718.77","3850.00"
"25/02/2025 05:00 - 25/02/2025 06:00","Denmark (DK)","3923.06","3921.00"
"25/02/2025 06:00 - 25/02/2025 07:00","Denmark (DK)","4550.20","4453.00"
"25/02/2025 07:00 - 25/02/2025 08:00","Denmark (DK)","5061.85","5061.00"
"25/02/2025 08:00 - 25/02/2025 09:00","Denmark (DK)","5271.55","5247.00"
"25/02/2025 09:00 - 25/02/2025 10:00","Denmark (DK)","5158.29","5270.00"
"25/02/2025 10:00 - 25/02/2025 11:00","Denmark (DK)","5317.02","5274.00"
"25/02/2025 11:00 - 25/02/2025 12:00","Denmark (DK)","5269.68","5270.00"
"25/02/2025 12:00 - 25/02/2025 13:00","Denmark (DK)","5238.13","5228.00"
"25/02/2025 13:00 - 25/02/2025 14:00","Denmark (DK)","5269.86","5231.00"
"25/02/2025 14:00 - 25/02/2025 15:00","Denmark (DK)","5145.69","5221.00"
"25/02/2025 15:00 - 25/02/2025 16:00","Denmark (DK)","5092.16","5030.00"
"25/02/2025 16:00 - 25/02/2025 17:00","Denmark (DK)","5119.30","5112.00"
"25/02/2025 17:00 - 25/02/2025 18:00","Denmark (DK)","5355.50","5346.00"
"25/02/2025 18:00 - 25/02/2025 19:00","Denmark (DK)","5335.27","5323.00"
"25/02/2025 19:00 - 25/02/2025 20:00","Denmark (DK)","5031.54","5012.00"
"25/02/2025 20:00 - 25/02/2025 21:00","Denmark (DK)","4745.64","4782.00"
"25/02/2025 21:00 - 25/02/2025 22:00","Denmark (DK)","4550.52","4625.00"
"25/02/2025 22:00 - 25/02/2025 23:00","Denmark (DK)","4344.36","4461.00"
"25/02/2025 23:00 - 26/02/2025 00:00","Denmark (DK)","4168.75","4434.00"
"26/02/2025 00:00 - 26/02/2025 01:00","Denmark (DK)","4171.19","4165.00"
"26/02/2025 01:00 - 26/02/2025 02:00","Denmark (DK)","4179.28","4151.00"
"26/02/2025 02:00 - 26/02/2025 03:00","Denmark (DK)","4183.73","4144.00"
"26/02/2025 03:00 - 26/02/2025 04:00","Denmark (DK)","4160.11","4166.00"
"26/02/2025 04:00 - 26/02/2025 05:00","Denmark (DK)","3985.26","4110.00"
"26/02/2025 05:00 - 26/02/2025 06:00","Denmark (DK)","4052.79","4154.00"
"26/02/2025 06:00 - 26/02/2025 07:00","Denmark (DK)","4578.84","4554.00"
"26/02/2025 07:00 - 26/02/2025 08:00","Denmark (DK)","5054.31","5060.00"
"26/02/2025 08:00 - 26/02/2025 09:00","Denmark (DK)","5330.44","5309.00"
"26/02/2025 09:00 - 26/02/2025 10:00","Denmark (DK)","5350.95","5358.00"
"26/02/2025 10:00 - 26/02/2025 11:00","Denmark (DK)","5297.87","5380.00"
"26/02/2025 11:00 - 26/02/2025 12:00","Denmark (DK)","5268.42","5284.00"
"26/02/2025 12:00 - 26/02/2025 13:00","Denmark (DK)","5305.18","5216.00"
"26/02/2025 13:00 - 26/02/2025 14:00","Denmark (DK)","5231.10","5226.00"
"26/02/2025 14:00 - 26/02/2025 15:00","Denmark (DK)","5148.76","5102.00"
"26/02/2025 15:00 - 26/02/2025 16:00","Denmark (DK)","5024.02","4947.00"
"26/02/2025 16:00 - 26/02/2025 17:00","Denmark (DK)","5024.30","5015.00"
"26/02/2025 17:00 - 26/02/2025 18:00","Denmark (DK)","5186.28","5335.00"
"26/02/2025 18:00 - 26/02/2025 19:00","Denmark (DK)","5255.92","5352.00"
"26/02/2025 19:00 - 26/02/2025 20:00","Denmark (DK)","4959.90","5034.00"
"26/02/2025 20:00 - 26/02/2025 21:00","Denmark (DK)","4740.91","4768.00"
"26/02/2025 21:00 - 26/02/2025 22:00","Denmark (DK)","4520.14","4760.00"
"26/02/2025 22:00 - 26/02/2025 23:00","Denmark (DK)","4224.23","4664.00"
"26/02/2025 23:00 - 27/02/2025 00:00","Denmark (DK)","4099.83","4559.00"
"27/02/2025 00:00 - 27/02/2025 01:00","Denmark (DK)","4330.18","4243.00"
"27/02/2025 01:00 - 27/02/2025 02:00","Denmark (DK)","4216.71","4259.00"
"27/02/2025 02:00 - 27/02/2025 03:00","Denmark (DK)","4248.09","4246.00"
"27/02/2025 03:00 - 27/02/2025 04:00","Denmark (DK)","4123.07","4196.00"
"27/02/2025 04:00 - 27/02/2025 05:00","Denmark (DK)","3999.48","4078.00"
"27/02/2025 05:00 - 27/02/2025 06:00","Denmark (DK)","4063.51","4117.00"
"27/02/2025 06:00 - 27/02/2025 07:00","Denmark (DK)","4617.47","4556.00"
"27/02/2025 07:00 - 27/02/2025 08:00","Denmark (DK)","5095.75","5101.00"
"27/02/2025 08:00 - 27/02/2025 09:00","Denmark (DK)","5299.14","5264.00"
"27/02/2025 09:00 - 27/02/2025 10:00","Denmark (DK)","5380.95","5335.00"
"27/02/2025 10:00 - 27/02/2025 11:00","Denmark (DK)","5435.61","5407.00"
"27/02/2025 11:00 - 27/02/2025 12:00","Denmark (DK)","5425.99","5384.00"
"27/02/2025 12:00 - 27/02/2025 13:00","Denmark (DK)","5360.51","5313.00"
"27/02/2025 13:00 - 27/02/2025 14:00","Denmark (DK)","5361.41","5319.00"
"27/02/2025 14:00 - 27/02/2025 15:00","Denmark (DK)","5296.93","5233.00"
"27/02/2025 15:00 - 27/02/2025 16:00","Denmark (DK)","5166.44","5107.00"
"27/02/2025 16:00 - 27/02/2025 17:00","Denmark (DK)","5173.50","5200.00"
"27/02/2025 17:00 - 27/02/2025 18:00","Denmark (DK)","5372.27","5458.00"
"27/02/2025 18:00 - 27/02/2025 19:00","Denmark (DK)","5419.22","5508.00"
"27/02/2025 19:00 - 27/02/2025 20:00","Denmark (DK)","5101.53","5172.00"
"27/02/2025 20:00 - 27/02/2025 21:00","Denmark (DK)","4840.33","4936.00"
"27/02/2025 21:00 - 27/02/2025 22:00","Denmark (DK)","4679.42","4718.00"
"27/02/2025 22:00 - 27/02/2025 23:00","Denmark (DK)","4502.66","4579.00"
"27/02/2025 23:00 - 28/02/2025 00:00","Denmark (DK)","4284.49","4516.00"
"28/02/2025 00:00 - 28/02/2025 01:00","Denmark (DK)","4342.79","4319.00"
"28/02/2025 01:00 - 28/02/2025 02:00","Denmark (DK)","4407.54","4365.00"
"28/02/2025 02:00 - 28/02/2025 03:00","Denmark (DK)","4340.88","4370.00"
"28/02/2025 03:00 - 28/02/2025 04:00","Denmark (DK)","4230.08","4303.00"
"28/02/2025 04:00 - 28/02/2025 05:00","Denmark (DK)","4004.96","4167.00"
"28/02/2025 05:00 - 28/02/2025 06:00","Denmark (DK)","4100.76","4116.00"
"28/02/2025 06:00 - 28/02/2025 07:00","Denmark (DK)","4617.27","4565.00"
"28/02/2025 07:00 - 28/02/2025 08:00","Denmark (DK)","5080.76","5085.00"
"28/02/2025 08:00 - 28/02/2025 09:00","Denmark (DK)","5351.23","5285.00"
"28/02/2025 09:00 - 28/02/2025 10:00","Denmark (DK)","5372.80","5343.00"
"28/02/2025 10:00 - 28/02/2025 11:00","Denmark (DK)","5463.37","5454.00"
"28/02/2025 11:00 - 28/02/2025 12:00","Denmark (DK)","5406.81","5408.00"
"28/02/2025 12:00 - 28/02/2025 13:00","Denmark (DK)","5313.67","5240.00"
"28/02/2025 13:00 - 28/02/2025 14:00","Denmark (DK)","5200.77","5189.00"
"28/02/2025 14:00 - 28/02/2025 15:00","Denmark (DK)","5018.43","5100.00"
"28/02/2025 15:00 - 28/02/2025 16:00","Denmark (DK)","4898.48","4908.00"
"28/02/2025 16:00 - 28/02/2025 17:00","Denmark (DK)","4826.37","4863.00"
"28/02/2025 17:00 - 28/02/2025 18:00","Denmark (DK)","5073.98","5085.00"
"28/02/2025 18:00 - 28/02/2025 19:00","Denmark (DK)","5114.68","5120.00"
"28/02/2025 19:00 - 28/02/2025 20:00","Denmark (DK)","4852.44","4996.00"
"28/02/2025 20:00 - 28/02/2025 21:00","Denmark (DK)","4600.31","4813.00"
"28/02/2025 21:00 - 28/02/2025 22:00","Denmark (DK)","N/A","4563.00"
"28/02/2025 22:00 - 28/02/2025 23:00","Denmark (DK)","4236.02","4475.00"
"28/02/2025 23:00 - 01/03/2025 00:00","Denmark (DK)","4069.58","4443.00"
"01/03/2025 00:00 - 01/03/2025 01:00","Denmark (DK)","4178.51","4093.00"
"01/03/2025 01:00 - 01/03/2025 02:00","Denmark (DK)","4218.11","4121.00"
"01/03/2025 02:00 - 01/03/2025 03:00","Denmark (DK)","4175.53","4063.00"
"01/03/2025 03:00 - 01/03/2025 04:00","Denmark (DK)","4123.06","4068.00"
"01/03/2025 04:00 - 01/03/2025 05:00","Denmark (DK)","3996.17","4031.00"
"01/03/2025 05:00 - 01/03/2025 06:00","Denmark (DK)","3867.68","3957.00"
"01/03/2025 06:00 - 01/03/2025 07:00","Denmark (DK)","3921.43","3962.00"
"01/03/2025 07:00 - 01/03/2025 08:00","Denmark (DK)","4122.35","4147.00"
"01/03/2025 08:00 - 01/03/2025 09:00","Denmark (DK)","4391.24","4388.00"
"01/03/2025 09:00 - 01/03/2025 10:00","Denmark (DK)","4512.23","4444.00"
"01/03/2025 10:00 - 01/03/2025 11:00","Denmark (DK)","4611.92","4520.00"
"01/03/2025 11:00 - 01/03/2025 12:00","Denmark (DK)","4631.42","4569.00"
"01/03/2025 12:00 - 01/03/2025 13:00","Denmark (DK)","4595.55","4544.00"
"01/03/2025 13:00 - 01/03/2025 14:00","Denmark (DK)","4570.31","4526.00"
"01/03/2025 14:00 - 01/03/2025 15:00","Denmark (DK)","4603.66","4492.00"
"01/03/2025 15:00 - 01/03/2025 16:00","Denmark (DK)","4586.03","4574.00"
"01/03/2025 16:00 - 01/03/2025 17:00","Denmark (DK)","4505.30","4682.00"
"01/03/2025 17:00 - 01/03/2025 18:00","Denmark (DK)","4678.37","4814.00"
"01/03/2025 18:00 - 01/03/2025 19:00","Denmark (DK)","4835.95","4871.00"
"01/03/2025 19:00 - 01/03/2025 20:00","Denmark (DK)","4608.37","4581.00"
"01/03/2025 20:00 - 01/03/2025 21:00","Denmark (DK)","4369.02","4358.00"
"01/03/2025 21:00 - 01/03/2025 22:00","Denmark (DK)","4268.30","4219.00"
"01/03/2025 22:00 - 01/03/2025 23:00","Denmark (DK)","4143.68","4095.00"
"01/03/2025 23:00 - 02/03/2025 00:00","Denmark (DK)","4006.38","4022.00"
"02/03/2025 00:00 - 02/03/2025 01:00","Denmark (DK)","3955.36","3972.00"
"02/03/2025 01:00 - 02/03/2025 02:00","Denmark (DK)","3941.50","3882.00"
"02/03/2025 02:00 - 02/03/2025 03:00","Denmark (DK)","4012.15","3833.00"
"02/03/2025 03:00 - 02/03/2025 04:00","Denmark (DK)","3964.52","3857.00"
"02/03/2025 04:00 - 02/03/2025 05:00","Denmark (DK)","3958.41","3803.00"
"02/03/2025 05:00 - 02/03/2025 06:00","Denmark (DK)","3788.19","3912.00"
"02/03/2025 06:00 - 02/03/2025 07:00","Denmark (DK)","3735.94","3850.00"
"02/03/2025 07:00 - 02/03/2025 08:00","Denmark (DK)","3911.35","3974.00"
"02/03/2025 08:00 - 02/03/2025 09:00","Denmark (DK)","4193.92","4174.00"
"02/03/2025 09:00 - 02/03/2025 10:00","Denmark (DK)","4413.61","4335.00"
"02/03/2025 10:00 - 02/03/2025 11:00","Denmark (DK)","4882.01","4654.00"
"02/03/2025 11:00 - 02/03/2025 12:00","Denmark (DK)","5197.58","4926.00"
"02/03/2025 12:00 - 02/03/2025 13:00","Denmark (DK)","5340.55","5243.00"
"02/03/2025 13:00 - 02/03/2025 14:00","Denmark (DK)","5183.69","5177.00"
"02/03/2025 14:00 - 02/03/2025 15:00","Denmark (DK)","5172.63","5062.00"
"02/03/2025 15:00 - 02/03/2025 16:00","Denmark (DK)","4880.27","4967.00"
"02/03/2025 16:00 - 02/03/2025 17:00","Denmark (DK)","4806.93","4895.00"
"02/03/2025 17:00 - 02/03/2025 18:00","Denmark (DK)","4878.35","5025.00"
"02/03/2025 18:00 - 02/03/2025 19:00","Denmark (DK)","4898.74","4997.00"
"02/03/2025 19:00 - 02/03/2025 20:00","Denmark (DK)","4660.12","4654.00"
"02/03/2025 20:00 - 02/03/2025 21:00","Denmark (DK)","4464.06","4575.00"
"02/03/2025 21:00 - 02/03/2025 22:00","Denmark (DK)","4443.56","4391.00"
"02/03/2025 22:00 - 02/03/2025 23:00","Denmark (DK)","4383.56","4328.00"
"02/03/2025 23:00 - 03/03/2025 00:00","Denmark (DK)","4314.55","4271.00"
"03/03/2025 00:00 - 03/03/2025 01:00","Denmark (DK)","4517.60","4386.00"
"03/03/2025 01:00 - 03/03/2025 02:00","Denmark (DK)","4492.76","4449.00"
"03/03/2025 02:00 - 03/03/2025 03:00","Denmark (DK)","4451.67","4449.00"
"03/03/2025 03:00 - 03/03/2025 04:00","Denmark (DK)","4350.85","4462.00"
"03/03/2025 04:00 - 03/03/2025 05:00","Denmark (DK)","4407.80","4357.00"
"03/03/2025 05:00 - 03/03/2025 06:00","Denmark (DK)","4545.82","4656.00"
"03/03/2025 06:00 - 03/03/2025 07:00","Denmark (DK)","4945.78","5041.00"
"03/03/2025 07:00 - 03/03/2025 08:00","Denmark (DK)","5342.33","5412.00"
"03/03/2025 08:00 - 03/03/2025 09:00","Denmark (DK)","5584.12","5515.00"
"03/03/2025 09:00 - 03/03/2025 10:00","Denmark (DK)","5712.04","5561.00"
"03/03/2025 10:00 - 03/03/2025 11:00","Denmark (DK)","6034.11","5839.00"
"03/03/2025 11:00 - 03/03/2025 12:00","Denmark (DK)","6066.96","6080.00"
"03/03/2025 12:00 - 03/03/2025 13:00","Denmark (DK)","5799.70","5809.00"
"03/03/2025 13:00 - 03/03/2025 14:00","Denmark (DK)","5874.54","5808.00"
"03/03/2025 14:00 - 03/03/2025 15:00","Denmark (DK)","5575.11","5620.00"
"03/03/2025 15:00 - 03/03/2025 16:00","Denmark (DK)","5326.75","5377.00"
"03/03/2025 16:00 - 03/03/2025 17:00","Denmark (DK)","5187.89","5329.00"
"03/03/2025 17:00 - 03/03/2025 18:00","Denmark (DK)","5328.21","5442.00"
"03/03/2025 18:00 - 03/03/2025 19:00","Denmark (DK)","5346.28","5435.00"
"03/03/2025 19:00 - 03/03/2025 20:00","Denmark (DK)","5017.73","5066.00"
"03/03/2025 20:00 - 03/03/2025 21:00","Denmark (DK)","4942.04","4832.00"
"03/03/2025 21:00 - 03/03/2025 22:00","Denmark (DK)","4755.65","4706.00"
"03/03/2025 22:00 - 03/03/2025 23:00","Denmark (DK)","4614.00","4554.00"
"03/03/2025 23:00 - 04/03/2025 00:00","Denmark (DK)","4344.20","4382.00"
"04/03/2025 00:00 - 04/03/2025 01:00","Denmark (DK)","4414.14","4281.00"
"04/03/2025 01:00 - 04/03/2025 02:00","Denmark (DK)","4305.35","4283.00"
"04/03/2025 02:00 - 04/03/2025 03:00","Denmark (DK)","4259.73","4219.00"
"04/03/2025 03:00 - 04/03/2025 04:00","Denmark (DK)","4308.14","4228.00"
"04/03/2025 04:00 - 04/03/2025 05:00","Denmark (DK)","4299.15","4311.00"
"04/03/2025 05:00 - 04/03/2025 06:00","Denmark (DK)","4314.32","4375.00"
"04/03/2025 06:00 - 04/03/2025 07:00","Denmark (DK)","4816.00","4808.00"
"04/03/2025 07:00 - 04/03/2025 08:00","Denmark (DK)","5111.69","5248.00"
"04/03/2025 08:00 - 04/03/2025 09:00","Denmark (DK)","5300.23","5318.00"
"04/03/2025 09:00 - 04/03/2025 10:00","Denmark (DK)","5349.93","5307.00"
"04/03/2025 10:00 - 04/03/2025 11:00","Denmark (DK)","5600.91","5451.00"
"04/03/2025 11:00 - 04/03/2025 12:00","Denmark (DK)","5742.79","5526.00"
"04/03/2025 12:00 - 04/03/2025 13:00","Denmark (DK)","5685.73","5555.00"
"04/03/2025 13:00 - 04/03/2025 14:00","Denmark (DK)","5597.66","5549.00"
"04/03/2025 14:00 - 04/03/2025 15:00","Denmark (DK)","5419.62","5426.00"
"04/03/2025 15:00 - 04/03/2025 16:00","Denmark (DK)","5264.35","5256.00"
"04/03/2025 16:00 - 04/03/2025 17:00","Denmark (DK)","5246.38","5235.00"
"04/03/2025 17:00 - 04/03/2025 18:00","Denmark (DK)","5431.15","5452.00"
"04/03/2025 18:00 - 04/03/2025 19:00","Denmark (DK)","5472.47","5489.00"
"04/03/2025 19:00 - 04/03/2025 20:00","Denmark (DK)","5272.23","5308.00"
"04/03/2025 20:00 - 04/03/2025 21:00","Denmark (DK)","5093.17","5144.00"
"04/03/2025 21:00 - 04/03/2025 22:00","Denmark (DK)","4968.82","5020.00"
"04/03/2025 22:00 - 04/03/2025 23:00","Denmark (DK)","4705.07","4885.00"
"04/03/2025 23:00 - 05/03/2025 00:00","Denmark (DK)","4512.29","4726.00"
"05/03/2025 00:00 - 05/03/2025 01:00","Denmark (DK)","4715.43","4411.00"
"05/03/2025 01:00 - 05/03/2025 02:00","Denmark (DK)","4736.78","4485.00"
"05/03/2025 02:00 - 05/03/2025 03:00","Denmark (DK)","4688.03","4682.00"
"05/03/2025 03:00 - 05/03/2025 04:00","Denmark (DK)","4611.43","4657.00"
"05/03/2025 04:00 - 05/03/2025 05:00","Denmark (DK)","4482.97","4618.00"
"05/03/2025 05:00 - 05/03/2025 06:00","Denmark (DK)","4605.88","4653.00"
"05/03/2025 06:00 - 05/03/2025 07:00","Denmark (DK)","5004.31","4865.00"
"05/03/2025 07:00 - 05/03/2025 08:00","Denmark (DK)","5388.15","5199.00"
"05/03/2025 08:00 - 05/03/2025 09:00","Denmark (DK)","5638.52","5560.00"
"05/03/2025 09:00 - 05/03/2025 10:00","Denmark (DK)","5734.07","5731.00"
"05/03/2025 10:00 - 05/03/2025 11:00","Denmark (DK)","5805.80","5835.00"
"05/03/2025 11:00 - 05/03/2025 12:00","Denmark (DK)","5932.02","5874.00"
"05/03/2025 12:00 - 05/03/2025 13:00","Denmark (DK)","5780.75","5795.00"
"05/03/2025 13:00 - 05/03/2025 14:00","Denmark (DK)","5617.52","5667.00"
"05/03/2025 14:00 - 05/03/2025 15:00","Denmark (DK)","5461.74","5484.00"
"05/03/2025 15:00 - 05/03/2025 16:00","Denmark (DK)","5413.14","5330.00"
"05/03/2025 16:00 - 05/03/2025 17:00","Denmark (DK)","5393.92","5393.00"
"05/03/2025 17:00 - 05/03/2025 18:00","Denmark (DK)","5465.03","5608.00"
"05/03/2025 18:00 - 05/03/2025 19:00","Denmark (DK)","5509.44","5613.00"
"05/03/2025 19:00 - 05/03/2025 20:00","Denmark (DK)","5297.82","5627.00"
"05/03/2025 20:00 - 05/03/2025 21:00","Denmark (DK)","5126.66","5356.00"
"05/03/2025 21:00 - 05/03/2025 22:00","Denmark (DK)","5025.73","5346.00"
"05/03/2025 22:00 - 05/03/2025 23:00","Denmark (DK)","4793.80","5285.00"
"05/03/2025 23:00 - 06/03/2025 00:00","Denmark (DK)","4607.13","5118.00"
"06/03/2025 00:00 - 06/03/2025 01:00","Denmark (DK)","4749.08","4505.00"
"06/03/2025 01:00 - 06/03/2025 02:00","Denmark (DK)","4708.71","4448.00"
"06/03/2025 02:00 - 06/03/2025 03:00","Denmark (DK)","4419.70","4462.00"
"06/03/2025 03:00 - 06/03/2025 04:00","Denmark (DK)","4167.36","4432.00"
"06/03/2025 04:00 - 06/03/2025 05:00","Denmark (DK)","4100.54","4465.00"
"06/03/2025 05:00 - 06/03/2025 06:00","Denmark (DK)","4223.70","4478.00"
"06/03/2025 06:00 - 06/03/2025 07:00","Denmark (DK)","4692.35","4632.00"
"06/03/2025 07:00 - 06/03/2025 08:00","Denmark (DK)","5097.49","4980.00"
"06/03/2025 08:00 - 06/03/2025 09:00","Denmark (DK)","5281.83","5184.00"
"06/03/2025 09:00 - 06/03/2025 10:00","Denmark (DK)","5229.02","5237.00"
"06/03/2025 10:00 - 06/03/2025 11:00","Denmark (DK)","5342.27","5272.00"
"06/03/2025 11:00 - 06/03/2025 12:00","Denmark (DK)","5486.37","5247.00"
"06/03/2025 12:00 - 06/03/2025 13:00","Denmark (DK)","5458.05","5150.00"
"06/03/2025 13:00 - 06/03/2025 14:00","Denmark (DK)","5328.15","5165.00"
"06/03/2025 14:00 - 06/03/2025 15:00","Denmark (DK)","4999.54","5075.00"
"06/03/2025 15:00 - 06/03/2025 16:00","Denmark (DK)","4668.92","4909.00"
"06/03/2025 16:00 - 06/03/2025 17:00","Denmark (DK)","4561.02","4963.00"
"06/03/2025 17:00 - 06/03/2025 18:00","Denmark (DK)","4917.80","5246.00"
"06/03/2025 18:00 - 06/03/2025 19:00","Denmark (DK)","4917.74","5406.00"
"06/03/2025 19:00 - 06/03/2025 20:00","Denmark (DK)","4719.19","5331.00"
"06/03/2025 20:00 - 06/03/2025 21:00","Denmark (DK)","4582.01","4941.00"
"06/03/2025 21:00 - 06/03/2025 22:00","Denmark (DK)","4318.54","4831.00"
"06/03/2025 22:00 - 06/03/2025 23:00","Denmark (DK)","4089.79","4688.00"
"06/03/2025 23:00 - 07/03/2025 00:00","Denmark (DK)","3959.39","4585.00"
"07/03/2025 00:00 - 07/03/2025 01:00","Denmark (DK)","4219.06","4520.00"
"07/03/2025 01:00 - 07/03/2025 02:00","Denmark (DK)","4097.27","4485.00"
"07/03/2025 02:00 - 07/03/2025 03:00","Denmark (DK)","3936.87","4440.00"
"07/03/2025 03:00 - 07/03/2025 04:00","Denmark (DK)","3812.84","4390.00"
"07/03/2025 04:00 - 07/03/2025 05:00","Denmark (DK)","3705.46","4411.00"
"07/03/2025 05:00 - 07/03/2025 06:00","Denmark (DK)","3934.38","4519.00"
"07/03/2025 06:00 - 07/03/2025 07:00","Denmark (DK)","4502.30","4888.00"
"07/03/2025 07:00 - 07/03/2025 08:00","Denmark (DK)","5019.30","5298.00"
"07/03/2025 08:00 - 07/03/2025 09:00","Denmark (DK)","5169.88","5457.00"
"07/03/2025 09:00 - 07/03/2025 10:00","Denmark (DK)","5151.69","5402.00"
"07/03/2025 10:00 - 07/03/2025 11:00","Denmark (DK)","5173.38","5401.00"
"07/03/2025 11:00 - 07/03/2025 12:00","Denmark (DK)","5207.08","5341.00"
"07/03/2025 12:00 - 07/03/2025 13:00","Denmark (DK)","5100.19","5179.00"
"07/03/2025 13:00 - 07/03/2025 14:00","Denmark (DK)","4966.34","5043.00"
"07/03/2025 14:00 - 07/03/2025 15:00","Denmark (DK)","4725.32","4936.00"
"07/03/2025 15:00 - 07/03/2025 16:00","Denmark (DK)","4486.26","4889.00"
"07/03/2025 16:00 - 07/03/2025 17:00","Denmark (DK)","4509.36","4860.00"
"07/03/2025 17:00 - 07/03/2025 18:00","Denmark (DK)","4700.94","5104.00"
"07/03/2025 18:00 - 07/03/2025 19:00","Denmark (DK)","4684.18","5159.00"
"07/03/2025 19:00 - 07/03/2025 20:00","Denmark (DK)","4418.48","4947.00"
"07/03/2025 20:00 - 07/03/2025 21:00","Denmark (DK)","4134.89","4770.00"
"07/03/2025 21:00 - 07/03/2025 22:00","Denmark (DK)","3951.30","4664.00"
"07/03/2025 22:00 - 07/03/2025 23:00","Denmark (DK)","3797.84","4495.00"
"07/03/2025 23:00 - 08/03/2025 00:00","Denmark (DK)","3632.87","4332.00"
"08/03/2025 00:00 - 08/03/2025 01:00","Denmark (DK)","3641.00","3670.00"
"08/03/2025 01:00 - 08/03/2025 02:00","Denmark (DK)","3719.00","3641.00"
"08/03/2025 02:00 - 08/03/2025 03:00","Denmark (DK)","3590.86","3621.00"
"08/03/2025 03:00 - 08/03/2025 04:00","Denmark (DK)","3440.72","3580.00"
"08/03/2025 04:00 - 08/03/2025 05:00","Denmark (DK)","3365.50","3557.00"
"08/03/2025 05:00 - 08/03/2025 06:00","Denmark (DK)","3367.04","3580.00"
"08/03/2025 06:00 - 08/03/2025 07:00","Denmark (DK)","3540.16","3644.00"
"08/03/2025 07:00 - 08/03/2025 08:00","Denmark (DK)","3760.26","3801.00"
"08/03/2025 08:00 - 08/03/2025 09:00","Denmark (DK)","4011.46","4040.00"
"08/03/2025 09:00 - 08/03/2025 10:00","Denmark (DK)","4171.89","4196.00"
"08/03/2025 10:00 - 08/03/2025 11:00","Denmark (DK)","4501.05","4347.00"
"08/03/2025 11:00 - 08/03/2025 12:00","Denmark (DK)","4601.94","4431.00"
"08/03/2025 12:00 - 08/03/2025 13:00","Denmark (DK)","4572.11","4421.00"
"08/03/2025 13:00 - 08/03/2025 14:00","Denmark (DK)","4435.79","4372.00"
"08/03/2025 14:00 - 08/03/2025 15:00","Denmark (DK)","4277.83","4306.00"
"08/03/2025 15:00 - 08/03/2025 16:00","Denmark (DK)","3915.96","4176.00"
"08/03/2025 16:00 - 08/03/2025 17:00","Denmark (DK)","3997.27","4265.00"
"08/03/2025 17:00 - 08/03/2025 18:00","Denmark (DK)","4265.44","4547.00"
"08/03/2025 18:00 - 08/03/2025 19:00","Denmark (DK)","4335.17","4690.00"
"08/03/2025 19:00 - 08/03/2025 20:00","Denmark (DK)","4119.11","4398.00"
"08/03/2025 20:00 - 08/03/2025 21:00","Denmark (DK)","3882.70","4174.00"
"08/03/2025 21:00 - 08/03/2025 22:00","Denmark (DK)","3805.47","4091.00"
"08/03/2025 22:00 - 08/03/2025 23:00","Denmark (DK)","3593.20","3984.00"
"08/03/2025 23:00 - 09/03/2025 00:00","Denmark (DK)","3463.97","3874.00"
"09/03/2025 00:00 - 09/03/2025 01:00","Denmark (DK)","3533.54","3624.00"
"09/03/2025 01:00 - 09/03/2025 02:00","Denmark (DK)","3485.84","3516.00"
"09/03/2025 02:00 - 09/03/2025 03:00","Denmark (DK)","3379.67","3402.00"
"09/03/2025 03:00 - 09/03/2025 04:00","Denmark (DK)","3258.21","3328.00"
"09/03/2025 04:00 - 09/03/2025 05:00","Denmark (DK)","3213.08","3256.00"
"09/03/2025 05:00 - 09/03/2025 06:00","Denmark (DK)","3239.76","3265.00"
"09/03/2025 06:00 - 09/03/2025 07:00","Denmark (DK)","3436.40","3386.00"
"09/03/2025 07:00 - 09/03/2025 08:00","Denmark (DK)","3649.22","3590.00"
"09/03/2025 08:00 - 09/03/2025 09:00","Denmark (DK)","3979.77","3867.00"
"09/03/2025 09:00 - 09/03/2025 10:00","Denmark (DK)","4252.03","3980.00"
"09/03/2025 10:00 - 09/03/2025 11:00","Denmark (DK)","4431.77","4097.00"
"09/03/2025 11:00 - 09/03/2025 12:00","Denmark (DK)","4582.95","4112.00"
"09/03/2025 12:00 - 09/03/2025 13:00","Denmark (DK)","4616.50","4154.00"
"09/03/2025 13:00 - 09/03/2025 14:00","Denmark (DK)","4472.70","4221.00"
"09/03/2025 14:00 - 09/03/2025 15:00","Denmark (DK)","4318.01","4119.00"
"09/03/2025 15:00 - 09/03/2025 16:00","Denmark (DK)","4182.71","3963.00"
"09/03/2025 16:00 - 09/03/2025 17:00","Denmark (DK)","4139.51","4119.00"
"09/03/2025 17:00 - 09/03/2025 18:00","Denmark (DK)","4370.80","4444.00"
"09/03/2025 18:00 - 09/03/2025 19:00","Denmark (DK)","4459.49","4601.00"
"09/03/2025 19:00 - 09/03/2025 20:00","Denmark (DK)","4263.20","4403.00"
"09/03/2025 20:00 - 09/03/2025 21:00","Denmark (DK)","4044.63","4266.00"
"09/03/2025 21:00 - 09/03/2025 22:00","Denmark (DK)","3868.14","4157.00"
"09/03/2025 22:00 - 09/03/2025 23:00","Denmark (DK)","3677.95","3930.00"
"09/03/2025 23:00 - 10/03/2025 00:00","Denmark (DK)","3533.56","3775.00"
"10/03/2025 00:00 - 10/03/2025 01:00","Denmark (DK)","3713.23","3621.00"
"10/03/2025 01:00 - 10/03/2025 02:00","Denmark (DK)","3689.45","3571.00"
"10/03/2025 02:00 - 10/03/2025 03:00","Denmark (DK)","3597.62","3516.00"
"10/03/2025 03:00 - 10/03/2025 04:00","Denmark (DK)","3464.88","3451.00"
"10/03/2025 04:00 - 10/03/2025 05:00","Denmark (DK)","3508.39","3449.00"
"10/03/2025 05:00 - 10/03/2025 06:00","Denmark (DK)","3691.54","3746.00"
"10/03/2025 06:00 - 10/03/2025 07:00","Denmark (DK)","4287.75","4342.00"
"10/03/2025 07:00 - 10/03/2025 08:00","Denmark (DK)","4814.24","4716.00"
"10/03/2025 08:00 - 10/03/2025 09:00","Denmark (DK)","5018.74","4894.00"
"10/03/2025 09:00 - 10/03/2025 10:00","Denmark (DK)","5005.10","4980.00"
"10/03/2025 10:00 - 10/03/2025 11:00","Denmark (DK)","4917.62","5142.00"
"10/03/2025 11:00 - 10/03/2025 12:00","Denmark (DK)","4894.85","5145.00"
"10/03/2025 12:00 - 10/03/2025 13:00","Denmark (DK)","4830.25","5119.00"
"10/03/2025 13:00 - 10/03/2025 14:00","Denmark (DK)","4721.76","5119.00"
"10/03/2025 14:00 - 10/03/2025 15:00","Denmark (DK)","4638.18","4792.00"
"10/03/2025 15:00 - 10/03/2025 16:00","Denmark (DK)","4563.72","4542.00"
"10/03/2025 16:00 - 10/03/2025 17:00","Denmark (DK)","4585.64","4621.00"
"10/03/2025 17:00 - 10/03/2025 18:00","Denmark (DK)","4854.88","4894.00"
"10/03/2025 18:00 - 10/03/2025 19:00","Denmark (DK)","4896.85","5019.00"
"10/03/2025 19:00 - 10/03/2025 20:00","Denmark (DK)","4641.79","4749.00"
"10/03/2025 20:00 - 10/03/2025 21:00","Denmark (DK)","4340.98","4369.00"
"10/03/2025 21:00 - 10/03/2025 22:00","Denmark (DK)","4194.89","4044.00"
"10/03/2025 22:00 - 10/03/2025 23:00","Denmark (DK)","3971.55","3804.00"
"10/03/2025 23:00 - 11/03/2025 00:00","Denmark (DK)","3841.75","3677.00"
"11/03/2025 00:00 - 11/03/2025 01:00","Denmark (DK)","3934.80","3711.00"
"11/03/2025 01:00 - 11/03/2025 02:00","Denmark (DK)","3906.99","3873.00"
"11/03/2025 02:00 - 11/03/2025 03:00","Denmark (DK)","3766.34","3777.00"
"11/03/2025 03:00 - 11/03/2025 04:00","Denmark (DK)","3638.31","3790.00"
"11/03/2025 04:00 - 11/03/2025 05:00","Denmark (DK)","3607.66","3763.00"
"11/03/2025 05:00 - 11/03/2025 06:00","Denmark (DK)","3759.67","3795.00"
"11/03/2025 06:00 - 11/03/2025 07:00","Denmark (DK)","4356.69","4405.00"
"11/03/2025 07:00 - 11/03/2025 08:00","Denmark (DK)","4846.11","4930.00"
"11/03/2025 08:00 - 11/03/2025 09:00","Denmark (DK)","5055.16","5070.00"
"11/03/2025 09:00 - 11/03/2025 10:00","Denmark (DK)","5139.67","5043.00"
"11/03/2025 10:00 - 11/03/2025 11:00","Denmark (DK)","5248.39","5114.00"
"11/03/2025 11:00 - 11/03/2025 12:00","Denmark (DK)","5275.41","5149.00"
"11/03/2025 12:00 - 11/03/2025 13:00","Denmark (DK)","5244.76","5024.00"
"11/03/2025 13:00 - 11/03/2025 14:00","Denmark (DK)","5251.90","5057.00"
"11/03/2025 14:00 - 11/03/2025 15:00","Denmark (DK)","5153.64","5167.00"
"11/03/2025 15:00 - 11/03/2025 16:00","Denmark (DK)","5011.75","5152.00"
"11/03/2025 16:00 - 11/03/2025 17:00","Denmark (DK)","5079.77","5178.00"
"11/03/2025 17:00 - 11/03/2025 18:00","Denmark (DK)","5303.57","5377.00"
"11/03/2025 18:00 - 11/03/2025 19:00","Denmark (DK)","5250.49","5395.00"
"11/03/2025 19:00 - 11/03/2025 20:00","Denmark (DK)","4962.40","5041.00"
"11/03/2025 20:00 - 11/03/2025 21:00","Denmark (DK)","4656.54","4787.00"
"11/03/2025 21:00 - 11/03/2025 22:00","Denmark (DK)","4446.36","4422.00"
"11/03/2025 22:00 - 11/03/2025 23:00","Denmark (DK)","4193.06","4165.00"
"11/03/2025 23:00 - 12/03/2025 00:00","Denmark (DK)","3978.27","4041.00"
"12/03/2025 00:00 - 12/03/2025 01:00","Denmark (DK)","4312.78","3805.00"
"12/03/2025 01:00 - 12/03/2025 02:00","Denmark (DK)","4253.77","3826.00"
"12/03/2025 02:00 - 12/03/2025 03:00","Denmark (DK)","4205.00","3829.00"
"12/03/2025 03:00 - 12/03/2025 04:00","Denmark (DK)","4005.46","3852.00"
"12/03/2025 04:00 - 12/03/2025 05:00","Denmark (DK)","3856.09","3831.00"
"12/03/2025 05:00 - 12/03/2025 06:00","Denmark (DK)","3995.84","3968.00"
"12/03/2025 06:00 - 12/03/2025 07:00","Denmark (DK)","4420.47","4511.00"
"12/03/2025 07:00 - 12/03/2025 08:00","Denmark (DK)","4967.82","4994.00"
"12/03/2025 08:00 - 12/03/2025 09:00","Denmark (DK)","5114.83","5181.00"
"12/03/2025 09:00 - 12/03/2025 10:00","Denmark (DK)","5145.87","5256.00"
"12/03/2025 10:00 - 12/03/2025 11:00","Denmark (DK)","5282.74","5347.00"
"12/03/2025 11:00 - 12/03/2025 12:00","Denmark (DK)","5268.70","5379.00"
"12/03/2025 12:00 - 12/03/2025 13:00","Denmark (DK)","5200.40","5344.00"
"12/03/2025 13:00 - 12/03/2025 14:00","Denmark (DK)","5197.72","5276.00"
"12/03/2025 14:00 - 12/03/2025 15:00","Denmark (DK)","5065.89","5243.00"
"12/03/2025 15:00 - 12/03/2025 16:00","Denmark (DK)","4937.57","5184.00"
"12/03/2025 16:00 - 12/03/2025 17:00","Denmark (DK)","4960.17","5126.00"
"12/03/2025 17:00 - 12/03/2025 18:00","Denmark (DK)","5288.04","5329.00"
"12/03/2025 18:00 - 12/03/2025 19:00","Denmark (DK)","5270.52","5284.00"
"12/03/2025 19:00 - 12/03/2025 20:00","Denmark (DK)","5031.65","4982.00"
"12/03/2025 20:00 - 12/03/2025 21:00","Denmark (DK)","4737.15","4927.00"
"12/03/2025 21:00 - 12/03/2025 22:00","Denmark (DK)","4496.14","4583.00"
"12/03/2025 22:00 - 12/03/2025 23:00","Denmark (DK)","4282.06","4277.00"
"12/03/2025 23:00 - 13/03/2025 00:00","Denmark (DK)","4162.31","4020.00"
"13/03/2025 00:00 - 13/03/2025 01:00","Denmark (DK)","4283.68","4152.00"
"13/03/2025 01:00 - 13/03/2025 02:00","Denmark (DK)","4314.41","4084.00"
"13/03/2025 02:00 - 13/03/2025 03:00","Denmark (DK)","4267.53","4037.00"
"13/03/2025 03:00 - 13/03/2025 04:00","Denmark (DK)","4154.29","4001.00"
"13/03/2025 04:00 - 13/03/2025 05:00","Denmark (DK)","4047.41","3993.00"
"13/03/2025 05:00 - 13/03/2025 06:00","Denmark (DK)","4076.34","4121.00"
"13/03/2025 06:00 - 13/03/2025 07:00","Denmark (DK)","4540.31","4513.00"
"13/03/2025 07:00 - 13/03/2025 08:00","Denmark (DK)","5010.48","4966.00"
"13/03/2025 08:00 - 13/03/2025 09:00","Denmark (DK)","5246.48","5185.00"
"13/03/2025 09:00 - 13/03/2025 10:00","Denmark (DK)","5266.06","5247.00"
"13/03/2025 10:00 - 13/03/2025 11:00","Denmark (DK)","5377.33","5266.00"
"13/03/2025 11:00 - 13/03/2025 12:00","Denmark (DK)","5368.28","5256.00"
"13/03/2025 12:00 - 13/03/2025 13:00","Denmark (DK)","5288.81","5299.00"
"13/03/2025 13:00 - 13/03/2025 14:00","Denmark (DK)","5291.97","5282.00"
"13/03/2025 14:00 - 13/03/2025 15:00","Denmark (DK)","5250.26","5219.00"
"13/03/2025 15:00 - 13/03/2025 16:00","Denmark (DK)","5095.84","5032.00"
"13/03/2025 16:00 - 13/03/2025 17:00","Denmark (DK)","5280.47","4950.00"
"13/03/2025 17:00 - 13/03/2025 18:00","Denmark (DK)","5522.26","5198.00"
"13/03/2025 18:00 - 13/03/2025 19:00","Denmark (DK)","5441.64","5208.00"
"13/03/2025 19:00 - 13/03/2025 20:00","Denmark (DK)","5173.02","5053.00"
"13/03/2025 20:00 - 13/03/2025 21:00","Denmark (DK)","4807.85","5009.00"
"13/03/2025 21:00 - 13/03/2025 22:00","Denmark (DK)","4537.04","4784.00"
"13/03/2025 22:00 - 13/03/2025 23:00","Denmark (DK)","4381.64","4568.00"
"13/03/2025 23:00 - 14/03/2025 00:00","Denmark (DK)","4194.71","4396.00"
"14/03/2025 00:00 - 14/03/2025 01:00","Denmark (DK)","4407.25","4270.00"
"14/03/2025 01:00 - 14/03/2025 02:00","Denmark (DK)","4517.62","4306.00"
"14/03/2025 02:00 - 14/03/2025 03:00","Denmark (DK)","4411.10","4219.00"
"14/03/2025 03:00 - 14/03/2025 04:00","Denmark (DK)","4322.29","4219.00"
"14/03/2025 04:00 - 14/03/2025 05:00","Denmark (DK)","4149.75","4189.00"
"14/03/2025 05:00 - 14/03/2025 06:00","Denmark (DK)","4209.46","4366.00"
"14/03/2025 06:00 - 14/03/2025 07:00","Denmark (DK)","4674.47","4756.00"
"14/03/2025 07:00 - 14/03/2025 08:00","Denmark (DK)","5120.48","5067.00"
"14/03/2025 08:00 - 14/03/2025 09:00","Denmark (DK)","5349.74","5155.00"
"14/03/2025 09:00 - 14/03/2025 10:00","Denmark (DK)","5285.87","5060.00"
"14/03/2025 10:00 - 14/03/2025 11:00","Denmark (DK)","5340.58","5186.00"
"14/03/2025 11:00 - 14/03/2025 12:00","Denmark (DK)","5367.27","5222.00"
"14/03/2025 12:00 - 14/03/2025 13:00","Denmark (DK)","5299.96","5153.00"
"14/03/2025 13:00 - 14/03/2025 14:00","Denmark (DK)","5156.57","5032.00"
"14/03/2025 14:00 - 14/03/2025 15:00","Denmark (DK)","4971.35","4824.00"
"14/03/2025 15:00 - 14/03/2025 16:00","Denmark (DK)","4845.90","4657.00"
"14/03/2025 16:00 - 14/03/2025 17:00","Denmark (DK)","4890.87","4655.00"
"14/03/2025 17:00 - 14/03/2025 18:00","Denmark (DK)","5077.94","4866.00"
"14/03/2025 18:00 - 14/03/2025 19:00","Denmark (DK)","5084.82","4933.00"
"14/03/2025 19:00 - 14/03/2025 20:00","Denmark (DK)","4877.08","4720.00"
"14/03/2025 20:00 - 14/03/2025 21:00","Denmark (DK)","4605.53","4568.00"
"14/03/2025 21:00 - 14/03/2025 22:00","Denmark (DK)","4523.31","4466.00"
"14/03/2025 22:00 - 14/03/2025 23:00","Denmark (DK)","4280.39","4319.00"
"14/03/2025 23:00 - 15/03/2025 00:00","Denmark (DK)","4110.90","4226.00"
"15/03/2025 00:00 - 15/03/2025 01:00","Denmark (DK)","4221.00","4244.00"
"15/03/2025 01:00 - 15/03/2025 02:00","Denmark (DK)","4228.93","4169.00"
"15/03/2025 02:00 - 15/03/2025 03:00","Denmark (DK)","4204.42","4121.00"
"15/03/2025 03:00 - 15/03/2025 04:00","Denmark (DK)","4260.93","4137.00"
"15/03/2025 04:00 - 15/03/2025 05:00","Denmark (DK)","4203.86","4060.00"
"15/03/2025 05:00 - 15/03/2025 06:00","Denmark (DK)","4097.09","3997.00"
"15/03/2025 06:00 - 15/03/2025 07:00","Denmark (DK)","4169.35","4099.00"
"15/03/2025 07:00 - 15/03/2025 08:00","Denmark (DK)","4387.09","4309.00"
"15/03/2025 08:00 - 15/03/2025 09:00","Denmark (DK)","4549.55","4583.00"
"15/03/2025 09:00 - 15/03/2025 10:00","Denmark (DK)","4500.53","4768.00"
"15/03/2025 10:00 - 15/03/2025 11:00","Denmark (DK)","4490.72","4820.00"
"15/03/2025 11:00 - 15/03/2025 12:00","Denmark (DK)","4541.71","4810.00"
"15/03/2025 12:00 - 15/03/2025 13:00","Denmark (DK)","4614.47","4805.00"
"15/03/2025 13:00 - 15/03/2025 14:00","Denmark (DK)","4603.04","4887.00"
"15/03/2025 14:00 - 15/03/2025 15:00","Denmark (DK)","4437.64","4544.00"
"15/03/2025 15:00 - 15/03/2025 16:00","Denmark (DK)","4336.52","4301.00"
"15/03/2025 16:00 - 15/03/2025 17:00","Denmark (DK)","4370.81","4248.00"
"15/03/2025 17:00 - 15/03/2025 18:00","Denmark (DK)","4625.99","4495.00"
"15/03/2025 18:00 - 15/03/2025 19:00","Denmark (DK)","4670.07","4620.00"
"15/03/2025 19:00 - 15/03/2025 20:00","Denmark (DK)","4489.46","4490.00"
"15/03/2025 20:00 - 15/03/2025 21:00","Denmark (DK)","4291.05","4357.00"
"15/03/2025 21:00 - 15/03/2025 22:00","Denmark (DK)","4090.48","4218.00"
"15/03/2025 22:00 - 15/03/2025 23:00","Denmark (DK)","3911.91","4048.00"
"15/03/2025 23:00 - 16/03/2025 00:00","Denmark (DK)","3825.50","3890.00"
"16/03/2025 00:00 - 16/03/2025 01:00","Denmark (DK)","3874.18","3944.00"
"16/03/2025 01:00 - 16/03/2025 02:00","Denmark (DK)","3899.13","3801.00"
"16/03/2025 02:00 - 16/03/2025 03:00","Denmark (DK)","3899.16","3733.00"
"16/03/2025 03:00 - 16/03/2025 04:00","Denmark (DK)","3825.73","3681.00"
"16/03/2025 04:00 - 16/03/2025 05:00","Denmark (DK)","3769.26","3746.00"
"16/03/2025 05:00 - 16/03/2025 06:00","Denmark (DK)","3794.60","3713.00"
"16/03/2025 06:00 - 16/03/2025 07:00","Denmark (DK)","3810.29","3902.00"
"16/03/2025 07:00 - 16/03/2025 08:00","Denmark (DK)","4058.73","4084.00"
"16/03/2025 08:00 - 16/03/2025 09:00","Denmark (DK)","4377.76","4267.00"
"16/03/2025 09:00 - 16/03/2025 10:00","Denmark (DK)","4595.05","4456.00"
"16/03/2025 10:00 - 16/03/2025 11:00","Denmark (DK)","4763.46","4700.00"
"16/03/2025 11:00 - 16/03/2025 12:00","Denmark (DK)","4940.89","4782.00"
"16/03/2025 12:00 - 16/03/2025 13:00","Denmark (DK)","5092.92","4637.00"
"16/03/2025 13:00 - 16/03/2025 14:00","Denmark (DK)","5004.09","4630.00"
"16/03/2025 14:00 - 16/03/2025 15:00","Denmark (DK)","4759.69","4855.00"
"16/03/2025 15:00 - 16/03/2025 16:00","Denmark (DK)","4699.29","4755.00"
"16/03/2025 16:00 - 16/03/2025 17:00","Denmark (DK)","4698.98","4762.00"
"16/03/2025 17:00 - 16/03/2025 18:00","Denmark (DK)","4793.76","5050.00"
"16/03/2025 18:00 - 16/03/2025 19:00","Denmark (DK)","4784.93","5100.00"
"16/03/2025 19:00 - 16/03/2025 20:00","Denmark (DK)","4638.94","4865.00"
"16/03/2025 20:00 - 16/03/2025 21:00","Denmark (DK)","4453.97","4621.00"
"16/03/2025 21:00 - 16/03/2025 22:00","Denmark (DK)","4444.45","4556.00"
"16/03/2025 22:00 - 16/03/2025 23:00","Denmark (DK)","4381.79","4398.00"
"16/03/2025 23:00 - 17/03/2025 00:00","Denmark (DK)","4206.75","4303.00"
"17/03/2025 00:00 - 17/03/2025 01:00","Denmark (DK)","4374.09","4074.00"
"17/03/2025 01:00 - 17/03/2025 02:00","Denmark (DK)","4210.02","4025.00"
"17/03/2025 02:00 - 17/03/2025 03:00","Denmark (DK)","4017.94","4051.00"
"17/03/2025 03:00 - 17/03/2025 04:00","Denmark (DK)","3922.33","4079.00"
"17/03/2025 04:00 - 17/03/2025 05:00","Denmark (DK)","3895.88","4134.00"
"17/03/2025 05:00 - 17/03/2025 06:00","Denmark (DK)","4025.49","4218.00"
"17/03/2025 06:00 - 17/03/2025 07:00","Denmark (DK)","4421.99","4698.00"
"17/03/2025 07:00 - 17/03/2025 08:00","Denmark (DK)","5027.52","5061.00"
"17/03/2025 08:00 - 17/03/2025 09:00","Denmark (DK)","5253.95","5234.00"
"17/03/2025 09:00 - 17/03/2025 10:00","Denmark (DK)","5239.39","5254.00"
"17/03/2025 10:00 - 17/03/2025 11:00","Denmark (DK)","5329.22","5331.00"
"17/03/2025 11:00 - 17/03/2025 12:00","Denmark (DK)","5398.54","5335.00"
"17/03/2025 12:00 - 17/03/2025 13:00","Denmark (DK)","5308.49","5222.00"
"17/03/2025 13:00 - 17/03/2025 14:00","Denmark (DK)","5278.77","5183.00"
"17/03/2025 14:00 - 17/03/2025 15:00","Denmark (DK)","5154.25","5131.00"
"17/03/2025 15:00 - 17/03/2025 16:00","Denmark (DK)","4974.51","5045.00"
"17/03/2025 16:00 - 17/03/2025 17:00","Denmark (DK)","4976.76","5120.00"
"17/03/2025 17:00 - 17/03/2025 18:00","Denmark (DK)","5202.12","5333.00"
"17/03/2025 18:00 - 17/03/2025 19:00","Denmark (DK)","5129.40","5365.00"
"17/03/2025 19:00 - 17/03/2025 20:00","Denmark (DK)","4963.53","5071.00"
"17/03/2025 20:00 - 17/03/2025 21:00","Denmark (DK)","4739.02","4670.00"
"17/03/2025 21:00 - 17/03/2025 22:00","Denmark (DK)","4572.63","4387.00"
"17/03/2025 22:00 - 17/03/2025 23:00","Denmark (DK)","4301.80","4149.00"
"17/03/2025 23:00 - 18/03/2025 00:00","Denmark (DK)","4128.11","4034.00"
"18/03/2025 00:00 - 18/03/2025 01:00","Denmark (DK)","4269.57","3965.00"
"18/03/2025 01:00 - 18/03/2025 02:00","Denmark (DK)","4324.64","3891.00"
"18/03/2025 02:00 - 18/03/2025 03:00","Denmark (DK)","4149.89","3833.00"
"18/03/2025 03:00 - 18/03/2025 04:00","Denmark (DK)","4128.27","3852.00"
"18/03/2025 04:00 - 18/03/2025 05:00","Denmark (DK)","3933.33","3974.00"
"18/03/2025 05:00 - 18/03/2025 06:00","Denmark (DK)","4079.63","4182.00"
"18/03/2025 06:00 - 18/03/2025 07:00","Denmark (DK)","4592.33","4437.00"
"18/03/2025 07:00 - 18/03/2025 08:00","Denmark (DK)","5042.59","4771.00"
"18/03/2025 08:00 - 18/03/2025 09:00","Denmark (DK)","5266.89","4985.00"
"18/03/2025 09:00 - 18/03/2025 10:00","Denmark (DK)","5421.60","5158.00"
"18/03/2025 10:00 - 18/03/2025 11:00","Denmark (DK)","5580.28","5323.00"
"18/03/2025 11:00 - 18/03/2025 12:00","Denmark (DK)","5642.62","5220.00"
"18/03/2025 12:00 - 18/03/2025 13:00","Denmark (DK)","5686.37","5507.00"
"18/03/2025 13:00 - 18/03/2025 14:00","Denmark (DK)","5625.43","5536.00"
"18/03/2025 14:00 - 18/03/2025 15:00","Denmark (DK)","5384.14","5462.00"
"18/03/2025 15:00 - 18/03/2025 16:00","Denmark (DK)","5201.89","5379.00"
"18/03/2025 16:00 - 18/03/2025 17:00","Denmark (DK)","5102.67","5191.00"
"18/03/2025 17:00 - 18/03/2025 18:00","Denmark (DK)","5223.32","5202.00"
"18/03/2025 18:00 - 18/03/2025 19:00","Denmark (DK)","5097.84","5223.00"
"18/03/2025 19:00 - 18/03/2025 20:00","Denmark (DK)","4973.67","5063.00"
"18/03/2025 20:00 - 18/03/2025 21:00","Denmark (DK)","4726.58","4842.00"
"18/03/2025 21:00 - 18/03/2025 22:00","Denmark (DK)","4518.69","4778.00"
"18/03/2025 22:00 - 18/03/2025 23:00","Denmark (DK)","4370.98","4669.00"
"18/03/2025 23:00 - 19/03/2025 00:00","Denmark (DK)","4144.67","4559.00"
"19/03/2025 00:00 - 19/03/2025 01:00","Denmark (DK)","4265.96","4279.00"
"19/03/2025 01:00 - 19/03/2025 02:00","Denmark (DK)","4318.03","4230.00"
"19/03/2025 02:00 - 19/03/2025 03:00","Denmark (DK)","4190.18","4167.00"
"19/03/2025 03:00 - 19/03/2025 04:00","Denmark (DK)","4057.42","4210.00"
"19/03/2025 04:00 - 19/03/2025 05:00","Denmark (DK)","3957.49","4297.00"
"19/03/2025 05:00 - 19/03/2025 06:00","Denmark (DK)","4074.03","4396.00"
"19/03/2025 06:00 - 19/03/2025 07:00","Denmark (DK)","4517.57","4598.00"
"19/03/2025 07:00 - 19/03/2025 08:00","Denmark (DK)","4933.03","4843.00"
"19/03/2025 08:00 - 19/03/2025 09:00","Denmark (DK)","5214.85","5074.00"
"19/03/2025 09:00 - 19/03/2025 10:00","Denmark (DK)","5270.79","5249.00"
"19/03/2025 10:00 - 19/03/2025 11:00","Denmark (DK)","5325.25","5319.00"
"19/03/2025 11:00 - 19/03/2025 12:00","Denmark (DK)","5374.45","5292.00"
"19/03/2025 12:00 - 19/03/2025 13:00","Denmark (DK)","5365.68","5176.00"
"19/03/2025 13:00 - 19/03/2025 14:00","Denmark (DK)","5274.47","5223.00"
"19/03/2025 14:00 - 19/03/2025 15:00","Denmark (DK)","5011.49","5150.00"
"19/03/2025 15:00 - 19/03/2025 16:00","Denmark (DK)","4767.64","4996.00"
"19/03/2025 16:00 - 19/03/2025 17:00","Denmark (DK)","4679.88","4719.00"
"19/03/2025 17:00 - 19/03/2025 18:00","Denmark (DK)","4841.22","4918.00"
"19/03/2025 18:00 - 19/03/2025 19:00","Denmark (DK)","4810.48","4977.00"
"19/03/2025 19:00 - 19/03/2025 20:00","Denmark (DK)","4706.94","4832.00"
"19/03/2025 20:00 - 19/03/2025 21:00","Denmark (DK)","4466.00","4605.00"
"19/03/2025 21:00 - 19/03/2025 22:00","Denmark (DK)","4303.36","4416.00"
"19/03/2025 22:00 - 19/03/2025 23:00","Denmark (DK)","4106.59","4224.00"
"19/03/2025 23:00 - 20/03/2025 00:00","Denmark (DK)","3895.43","4120.00"
"20/03/2025 00:00 - 20/03/2025 01:00","Denmark (DK)","3925.68","3961.00"
"20/03/2025 01:00 - 20/03/2025 02:00","Denmark (DK)","4104.20","3922.00"
"20/03/2025 02:00 - 20/03/2025 03:00","Denmark (DK)","4128.17","3876.00"
"20/03/2025 03:00 - 20/03/2025 04:00","Denmark (DK)","3973.79","3876.00"
"20/03/2025 04:00 - 20/03/2025 05:00","Denmark (DK)","3883.56","3899.00"
"20/03/2025 05:00 - 20/03/2025 06:00","Denmark (DK)","3979.88","4067.00"
"20/03/2025 06:00 - 20/03/2025 07:00","Denmark (DK)","4461.49","4463.00"
"20/03/2025 07:00 - 20/03/2025 08:00","Denmark (DK)","4918.53","4938.00"
"20/03/2025 08:00 - 20/03/2025 09:00","Denmark (DK)","5116.08","5135.00"
"20/03/2025 09:00 - 20/03/2025 10:00","Denmark (DK)","5128.25","5140.00"
"20/03/2025 10:00 - 20/03/2025 11:00","Denmark (DK)","5172.54","5175.00"
"20/03/2025 11:00 - 20/03/2025 12:00","Denmark (DK)","5260.00","5148.00"
"20/03/2025 12:00 - 20/03/2025 13:00","Denmark (DK)","5219.26","5090.00"
"20/03/2025 13:00 - 20/03/2025 14:00","Denmark (DK)","5142.20","5092.00"
"20/03/2025 14:00 - 20/03/2025 15:00","Denmark (DK)","4898.78","4956.00"
"20/03/2025 15:00 - 20/03/2025 16:00","Denmark (DK)","4639.85","4838.00"
"20/03/2025 16:00 - 20/03/2025 17:00","Denmark (DK)","4588.36","4872.00"
"20/03/2025 17:00 - 20/03/2025 18:00","Denmark (DK)","4848.42","5146.00"
"20/03/2025 18:00 - 20/03/2025 19:00","Denmark (DK)","4867.78","5177.00"
"20/03/2025 19:00 - 20/03/2025 20:00","Denmark (DK)","4736.04","5025.00"
"20/03/2025 20:00 - 20/03/2025 21:00","Denmark (DK)","4501.08","4767.00"
"20/03/2025 21:00 - 20/03/2025 22:00","Denmark (DK)","4285.35","4573.00"
"20/03/2025 22:00 - 20/03/2025 23:00","Denmark (DK)","4103.20","4359.00"
"20/03/2025 23:00 - 21/03/2025 00:00","Denmark (DK)","3980.88","4228.00"
"21/03/2025 00:00 - 21/03/2025 01:00","Denmark (DK)","4041.05","4126.00"
"21/03/2025 01:00 - 21/03/2025 02:00","Denmark (DK)","3994.03","4040.00"
"21/03/2025 02:00 - 21/03/2025 03:00","Denmark (DK)","4001.06","3963.00"
"21/03/2025 03:00 - 21/03/2025 04:00","Denmark (DK)","3971.19","3986.00"
"21/03/2025 04:00 - 21/03/2025 05:00","Denmark (DK)","3905.62","4015.00"
"21/03/2025 05:00 - 21/03/2025 06:00","Denmark (DK)","4046.40","4099.00"
"21/03/2025 06:00 - 21/03/2025 07:00","Denmark (DK)","4500.30","4475.00"
"21/03/2025 07:00 - 21/03/2025 08:00","Denmark (DK)","4923.21","4934.00"
"21/03/2025 08:00 - 21/03/2025 09:00","Denmark (DK)","5087.49","5106.00"
"21/03/2025 09:00 - 21/03/2025 10:00","Denmark (DK)","5075.35","5218.00"
"21/03/2025 10:00 - 21/03/2025 11:00","Denmark (DK)","5168.88","5340.00"
"21/03/2025 11:00 - 21/03/2025 12:00","Denmark (DK)","5235.03","5271.00"
"21/03/2025 12:00 - 21/03/2025 13:00","Denmark (DK)","5234.38","5161.00"
"21/03/2025 13:00 - 21/03/2025 14:00","Denmark (DK)","5115.71","5101.00"
"21/03/2025 14:00 - 21/03/2025 15:00","Denmark (DK)","4925.17","4824.00"
"21/03/2025 15:00 - 21/03/2025 16:00","Denmark (DK)","4741.39","4706.00"
"21/03/2025 16:00 - 21/03/2025 17:00","Denmark (DK)","4724.11","4753.00"
"21/03/2025 17:00 - 21/03/2025 18:00","Denmark (DK)","4827.31","4909.00"
"21/03/2025 18:00 - 21/03/2025 19:00","Denmark (DK)","4802.14","5025.00"
"21/03/2025 19:00 - 21/03/2025 20:00","Denmark (DK)","4715.86","4834.00"
"21/03/2025 20:00 - 21/03/2025 21:00","Denmark (DK)","4510.12","4587.00"
"21/03/2025 21:00 - 21/03/2025 22:00","Denmark (DK)","4312.68","4402.00"
"21/03/2025 22:00 - 21/03/2025 23:00","Denmark (DK)","4236.51","4226.00"
"21/03/2025 23:00 - 22/03/2025 00:00","Denmark (DK)","4109.34","4111.00"
"22/03/2025 00:00 - 22/03/2025 01:00","Denmark (DK)","4205.91","4153.00"
"22/03/2025 01:00 - 22/03/2025 02:00","Denmark (DK)","4359.36","4161.00"
"22/03/2025 02:00 - 22/03/2025 03:00","Denmark (DK)","4392.69","4100.00"
"22/03/2025 03:00 - 22/03/2025 04:00","Denmark (DK)","4301.29","4061.00"
"22/03/2025 04:00 - 22/03/2025 05:00","Denmark (DK)","4121.50","3981.00"
"22/03/2025 05:00 - 22/03/2025 06:00","Denmark (DK)","4019.51","3925.00"
"22/03/2025 06:00 - 22/03/2025 07:00","Denmark (DK)","4078.72","4026.00"
"22/03/2025 07:00 - 22/03/2025 08:00","Denmark (DK)","4294.46","4314.00"
"22/03/2025 08:00 - 22/03/2025 09:00","Denmark (DK)","4492.03","4559.00"
"22/03/2025 09:00 - 22/03/2025 10:00","Denmark (DK)","4696.12","4785.00"
"22/03/2025 10:00 - 22/03/2025 11:00","Denmark (DK)","4860.86","4947.00"
"22/03/2025 11:00 - 22/03/2025 12:00","Denmark (DK)","5070.44","4956.00"
"22/03/2025 12:00 - 22/03/2025 13:00","Denmark (DK)","5116.67","5118.00"
"22/03/2025 13:00 - 22/03/2025 14:00","Denmark (DK)","4971.78","5130.00"
"22/03/2025 14:00 - 22/03/2025 15:00","Denmark (DK)","4792.93","4878.00"
"22/03/2025 15:00 - 22/03/2025 16:00","Denmark (DK)","4610.24","4683.00"
"22/03/2025 16:00 - 22/03/2025 17:00","Denmark (DK)","4551.87","4555.00"
"22/03/2025 17:00 - 22/03/2025 18:00","Denmark (DK)","4684.39","4602.00"
"22/03/2025 18:00 - 22/03/2025 19:00","Denmark (DK)","4734.83","4703.00"
"22/03/2025 19:00 - 22/03/2025 20:00","Denmark (DK)","4586.71","4564.00"
"22/03/2025 20:00 - 22/03/2025 21:00","Denmark (DK)","4358.03","4295.00"
"22/03/2025 21:00 - 22/03/2025 22:00","Denmark (DK)","4230.73","4179.00"
"22/03/2025 22:00 - 22/03/2025 23:00","Denmark (DK)","4072.92","4054.00"
"22/03/2025 23:00 - 23/03/2025 00:00","Denmark (DK)","3940.91","3993.00"
"23/03/2025 00:00 - 23/03/2025 01:00","Denmark (DK)","4248.66","3834.00"
"23/03/2025 01:00 - 23/03/2025 02:00","Denmark (DK)","4109.78","3893.00"
"23/03/2025 02:00 - 23/03/2025 03:00","Denmark (DK)","3921.20","4015.00"
"23/03/2025 03:00 - 23/03/2025 04:00","Denmark (DK)","3810.74","4000.00"
"23/03/2025 04:00 - 23/03/2025 05:00","Denmark (DK)","3703.92","3915.00"
"23/03/2025 05:00 - 23/03/2025 06:00","Denmark (DK)","3669.71","3799.00"
"23/03/2025 06:00 - 23/03/2025 07:00","Denmark (DK)","3747.45","3749.00"
"23/03/2025 07:00 - 23/03/2025 08:00","Denmark (DK)","3987.23","3974.00"
"23/03/2025 08:00 - 23/03/2025 09:00","Denmark (DK)","4206.48","4296.00"
"23/03/2025 09:00 - 23/03/2025 10:00","Denmark (DK)","4440.55","4492.00"
"23/03/2025 10:00 - 23/03/2025 11:00","Denmark (DK)","4508.01","4570.00"
"23/03/2025 11:00 - 23/03/2025 12:00","Denmark (DK)","4589.59","4583.00"
"23/03/2025 12:00 - 23/03/2025 13:00","Denmark (DK)","4616.90","4570.00"
"23/03/2025 13:00 - 23/03/2025 14:00","Denmark (DK)","4518.42","4579.00"
"23/03/2025 14:00 - 23/03/2025 15:00","Denmark (DK)","4426.96","4618.00"
"23/03/2025 15:00 - 23/03/2025 16:00","Denmark (DK)","4413.55","4733.00"
"23/03/2025 16:00 - 23/03/2025 17:00","Denmark (DK)","4435.87","4831.00"
"23/03/2025 17:00 - 23/03/2025 18:00","Denmark (DK)","4609.63","5028.00"
"23/03/2025 18:00 - 23/03/2025 19:00","Denmark (DK)","4633.32","4526.00"
"23/03/2025 19:00 - 23/03/2025 20:00","Denmark (DK)","4495.84","4383.00"
"23/03/2025 20:00 - 23/03/2025 21:00","Denmark (DK)","4294.81","4277.00"
"23/03/2025 21:00 - 23/03/2025 22:00","Denmark (DK)","4188.64","4187.00"
"23/03/2025 22:00 - 23/03/2025 23:00","Denmark (DK)","3974.20","4109.00"
"23/03/2025 23:00 - 24/03/2025 00:00","Denmark (DK)","3759.21","4056.00"
"24/03/2025 00:00 - 24/03/2025 01:00","Denmark (DK)","3741.76","3913.00"
"24/03/2025 01:00 - 24/03/2025 02:00","Denmark (DK)","3687.30","3903.00"
"24/03/2025 02:00 - 24/03/2025 03:00","Denmark (DK)","3650.90","3907.00"
"24/03/2025 03:00 - 24/03/2025 04:00","Denmark (DK)","3521.21","3940.00"
"24/03/2025 04:00 - 24/03/2025 05:00","Denmark (DK)","3548.80","3960.00"
"24/03/2025 05:00 - 24/03/2025 06:00","Denmark (DK)","3740.23","4034.00"
"24/03/2025 06:00 - 24/03/2025 07:00","Denmark (DK)","4257.46","4453.00"
"24/03/2025 07:00 - 24/03/2025 08:00","Denmark (DK)","4767.83","5084.00"
"24/03/2025 08:00 - 24/03/2025 09:00","Denmark (DK)","4958.12","5182.00"
"24/03/2025 09:00 - 24/03/2025 10:00","Denmark (DK)","4976.31","5096.00"
"24/03/2025 10:00 - 24/03/2025 11:00","Denmark (DK)","5018.78","5073.00"
"24/03/2025 11:00 - 24/03/2025 12:00","Denmark (DK)","4981.65","5159.00"
"24/03/2025 12:00 - 24/03/2025 13:00","Denmark (DK)","4900.39","5082.00"
"24/03/2025 13:00 - 24/03/2025 14:00","Denmark (DK)","4797.36","5046.00"
"24/03/2025 14:00 - 24/03/2025 15:00","Denmark (DK)","4694.83","4963.00"
"24/03/2025 15:00 - 24/03/2025 16:00","Denmark (DK)","4542.78","4854.00"
"24/03/2025 16:00 - 24/03/2025 17:00","Denmark (DK)","4554.05","4924.00"
"24/03/2025 17:00 - 24/03/2025 18:00","Denmark (DK)","4782.51","5126.00"
"24/03/2025 18:00 - 24/03/2025 19:00","Denmark (DK)","4743.16","5100.00"
"24/03/2025 19:00 - 24/03/2025 20:00","Denmark (DK)","4644.34","4923.00"
"24/03/2025 20:00 - 24/03/2025 21:00","Denmark (DK)","4403.82","4654.00"
"24/03/2025 21:00 - 24/03/2025 22:00","Denmark (DK)","4180.93","4325.00"
"24/03/2025 22:00 - 24/03/2025 23:00","Denmark (DK)","4008.73","4179.00"
"24/03/2025 23:00 - 25/03/2025 00:00","Denmark (DK)","3842.15","4028.00"
"25/03/2025 00:00 - 25/03/2025 01:00","Denmark (DK)","3921.34","3689.00"
"25/03/2025 01:00 - 25/03/2025 02:00","Denmark (DK)","3892.58","3706.00"
"25/03/2025 02:00 - 25/03/2025 03:00","Denmark (DK)","3866.98","3777.00"
"25/03/2025 03:00 - 25/03/2025 04:00","Denmark (DK)","3854.28","3832.00"
"25/03/2025 04:00 - 25/03/2025 05:00","Denmark (DK)","3768.06","3846.00"
"25/03/2025 05:00 - 25/03/2025 06:00","Denmark (DK)","3926.49","4009.00"
"25/03/2025 06:00 - 25/03/2025 07:00","Denmark (DK)","4418.12","4653.00"
"25/03/2025 07:00 - 25/03/2025 08:00","Denmark (DK)","4865.93","4980.00"
"25/03/2025 08:00 - 25/03/2025 09:00","Denmark (DK)","5110.12","4969.00"
"25/03/2025 09:00 - 25/03/2025 10:00","Denmark (DK)","5173.20","4998.00"
"25/03/2025 10:00 - 25/03/2025 11:00","Denmark (DK)","5149.99","5118.00"
"25/03/2025 11:00 - 25/03/2025 12:00","Denmark (DK)","5246.88","5203.00"
"25/03/2025 12:00 - 25/03/2025 13:00","Denmark (DK)","5220.73","5098.00"
"25/03/2025 13:00 - 25/03/2025 14:00","Denmark (DK)","5193.65","5074.00"
"25/03/2025 14:00 - 25/03/2025 15:00","Denmark (DK)","5043.15","4972.00"
"25/03/2025 15:00 - 25/03/2025 16:00","Denmark (DK)","4876.33","4865.00"
"25/03/2025 16:00 - 25/03/2025 17:00","Denmark (DK)","4837.23","4907.00"
"25/03/2025 17:00 - 25/03/2025 18:00","Denmark (DK)","5108.95","5080.00"
"25/03/2025 18:00 - 25/03/2025 19:00","Denmark (DK)","5135.88","5144.00"
"25/03/2025 19:00 - 25/03/2025 20:00","Denmark (DK)","4966.81","4958.00"
"25/03/2025 20:00 - 25/03/2025 21:00","Denmark (DK)","4754.48","4631.00"
"25/03/2025 21:00 - 25/03/2025 22:00","Denmark (DK)","4521.64","4248.00"
"25/03/2025 22:00 - 25/03/2025 23:00","Denmark (DK)","4355.11","4090.00"
"25/03/2025 23:00 - 26/03/2025 00:00","Denmark (DK)","4190.04","3977.00"
"26/03/2025 00:00 - 26/03/2025 01:00","Denmark (DK)","4180.39","3899.00"
"26/03/2025 01:00 - 26/03/2025 02:00","Denmark (DK)","4243.64","3929.00"
"26/03/2025 02:00 - 26/03/2025 03:00","Denmark (DK)","4128.14","3941.00"
"26/03/2025 03:00 - 26/03/2025 04:00","Denmark (DK)","3993.93","3945.00"
"26/03/2025 04:00 - 26/03/2025 05:00","Denmark (DK)","3801.28","3965.00"
"26/03/2025 05:00 - 26/03/2025 06:00","Denmark (DK)","3948.47","4146.00"
"26/03/2025 06:00 - 26/03/2025 07:00","Denmark (DK)","4283.12","4423.00"
"26/03/2025 07:00 - 26/03/2025 08:00","Denmark (DK)","4710.24","4702.00"
"26/03/2025 08:00 - 26/03/2025 09:00","Denmark (DK)","5027.84","4914.00"
"26/03/2025 09:00 - 26/03/2025 10:00","Denmark (DK)","5113.37","5050.00"
"26/03/2025 10:00 - 26/03/2025 11:00","Denmark (DK)","5071.60","5041.00"
"26/03/2025 11:00 - 26/03/2025 12:00","Denmark (DK)","5004.26","5019.00"
"26/03/2025 12:00 - 26/03/2025 13:00","Denmark (DK)","4883.83","4950.00"
"26/03/2025 13:00 - 26/03/2025 14:00","Denmark (DK)","4871.52","4955.00"
"26/03/2025 14:00 - 26/03/2025 15:00","Denmark (DK)","4804.54","4944.00"
"26/03/2025 15:00 - 26/03/2025 16:00","Denmark (DK)","4653.74","4768.00"
"26/03/2025 16:00 - 26/03/2025 17:00","Denmark (DK)","4575.16","4805.00"
"26/03/2025 17:00 - 26/03/2025 18:00","Denmark (DK)","4830.08","4844.00"
"26/03/2025 18:00 - 26/03/2025 19:00","Denmark (DK)","4791.12","4865.00"
"26/03/2025 19:00 - 26/03/2025 20:00","Denmark (DK)","4678.64","4755.00"
"26/03/2025 20:00 - 26/03/2025 21:00","Denmark (DK)","4477.50","4559.00"
"26/03/2025 21:00 - 26/03/2025 22:00","Denmark (DK)","4251.03","4309.00"
"26/03/2025 22:00 - 26/03/2025 23:00","Denmark (DK)","4029.03","4139.00"
"26/03/2025 23:00 - 27/03/2025 00:00","Denmark (DK)","3907.95","4065.00"
"27/03/2025 00:00 - 27/03/2025 01:00","Denmark (DK)","3983.59","3961.00"
"27/03/2025 01:00 - 27/03/2025 02:00","Denmark (DK)","4025.75","3914.00"
"27/03/2025 02:00 - 27/03/2025 03:00","Denmark (DK)","4031.27","3847.00"
"27/03/2025 03:00 - 27/03/2025 04:00","Denmark (DK)","3923.82","3800.00"
"27/03/2025 04:00 - 27/03/2025 05:00","Denmark (DK)","3825.83","3884.00"
"27/03/2025 05:00 - 27/03/2025 06:00","Denmark (DK)","3919.50","4105.00"
"27/03/2025 06:00 - 27/03/2025 07:00","Denmark (DK)","4359.49","4440.00"
"27/03/2025 07:00 - 27/03/2025 08:00","Denmark (DK)","4765.04","4663.00"
"27/03/2025 08:00 - 27/03/2025 09:00","Denmark (DK)","4932.61","4873.00"
"27/03/2025 09:00 - 27/03/2025 10:00","Denmark (DK)","5069.57","4964.00"
"27/03/2025 10:00 - 27/03/2025 11:00","Denmark (DK)","5231.14","5015.00"
"27/03/2025 11:00 - 27/03/2025 12:00","Denmark (DK)","5235.69","4972.00"
"27/03/2025 12:00 - 27/03/2025 13:00","Denmark (DK)","5248.48","4899.00"
"27/03/2025 13:00 - 27/03/2025 14:00","Denmark (DK)","5275.39","4898.00"
"27/03/2025 14:00 - 27/03/2025 15:00","Denmark (DK)","5062.41","5040.00"
"27/03/2025 15:00 - 27/03/2025 16:00","Denmark (DK)","4861.25","4969.00"
"27/03/2025 16:00 - 27/03/2025 17:00","Denmark (DK)","4727.75","4977.00"
"27/03/2025 17:00 - 27/03/2025 18:00","Denmark (DK)","4901.39","4858.00"
"27/03/2025 18:00 - 27/03/2025 19:00","Denmark (DK)","4902.80","4656.00"
"27/03/2025 19:00 - 27/03/2025 20:00","Denmark (DK)","4753.63","4492.00"
"27/03/2025 20:00 - 27/03/2025 21:00","Denmark (DK)","4515.45","4399.00"
"27/03/2025 21:00 - 27/03/2025 22:00","Denmark (DK)","4288.58","4258.00"
"27/03/2025 22:00 - 27/03/2025 23:00","Denmark (DK)","4063.76","4108.00"
"27/03/2025 23:00 - 28/03/2025 00:00","Denmark (DK)","3930.01","4006.00"
"28/03/2025 00:00 - 28/03/2025 01:00","Denmark (DK)","3971.37","3967.00"
"28/03/2025 01:00 - 28/03/2025 02:00","Denmark (DK)","4040.76","3905.00"
"28/03/2025 02:00 - 28/03/2025 03:00","Denmark (DK)","4058.65","3846.00"
"28/03/2025 03:00 - 28/03/2025 04:00","Denmark (DK)","4028.52","3855.00"
"28/03/2025 04:00 - 28/03/2025 05:00","Denmark (DK)","3986.99","3840.00"
"28/03/2025 05:00 - 28/03/2025 06:00","Denmark (DK)","4061.05","4002.00"
"28/03/2025 06:00 - 28/03/2025 07:00","Denmark (DK)","4368.76","4448.00"
"28/03/2025 07:00 - 28/03/2025 08:00","Denmark (DK)","4858.86","4918.00"
"28/03/2025 08:00 - 28/03/2025 09:00","Denmark (DK)","5079.41","5155.00"
"28/03/2025 09:00 - 28/03/2025 10:00","Denmark (DK)","5149.50","5204.00"
"28/03/2025 10:00 - 28/03/2025 11:00","Denmark (DK)","5219.05","5292.00"
"28/03/2025 11:00 - 28/03/2025 12:00","Denmark (DK)","5275.74","5237.00"
"28/03/2025 12:00 - 28/03/2025 13:00","Denmark (DK)","5188.62","5063.00"
"28/03/2025 13:00 - 28/03/2025 14:00","Denmark (DK)","4978.49","4957.00"
"28/03/2025 14:00 - 28/03/2025 15:00","Denmark (DK)","4790.34","4785.00"
"28/03/2025 15:00 - 28/03/2025 16:00","Denmark (DK)","4557.16","4670.00"
"28/03/2025 16:00 - 28/03/2025 17:00","Denmark (DK)","4413.82","4685.00"
"28/03/2025 17:00 - 28/03/2025 18:00","Denmark (DK)","4512.52","4866.00"
"28/03/2025 18:00 - 28/03/2025 19:00","Denmark (DK)","4446.32","4870.00"
"28/03/2025 19:00 - 28/03/2025 20:00","Denmark (DK)","4341.59","4706.00"
"28/03/2025 20:00 - 28/03/2025 21:00","Denmark (DK)","4079.38","4474.00"
"28/03/2025 21:00 - 28/03/2025 22:00","Denmark (DK)","3880.16","4281.00"
"28/03/2025 22:00 - 28/03/2025 23:00","Denmark (DK)","3705.16","4125.00"
"28/03/2025 23:00 - 29/03/2025 00:00","Denmark (DK)","3592.89","4022.00"
"29/03/2025 00:00 - 29/03/2025 01:00","Denmark (DK)","3597.29","3992.00"
"29/03/2025 01:00 - 29/03/2025 02:00","Denmark (DK)","3611.41","4007.00"
"29/03/2025 02:00 - 29/03/2025 03:00","Denmark (DK)","3528.82","3895.00"
"29/03/2025 03:00 - 29/03/2025 04:00","Denmark (DK)","3462.05","3924.00"
"29/03/2025 04:00 - 29/03/2025 05:00","Denmark (DK)","3421.75","3912.00"
"29/03/2025 05:00 - 29/03/2025 06:00","Denmark (DK)","3325.84","3944.00"
"29/03/2025 06:00 - 29/03/2025 07:00","Denmark (DK)","3395.60","4094.00"
"29/03/2025 07:00 - 29/03/2025 08:00","Denmark (DK)","3610.63","3944.00"
"29/03/2025 08:00 - 29/03/2025 09:00","Denmark (DK)","3797.33","3732.00"
"29/03/2025 09:00 - 29/03/2025 10:00","Denmark (DK)","4116.86","3956.00"
"29/03/2025 10:00 - 29/03/2025 11:00","Denmark (DK)","4279.52","4202.00"
"29/03/2025 11:00 - 29/03/2025 12:00","Denmark (DK)","4309.49","4347.00"
"29/03/2025 12:00 - 29/03/2025 13:00","Denmark (DK)","4301.25","4367.00"
"29/03/2025 13:00 - 29/03/2025 14:00","Denmark (DK)","4559.39","4354.00"
"29/03/2025 14:00 - 29/03/2025 15:00","Denmark (DK)","4411.68","4421.00"
"29/03/2025 15:00 - 29/03/2025 16:00","Denmark (DK)","4259.31","4340.00"
"29/03/2025 16:00 - 29/03/2025 17:00","Denmark (DK)","4121.81","4273.00"
"29/03/2025 17:00 - 29/03/2025 18:00","Denmark (DK)","4242.96","4121.00"
"29/03/2025 18:00 - 29/03/2025 19:00","Denmark (DK)","4203.59","4109.00"
"29/03/2025 19:00 - 29/03/2025 20:00","Denmark (DK)","4127.90","3972.00"
"29/03/2025 20:00 - 29/03/2025 21:00","Denmark (DK)","3988.82","3824.00"
"29/03/2025 21:00 - 29/03/2025 22:00","Denmark (DK)","3882.79","3746.00"
"29/03/2025 22:00 - 29/03/2025 23:00","Denmark (DK)","3725.19","3677.00"
"29/03/2025 23:00 - 30/03/2025 00:00","Denmark (DK)","3642.56","3656.00"
"30/03/2025 00:00 - 30/03/2025 01:00 (CET)","Denmark (DK)","3804.42","3765.00"
"30/03/2025 01:00 (CET) - 30/03/2025 03:00 (CEST)","Denmark (DK)","3935.15","3777.00"
"30/03/2025 03:00 (CEST) - 30/03/2025 04:00","Denmark (DK)","3956.40","3766.00"
"30/03/2025 04:00 - 30/03/2025 05:00","Denmark (DK)","3892.51","3786.00"
"30/03/2025 05:00 - 30/03/2025 06:00","Denmark (DK)","3719.45","3846.00"
"30/03/2025 06:00 - 30/03/2025 07:00","Denmark (DK)","3726.64","3806.00"
"30/03/2025 07:00 - 30/03/2025 08:00","Denmark (DK)","3866.41","3886.00"
"30/03/2025 08:00 - 30/03/2025 09:00","Denmark (DK)","4105.69","4117.00"
"30/03/2025 09:00 - 30/03/2025 10:00","Denmark (DK)","4404.46","4328.00"
"30/03/2025 10:00 - 30/03/2025 11:00","Denmark (DK)","4608.21","4448.00"
"30/03/2025 11:00 - 30/03/2025 12:00","Denmark (DK)","4870.07","4523.00"
"30/03/2025 12:00 - 30/03/2025 13:00","Denmark (DK)","4974.40","4425.00"
"30/03/2025 13:00 - 30/03/2025 14:00","Denmark (DK)","4892.71","4476.00"
"30/03/2025 14:00 - 30/03/2025 15:00","Denmark (DK)","4897.57","4830.00"
"30/03/2025 15:00 - 30/03/2025 16:00","Denmark (DK)","4731.44","4744.00"
"30/03/2025 16:00 - 30/03/2025 17:00","Denmark (DK)","4571.46","4602.00"
"30/03/2025 17:00 - 30/03/2025 18:00","Denmark (DK)","4715.58","4753.00"
"30/03/2025 18:00 - 30/03/2025 19:00","Denmark (DK)","4546.99","4698.00"
"30/03/2025 19:00 - 30/03/2025 20:00","Denmark (DK)","4375.80","4528.00"
"30/03/2025 20:00 - 30/03/2025 21:00","Denmark (DK)","4281.91","4408.00"
"30/03/2025 21:00 - 30/03/2025 22:00","Denmark (DK)","4151.27","4269.00"
"30/03/2025 22:00 - 30/03/2025 23:00","Denmark (DK)","3878.21","4155.00"
"30/03/2025 23:00 - 31/03/2025 00:00","Denmark (DK)","3736.68","4066.00"
"31/03/2025 00:00 - 31/03/2025 01:00","Denmark (DK)","3856.21","3920.00"
"31/03/2025 01:00 - 31/03/2025 02:00","Denmark (DK)","3873.24","3868.00"
"31/03/2025 02:00 - 31/03/2025 03:00","Denmark (DK)","3719.46","3845.00"
"31/03/2025 03:00 - 31/03/2025 04:00","Denmark (DK)","3628.73","3888.00"
"31/03/2025 04:00 - 31/03/2025 05:00","Denmark (DK)","3564.25","3957.00"
"31/03/2025 05:00 - 31/03/2025 06:00","Denmark (DK)","3698.08","4200.00"
"31/03/2025 06:00 - 31/03/2025 07:00","Denmark (DK)","4247.64","4210.00"
"31/03/2025 07:00 - 31/03/2025 08:00","Denmark (DK)","4683.32","4847.00"
"31/03/2025 08:00 - 31/03/2025 09:00","Denmark (DK)","4929.57","4998.00"
"31/03/2025 09:00 - 31/03/2025 10:00","Denmark (DK)","4868.63","4957.00"
"31/03/2025 10:00 - 31/03/2025 11:00","Denmark (DK)","4941.22","4975.00"
"31/03/2025 11:00 - 31/03/2025 12:00","Denmark (DK)","4905.24","5095.00"
"31/03/2025 12:00 - 31/03/2025 13:00","Denmark (DK)","4859.56","5098.00"
"31/03/2025 13:00 - 31/03/2025 14:00","Denmark (DK)","4839.86","5159.00"
"31/03/2025 14:00 - 31/03/2025 15:00","Denmark (DK)","4727.51","5164.00"
"31/03/2025 15:00 - 31/03/2025 16:00","Denmark (DK)","4583.73","5171.00"
"31/03/2025 16:00 - 31/03/2025 17:00","Denmark (DK)","4617.89","5218.00"
"31/03/2025 17:00 - 31/03/2025 18:00","Denmark (DK)","4768.26","5296.00"
"31/03/2025 18:00 - 31/03/2025 19:00","Denmark (DK)","4687.14","5179.00"
"31/03/2025 19:00 - 31/03/2025 20:00","Denmark (DK)","4425.11","4964.00"
"31/03/2025 20:00 - 31/03/2025 21:00","Denmark (DK)","4365.01","4887.00"
"31/03/2025 21:00 - 31/03/2025 22:00","Denmark (DK)","4240.08","4607.00"
"31/03/2025 22:00 - 31/03/2025 23:00","Denmark (DK)","3983.30","4495.00"
"31/03/2025 23:00 - 01/04/2025 00:00","Denmark (DK)","3806.21","4295.00"
"01/04/2025 00:00 - 01/04/2025 01:00","Denmark (DK)","3778.91","3703.00"
"01/04/2025 01:00 - 01/04/2025 02:00","Denmark (DK)","3860.73","3491.00"
"01/04/2025 02:00 - 01/04/2025 03:00","Denmark (DK)","3830.65","3383.00"
"01/04/2025 03:00 - 01/04/2025 04:00","Denmark (DK)","3724.29","3404.00"
"01/04/2025 04:00 - 01/04/2025 05:00","Denmark (DK)","3675.01","3412.00"
"01/04/2025 05:00 - 01/04/2025 06:00","Denmark (DK)","3830.88","3476.00"
"01/04/2025 06:00 - 01/04/2025 07:00","Denmark (DK)","4254.70","4134.00"
"01/04/2025 07:00 - 01/04/2025 08:00","Denmark (DK)","4721.93","4577.00"
"01/04/2025 08:00 - 01/04/2025 09:00","Denmark (DK)","4908.97","4788.00"
"01/04/2025 09:00 - 01/04/2025 10:00","Denmark (DK)","4880.38","4918.00"
"01/04/2025 10:00 - 01/04/2025 11:00","Denmark (DK)","4964.85","5108.00"
"01/04/2025 11:00 - 01/04/2025 12:00","Denmark (DK)","4974.78","5110.00"
"01/04/2025 12:00 - 01/04/2025 13:00","Denmark (DK)","5128.38","5133.00"
"01/04/2025 13:00 - 01/04/2025 14:00","Denmark (DK)","5093.15","5014.00"
"01/04/2025 14:00 - 01/04/2025 15:00","Denmark (DK)","5036.57","5023.00"
"01/04/2025 15:00 - 01/04/2025 16:00","Denmark (DK)","4718.49","4899.00"
"01/04/2025 16:00 - 01/04/2025 17:00","Denmark (DK)","4650.81","4880.00"
"01/04/2025 17:00 - 01/04/2025 18:00","Denmark (DK)","4693.97","4811.00"
"01/04/2025 18:00 - 01/04/2025 19:00","Denmark (DK)","4580.36","4640.00"
"01/04/2025 19:00 - 01/04/2025 20:00","Denmark (DK)","4309.89","4575.00"
"01/04/2025 20:00 - 01/04/2025 21:00","Denmark (DK)","4299.06","4399.00"
"01/04/2025 21:00 - 01/04/2025 22:00","Denmark (DK)","4141.58","4220.00"
"01/04/2025 22:00 - 01/04/2025 23:00","Denmark (DK)","3962.67","4008.00"
"01/04/2025 23:00 - 02/04/2025 00:00","Denmark (DK)","3815.13","3878.00"
"02/04/2025 00:00 - 02/04/2025 01:00","Denmark (DK)","3992.21","3746.00"
"02/04/2025 01:00 - 02/04/2025 02:00","Denmark (DK)","4012.80","3692.00"
"02/04/2025 02:00 - 02/04/2025 03:00","Denmark (DK)","3888.14","3665.00"
"02/04/2025 03:00 - 02/04/2025 04:00","Denmark (DK)","3703.21","3732.00"
"02/04/2025 04:00 - 02/04/2025 05:00","Denmark (DK)","3595.74","3753.00"
"02/04/2025 05:00 - 02/04/2025 06:00","Denmark (DK)","3741.87","3765.00"
"02/04/2025 06:00 - 02/04/2025 07:00","Denmark (DK)","4165.68","4164.00"
"02/04/2025 07:00 - 02/04/2025 08:00","Denmark (DK)","4631.42","4661.00"
"02/04/2025 08:00 - 02/04/2025 09:00","Denmark (DK)","4797.05","4885.00"
"02/04/2025 09:00 - 02/04/2025 10:00","Denmark (DK)","4934.31","4981.00"
"02/04/2025 10:00 - 02/04/2025 11:00","Denmark (DK)","5055.47","5166.00"
"02/04/2025 11:00 - 02/04/2025 12:00","Denmark (DK)","5177.77","5166.00"
"02/04/2025 12:00 - 02/04/2025 13:00","Denmark (DK)","5255.79","5186.00"
"02/04/2025 13:00 - 02/04/2025 14:00","Denmark (DK)","5178.89","5120.00"
"02/04/2025 14:00 - 02/04/2025 15:00","Denmark (DK)","5020.94","5196.00"
"02/04/2025 15:00 - 02/04/2025 16:00","Denmark (DK)","4863.93","5076.00"
"02/04/2025 16:00 - 02/04/2025 17:00","Denmark (DK)","4830.89","5064.00"
"02/04/2025 17:00 - 02/04/2025 18:00","Denmark (DK)","4821.87","4852.00"
"02/04/2025 18:00 - 02/04/2025 19:00","Denmark (DK)","4526.16","4672.00"
"02/04/2025 19:00 - 02/04/2025 20:00","Denmark (DK)","4325.19","4596.00"
"02/04/2025 20:00 - 02/04/2025 21:00","Denmark (DK)","4252.88","4405.00"
"02/04/2025 21:00 - 02/04/2025 22:00","Denmark (DK)","4100.52","4230.00"
"02/04/2025 22:00 - 02/04/2025 23:00","Denmark (DK)","3913.09","4027.00"
"02/04/2025 23:00 - 03/04/2025 00:00","Denmark (DK)","3784.65","3860.00"
"03/04/2025 00:00 - 03/04/2025 01:00","Denmark (DK)","3903.69","3719.00"
"03/04/2025 01:00 - 03/04/2025 02:00","Denmark (DK)","3813.42","3626.00"
"03/04/2025 02:00 - 03/04/2025 03:00","Denmark (DK)","3664.64","3611.00"
"03/04/2025 03:00 - 03/04/2025 04:00","Denmark (DK)","3500.55","3699.00"
"03/04/2025 04:00 - 03/04/2025 05:00","Denmark (DK)","3467.18","3662.00"
"03/04/2025 05:00 - 03/04/2025 06:00","Denmark (DK)","3669.55","3723.00"
"03/04/2025 06:00 - 03/04/2025 07:00","Denmark (DK)","4172.17","4212.00"
"03/04/2025 07:00 - 03/04/2025 08:00","Denmark (DK)","4571.60","4686.00"
"03/04/2025 08:00 - 03/04/2025 09:00","Denmark (DK)","4727.91","4882.00"
"03/04/2025 09:00 - 03/04/2025 10:00","Denmark (DK)","4815.23","4889.00"
"03/04/2025 10:00 - 03/04/2025 11:00","Denmark (DK)","4933.25","4951.00"
"03/04/2025 11:00 - 03/04/2025 12:00","Denmark (DK)","5092.27","4916.00"
"03/04/2025 12:00 - 03/04/2025 13:00","Denmark (DK)","5111.55","4895.00"
"03/04/2025 13:00 - 03/04/2025 14:00","Denmark (DK)","5097.50","4925.00"
"03/04/2025 14:00 - 03/04/2025 15:00","Denmark (DK)","4940.10","4908.00"
"03/04/2025 15:00 - 03/04/2025 16:00","Denmark (DK)","4662.60","4816.00"
"03/04/2025 16:00 - 03/04/2025 17:00","Denmark (DK)","4534.41","4779.00"
"03/04/2025 17:00 - 03/04/2025 18:00","Denmark (DK)","4526.77","4862.00"
"03/04/2025 18:00 - 03/04/2025 19:00","Denmark (DK)","4364.09","4770.00"
"03/04/2025 19:00 - 03/04/2025 20:00","Denmark (DK)","4208.23","4654.00"
"03/04/2025 20:00 - 03/04/2025 21:00","Denmark (DK)","4132.87","4514.00"
"03/04/2025 21:00 - 03/04/2025 22:00","Denmark (DK)","4056.57","4326.00"
"03/04/2025 22:00 - 03/04/2025 23:00","Denmark (DK)","3871.62","4097.00"
"03/04/2025 23:00 - 04/04/2025 00:00","Denmark (DK)","3653.05","3937.00"
"04/04/2025 00:00 - 04/04/2025 01:00","Denmark (DK)","3612.79","3612.00"
"04/04/2025 01:00 - 04/04/2025 02:00","Denmark (DK)","3693.68","3556.00"
"04/04/2025 02:00 - 04/04/2025 03:00","Denmark (DK)","3595.12","3524.00"
"04/04/2025 03:00 - 04/04/2025 04:00","Denmark (DK)","3437.43","3519.00"
"04/04/2025 04:00 - 04/04/2025 05:00","Denmark (DK)","3397.70","3530.00"
"04/04/2025 05:00 - 04/04/2025 06:00","Denmark (DK)","3549.36","3700.00"
"04/04/2025 06:00 - 04/04/2025 07:00","Denmark (DK)","4058.49","4071.00"
"04/04/2025 07:00 - 04/04/2025 08:00","Denmark (DK)","4550.45","4492.00"
"04/04/2025 08:00 - 04/04/2025 09:00","Denmark (DK)","4741.96","4709.00"
"04/04/2025 09:00 - 04/04/2025 10:00","Denmark (DK)","4883.66","4725.00"
"04/04/2025 10:00 - 04/04/2025 11:00","Denmark (DK)","4916.82","4817.00"
"04/04/2025 11:00 - 04/04/2025 12:00","Denmark (DK)","4923.84","4772.00"
"04/04/2025 12:00 - 04/04/2025 13:00","Denmark (DK)","4896.07","4668.00"
"04/04/2025 13:00 - 04/04/2025 14:00","Denmark (DK)","4914.54","4617.00"
"04/04/2025 14:00 - 04/04/2025 15:00","Denmark (DK)","4737.49","4640.00"
"04/04/2025 15:00 - 04/04/2025 16:00","Denmark (DK)","4503.38","4704.00"
"04/04/2025 16:00 - 04/04/2025 17:00","Denmark (DK)","4488.19","4687.00"
"04/04/2025 17:00 - 04/04/2025 18:00","Denmark (DK)","4502.65","4744.00"
"04/04/2025 18:00 - 04/04/2025 19:00","Denmark (DK)","4327.65","4591.00"
"04/04/2025 19:00 - 04/04/2025 20:00","Denmark (DK)","4130.51","4298.00"
"04/04/2025 20:00 - 04/04/2025 21:00","Denmark (DK)","4043.30","4052.00"
"04/04/2025 21:00 - 04/04/2025 22:00","Denmark (DK)","3930.52","3837.00"
"04/04/2025 22:00 - 04/04/2025 23:00","Denmark (DK)","3775.05","3716.00"
"04/04/2025 23:00 - 05/04/2025 00:00","Denmark (DK)","3649.41","3680.00"
"05/04/2025 00:00 - 05/04/2025 01:00","Denmark (DK)","3507.95","3664.00"
"05/04/2025 01:00 - 05/04/2025 02:00","Denmark (DK)","3524.87","3682.00"
"05/04/2025 02:00 - 05/04/2025 03:00","Denmark (DK)","3496.46","3659.00"
"05/04/2025 03:00 - 05/04/2025 04:00","Denmark (DK)","3457.84","3543.00"
"05/04/2025 04:00 - 05/04/2025 05:00","Denmark (DK)","3382.83","3577.00"
"05/04/2025 05:00 - 05/04/2025 06:00","Denmark (DK)","3420.11","3588.00"
"05/04/2025 06:00 - 05/04/2025 07:00","Denmark (DK)","3498.75","3684.00"
"05/04/2025 07:00 - 05/04/2025 08:00","Denmark (DK)","3737.68","3813.00"
"05/04/2025 08:00 - 05/04/2025 09:00","Denmark (DK)","3957.12","3949.00"
"05/04/2025 09:00 - 05/04/2025 10:00","Denmark (DK)","4279.83","4101.00"
"05/04/2025 10:00 - 05/04/2025 11:00","Denmark (DK)","4563.34","4260.00"
"05/04/2025 11:00 - 05/04/2025 12:00","Denmark (DK)","4685.99","4495.00"
"05/04/2025 12:00 - 05/04/2025 13:00","Denmark (DK)","4785.85","4451.00"
"05/04/2025 13:00 - 05/04/2025 14:00","Denmark (DK)","4759.71","4366.00"
"05/04/2025 14:00 - 05/04/2025 15:00","Denmark (DK)","4638.84","4287.00"
"05/04/2025 15:00 - 05/04/2025 16:00","Denmark (DK)","4473.40","4255.00"
"05/04/2025 16:00 - 05/04/2025 17:00","Denmark (DK)","4374.64","4264.00"
"05/04/2025 17:00 - 05/04/2025 18:00","Denmark (DK)","4413.86","4167.00"
"05/04/2025 18:00 - 05/04/2025 19:00","Denmark (DK)","4283.30","4313.00"
"05/04/2025 19:00 - 05/04/2025 20:00","Denmark (DK)","3999.04","4171.00"
"05/04/2025 20:00 - 05/04/2025 21:00","Denmark (DK)","3907.65","4125.00"
"05/04/2025 21:00 - 05/04/2025 22:00","Denmark (DK)","3853.48","4053.00"
"05/04/2025 22:00 - 05/04/2025 23:00","Denmark (DK)","3665.41","3931.00"
"05/04/2025 23:00 - 06/04/2025 00:00","Denmark (DK)","3587.80","3865.00"
"06/04/2025 00:00 - 06/04/2025 01:00","Denmark (DK)","3555.62","3648.00"
"06/04/2025 01:00 - 06/04/2025 02:00","Denmark (DK)","3524.54","3593.00"
"06/04/2025 02:00 - 06/04/2025 03:00","Denmark (DK)","3464.06","3549.00"
"06/04/2025 03:00 - 06/04/2025 04:00","Denmark (DK)","3377.68","3478.00"
"06/04/2025 04:00 - 06/04/2025 05:00","Denmark (DK)","3346.98","3538.00"
"06/04/2025 05:00 - 06/04/2025 06:00","Denmark (DK)","3356.54","3471.00"
"06/04/2025 06:00 - 06/04/2025 07:00","Denmark (DK)","3495.51","3557.00"
"06/04/2025 07:00 - 06/04/2025 08:00","Denmark (DK)","3705.08","3727.00"
"06/04/2025 08:00 - 06/04/2025 09:00","Denmark (DK)","3976.52","3913.00"
"06/04/2025 09:00 - 06/04/2025 10:00","Denmark (DK)","4280.66","4083.00"
"06/04/2025 10:00 - 06/04/2025 11:00","Denmark (DK)","4530.29","4160.00"
"06/04/2025 11:00 - 06/04/2025 12:00","Denmark (DK)","4597.60","4275.00"
"06/04/2025 12:00 - 06/04/2025 13:00","Denmark (DK)","4624.75","4224.00"
"06/04/2025 13:00 - 06/04/2025 14:00","Denmark (DK)","4599.99","4258.00"
"06/04/2025 14:00 - 06/04/2025 15:00","Denmark (DK)","4659.99","4352.00"
"06/04/2025 15:00 - 06/04/2025 16:00","Denmark (DK)","4603.50","4335.00"
"06/04/2025 16:00 - 06/04/2025 17:00","Denmark (DK)","4538.83","4300.00"
"06/04/2025 17:00 - 06/04/2025 18:00","Denmark (DK)","4425.32","4452.00"
"06/04/2025 18:00 - 06/04/2025 19:00","Denmark (DK)","4299.43","4300.00"
"06/04/2025 19:00 - 06/04/2025 20:00","Denmark (DK)","4062.87","4086.00"
"06/04/2025 20:00 - 06/04/2025 21:00","Denmark (DK)","3970.92","3954.00"
"06/04/2025 21:00 - 06/04/2025 22:00","Denmark (DK)","3793.90","3830.00"
"06/04/2025 22:00 - 06/04/2025 23:00","Denmark (DK)","3666.15","3727.00"
"06/04/2025 23:00 - 07/04/2025 00:00","Denmark (DK)","3495.58","3650.00"
"07/04/2025 00:00 - 07/04/2025 01:00","Denmark (DK)","3567.73","3836.00"
"07/04/2025 01:00 - 07/04/2025 02:00","Denmark (DK)","3638.87","3779.00"
"07/04/2025 02:00 - 07/04/2025 03:00","Denmark (DK)","3578.72","3758.00"
"07/04/2025 03:00 - 07/04/2025 04:00","Denmark (DK)","3444.77","3751.00"
"07/04/2025 04:00 - 07/04/2025 05:00","Denmark (DK)","3406.65","3739.00"
"07/04/2025 05:00 - 07/04/2025 06:00","Denmark (DK)","3635.99","3836.00"
"07/04/2025 06:00 - 07/04/2025 07:00","Denmark (DK)","4195.21","4314.00"
"07/04/2025 07:00 - 07/04/2025 08:00","Denmark (DK)","4638.56","4856.00"
"07/04/2025 08:00 - 07/04/2025 09:00","Denmark (DK)","4810.90","5085.00"
"07/04/2025 09:00 - 07/04/2025 10:00","Denmark (DK)","4962.45","5181.00"
"07/04/2025 10:00 - 07/04/2025 11:00","Denmark (DK)","5029.65","5286.00"
"07/04/2025 11:00 - 07/04/2025 12:00","Denmark (DK)","5021.93","5270.00"
"07/04/2025 12:00 - 07/04/2025 13:00","Denmark (DK)","5074.39","5307.00"
"07/04/2025 13:00 - 07/04/2025 14:00","Denmark (DK)","5170.68","5317.00"
"07/04/2025 14:00 - 07/04/2025 15:00","Denmark (DK)","4960.29","5051.00"
"07/04/2025 15:00 - 07/04/2025 16:00","Denmark (DK)","4744.74","4956.00"
"07/04/2025 16:00 - 07/04/2025 17:00","Denmark (DK)","4673.81","4932.00"
"07/04/2025 17:00 - 07/04/2025 18:00","Denmark (DK)","4684.32","5122.00"
"07/04/2025 18:00 - 07/04/2025 19:00","Denmark (DK)","4546.67","4990.00"
"07/04/2025 19:00 - 07/04/2025 20:00","Denmark (DK)","4307.52","4836.00"
"07/04/2025 20:00 - 07/04/2025 21:00","Denmark (DK)","4217.07","4677.00"
"07/04/2025 21:00 - 07/04/2025 22:00","Denmark (DK)","4104.84","4549.00"
"07/04/2025 22:00 - 07/04/2025 23:00","Denmark (DK)","3918.43","4328.00"
"07/04/2025 23:00 - 08/04/2025 00:00","Denmark (DK)","3691.09","4179.00"
"08/04/2025 00:00 - 08/04/2025 01:00","Denmark (DK)","3748.24","3838.00"
"08/04/2025 01:00 - 08/04/2025 02:00","Denmark (DK)","3857.70","3827.00"
"08/04/2025 02:00 - 08/04/2025 03:00","Denmark (DK)","3739.30","3761.00"
"08/04/2025 03:00 - 08/04/2025 04:00","Denmark (DK)","3578.89","3705.00"
"08/04/2025 04:00 - 08/04/2025 05:00","Denmark (DK)","3514.83","3695.00"
"08/04/2025 05:00 - 08/04/2025 06:00","Denmark (DK)","3672.18","3736.00"
"08/04/2025 06:00 - 08/04/2025 07:00","Denmark (DK)","4124.13","4181.00"
"08/04/2025 07:00 - 08/04/2025 08:00","Denmark (DK)","4622.93","4622.00"
"08/04/2025 08:00 - 08/04/2025 09:00","Denmark (DK)","4778.91","4881.00"
"08/04/2025 09:00 - 08/04/2025 10:00","Denmark (DK)","4988.01","5002.00"
"08/04/2025 10:00 - 08/04/2025 11:00","Denmark (DK)","4924.98","5149.00"
"08/04/2025 11:00 - 08/04/2025 12:00","Denmark (DK)","5205.20","5256.00"
"08/04/2025 12:00 - 08/04/2025 13:00","Denmark (DK)","5303.41","5316.00"
"08/04/2025 13:00 - 08/04/2025 14:00","Denmark (DK)","5340.35","5335.00"
"08/04/2025 14:00 - 08/04/2025 15:00","Denmark (DK)","5314.45","5219.00"
"08/04/2025 15:00 - 08/04/2025 16:00","Denmark (DK)","5108.85","4999.00"
"08/04/2025 16:00 - 08/04/2025 17:00","Denmark (DK)","4891.47","4856.00"
"08/04/2025 17:00 - 08/04/2025 18:00","Denmark (DK)","4997.42","4984.00"
"08/04/2025 18:00 - 08/04/2025 19:00","Denmark (DK)","4703.72","4895.00"
"08/04/2025 19:00 - 08/04/2025 20:00","Denmark (DK)","4350.08","4665.00"
"08/04/2025 20:00 - 08/04/2025 21:00","Denmark (DK)","4248.10","4562.00"
"08/04/2025 21:00 - 08/04/2025 22:00","Denmark (DK)","4085.12","4445.00"
"08/04/2025 22:00 - 08/04/2025 23:00","Denmark (DK)","3883.28","4323.00"
"08/04/2025 23:00 - 09/04/2025 00:00","Denmark (DK)","3716.00","4167.00"
"09/04/2025 00:00 - 09/04/2025 01:00","Denmark (DK)","3715.21","3975.00"
"09/04/2025 01:00 - 09/04/2025 02:00","Denmark (DK)","3763.13","3924.00"
"09/04/2025 02:00 - 09/04/2025 03:00","Denmark (DK)","3780.54","3821.00"
"09/04/2025 03:00 - 09/04/2025 04:00","Denmark (DK)","3667.47","3727.00"
"09/04/2025 04:00 - 09/04/2025 05:00","Denmark (DK)","3519.76","3699.00"
"09/04/2025 05:00 - 09/04/2025 06:00","Denmark (DK)","3651.65","3727.00"
"09/04/2025 06:00 - 09/04/2025 07:00","Denmark (DK)","4126.19","4164.00"
"09/04/2025 07:00 - 09/04/2025 08:00","Denmark (DK)","4613.12","4607.00"
"09/04/2025 08:00 - 09/04/2025 09:00","Denmark (DK)","4759.21","4865.00"
"09/04/2025 09:00 - 09/04/2025 10:00","Denmark (DK)","4841.02","4986.00"
"09/04/2025 10:00 - 09/04/2025 11:00","Denmark (DK)","5058.94","5132.00"
"09/04/2025 11:00 - 09/04/2025 12:00","Denmark (DK)","5123.14","5240.00"
"09/04/2025 12:00 - 09/04/2025 13:00","Denmark (DK)","5172.36","5299.00"
"09/04/2025 13:00 - 09/04/2025 14:00","Denmark (DK)","5096.17","5318.00"
"09/04/2025 14:00 - 09/04/2025 15:00","Denmark (DK)","4873.72","5203.00"
"09/04/2025 15:00 - 09/04/2025 16:00","Denmark (DK)","4665.63","4983.00"
"09/04/2025 16:00 - 09/04/2025 17:00","Denmark (DK)","4785.96","4840.00"
"09/04/2025 17:00 - 09/04/2025 18:00","Denmark (DK)","4847.97","4968.00"
"09/04/2025 18:00 - 09/04/2025 19:00","Denmark (DK)","4528.66","4880.00"
"09/04/2025 19:00 - 09/04/2025 20:00","Denmark (DK)","4353.51","4656.00"
"09/04/2025 20:00 - 09/04/2025 21:00","Denmark (DK)","4241.81","4560.00"
"09/04/2025 21:00 - 09/04/2025 22:00","Denmark (DK)","4054.40","4441.00"
"09/04/2025 22:00 - 09/04/2025 23:00","Denmark (DK)","3931.40","4310.00"
"09/04/2025 23:00 - 10/04/2025 00:00","Denmark (DK)","3776.19","4142.00"
"10/04/2025 00:00 - 10/04/2025 01:00","Denmark (DK)","3793.22","4006.00"
"10/04/2025 01:00 - 10/04/2025 02:00","Denmark (DK)","3831.70","3975.00"
"10/04/2025 02:00 - 10/04/2025 03:00","Denmark (DK)","3747.04","3873.00"
"10/04/2025 03:00 - 10/04/2025 04:00","Denmark (DK)","3627.85","3736.00"
"10/04/2025 04:00 - 10/04/2025 05:00","Denmark (DK)","3532.16","3672.00"
"10/04/2025 05:00 - 10/04/2025 06:00","Denmark (DK)","3730.74","3693.00"
"10/04/2025 06:00 - 10/04/2025 07:00","Denmark (DK)","4241.74","4194.00"
"10/04/2025 07:00 - 10/04/2025 08:00","Denmark (DK)","4679.39","4612.00"
"10/04/2025 08:00 - 10/04/2025 09:00","Denmark (DK)","4809.94","4878.00"
"10/04/2025 09:00 - 10/04/2025 10:00","Denmark (DK)","4810.85","4988.00"
"10/04/2025 10:00 - 10/04/2025 11:00","Denmark (DK)","4809.95","5104.00"
"10/04/2025 11:00 - 10/04/2025 12:00","Denmark (DK)","4799.51","5228.00"
"10/04/2025 12:00 - 10/04/2025 13:00","Denmark (DK)","4786.47","5329.00"
"10/04/2025 13:00 - 10/04/2025 14:00","Denmark (DK)","4981.03","5257.00"
"10/04/2025 14:00 - 10/04/2025 15:00","Denmark (DK)","5037.85","5204.00"
"10/04/2025 15:00 - 10/04/2025 16:00","Denmark (DK)","4921.28","4997.00"
"10/04/2025 16:00 - 10/04/2025 17:00","Denmark (DK)","4838.27","4819.00"
"10/04/2025 17:00 - 10/04/2025 18:00","Denmark (DK)","4993.49","4870.00"
"10/04/2025 18:00 - 10/04/2025 19:00","Denmark (DK)","4966.37","4684.00"
"10/04/2025 19:00 - 10/04/2025 20:00","Denmark (DK)","4801.71","4416.00"
"10/04/2025 20:00 - 10/04/2025 21:00","Denmark (DK)","4662.79","4271.00"
"10/04/2025 21:00 - 10/04/2025 22:00","Denmark (DK)","4539.19","4156.00"
"10/04/2025 22:00 - 10/04/2025 23:00","Denmark (DK)","4298.64","4065.00"
"10/04/2025 23:00 - 11/04/2025 00:00","Denmark (DK)","4078.09","3958.00"
"11/04/2025 00:00 - 11/04/2025 01:00","Denmark (DK)","4341.33","4032.00"
"11/04/2025 01:00 - 11/04/2025 02:00","Denmark (DK)","4351.32","3853.00"
"11/04/2025 02:00 - 11/04/2025 03:00","Denmark (DK)","4270.91","3739.00"
"11/04/2025 03:00 - 11/04/2025 04:00","Denmark (DK)","4159.38","3779.00"
"11/04/2025 04:00 - 11/04/2025 05:00","Denmark (DK)","3931.84","3771.00"
"11/04/2025 05:00 - 11/04/2025 06:00","Denmark (DK)","3998.89","3807.00"
"11/04/2025 06:00 - 11/04/2025 07:00","Denmark (DK)","4421.80","4305.00"
"11/04/2025 07:00 - 11/04/2025 08:00","Denmark (DK)","4831.52","4823.00"
"11/04/2025 08:00 - 11/04/2025 09:00","Denmark (DK)","5087.38","4959.00"
"11/04/2025 09:00 - 11/04/2025 10:00","Denmark (DK)","5131.93","5114.00"
"11/04/2025 10:00 - 11/04/2025 11:00","Denmark (DK)","5192.04","5263.00"
"11/04/2025 11:00 - 11/04/2025 12:00","Denmark (DK)","5243.15","5301.00"
"11/04/2025 12:00 - 11/04/2025 13:00","Denmark (DK)","5290.14","5269.00"
"11/04/2025 13:00 - 11/04/2025 14:00","Denmark (DK)","5310.29","5179.00"
"11/04/2025 14:00 - 11/04/2025 15:00","Denmark (DK)","5083.29","5027.00"
"11/04/2025 15:00 - 11/04/2025 16:00","Denmark (DK)","4729.96","4878.00"
"11/04/2025 16:00 - 11/04/2025 17:00","Denmark (DK)","4633.93","4784.00"
"11/04/2025 17:00 - 11/04/2025 18:00","Denmark (DK)","4648.08","4600.00"
"11/04/2025 18:00 - 11/04/2025 19:00","Denmark (DK)","4622.89","4563.00"
"11/04/2025 19:00 - 11/04/2025 20:00","Denmark (DK)","4373.63","4411.00"
"11/04/2025 20:00 - 11/04/2025 21:00","Denmark (DK)","4200.76","4285.00"
"11/04/2025 21:00 - 11/04/2025 22:00","Denmark (DK)","4059.03","4238.00"
"11/04/2025 22:00 - 11/04/2025 23:00","Denmark (DK)","3900.70","4077.00"
"11/04/2025 23:00 - 12/04/2025 00:00","Denmark (DK)","3713.04","3908.00"
"12/04/2025 00:00 - 12/04/2025 01:00","Denmark (DK)","3605.28","3672.00"
"12/04/2025 01:00 - 12/04/2025 02:00","Denmark (DK)","3532.40","3581.00"
"12/04/2025 02:00 - 12/04/2025 03:00","Denmark (DK)","3441.50","3500.00"
"12/04/2025 03:00 - 12/04/2025 04:00","Denmark (DK)","3328.32","3436.00"
"12/04/2025 04:00 - 12/04/2025 05:00","Denmark (DK)","3259.26","3440.00"
"12/04/2025 05:00 - 12/04/2025 06:00","Denmark (DK)","3295.57","3524.00"
"12/04/2025 06:00 - 12/04/2025 07:00","Denmark (DK)","3330.90","3582.00"
"12/04/2025 07:00 - 12/04/2025 08:00","Denmark (DK)","3556.39","3709.00"
"12/04/2025 08:00 - 12/04/2025 09:00","Denmark (DK)","3916.34","3869.00"
"12/04/2025 09:00 - 12/04/2025 10:00","Denmark (DK)","4111.57","4134.00"
"12/04/2025 10:00 - 12/04/2025 11:00","Denmark (DK)","4268.88","4427.00"
"12/04/2025 11:00 - 12/04/2025 12:00","Denmark (DK)","4470.38","4442.00"
"12/04/2025 12:00 - 12/04/2025 13:00","Denmark (DK)","4704.51","4360.00"
"12/04/2025 13:00 - 12/04/2025 14:00","Denmark (DK)","4752.88","4357.00"
"12/04/2025 14:00 - 12/04/2025 15:00","Denmark (DK)","4656.97","4610.00"
"12/04/2025 15:00 - 12/04/2025 16:00","Denmark (DK)","4514.96","4583.00"
"12/04/2025 16:00 - 12/04/2025 17:00","Denmark (DK)","4256.70","4500.00"
"12/04/2025 17:00 - 12/04/2025 18:00","Denmark (DK)","4157.65","4512.00"
"12/04/2025 18:00 - 12/04/2025 19:00","Denmark (DK)","4068.44","4476.00"
"12/04/2025 19:00 - 12/04/2025 20:00","Denmark (DK)","3880.65","4284.00"
"12/04/2025 20:00 - 12/04/2025 21:00","Denmark (DK)","3819.67","4140.00"
"12/04/2025 21:00 - 12/04/2025 22:00","Denmark (DK)","3745.95","4011.00"
"12/04/2025 22:00 - 12/04/2025 23:00","Denmark (DK)","3566.56","3856.00"
"12/04/2025 23:00 - 13/04/2025 00:00","Denmark (DK)","3452.23","3779.00"
"13/04/2025 00:00 - 13/04/2025 01:00","Denmark (DK)","3408.29","3631.00"
"13/04/2025 01:00 - 13/04/2025 02:00","Denmark (DK)","3381.81","3600.00"
"13/04/2025 02:00 - 13/04/2025 03:00","Denmark (DK)","3285.44","3541.00"
"13/04/2025 03:00 - 13/04/2025 04:00","Denmark (DK)","3305.65","3474.00"
"13/04/2025 04:00 - 13/04/2025 05:00","Denmark (DK)","3339.93","3440.00"
"13/04/2025 05:00 - 13/04/2025 06:00","Denmark (DK)","3334.50","3486.00"
"13/04/2025 06:00 - 13/04/2025 07:00","Denmark (DK)","3403.76","3552.00"
"13/04/2025 07:00 - 13/04/2025 08:00","Denmark (DK)","3623.35","3812.00"
"13/04/2025 08:00 - 13/04/2025 09:00","Denmark (DK)","3870.67","4044.00"
"13/04/2025 09:00 - 13/04/2025 10:00","Denmark (DK)","4064.80","4165.00"
"13/04/2025 10:00 - 13/04/2025 11:00","Denmark (DK)","4284.51","4268.00"
"13/04/2025 11:00 - 13/04/2025 12:00","Denmark (DK)","4309.95","4326.00"
"13/04/2025 12:00 - 13/04/2025 13:00","Denmark (DK)","4356.83","4352.00"
"13/04/2025 13:00 - 13/04/2025 14:00","Denmark (DK)","4350.16","4339.00"
"13/04/2025 14:00 - 13/04/2025 15:00","Denmark (DK)","4388.55","4304.00"
"13/04/2025 15:00 - 13/04/2025 16:00","Denmark (DK)","4385.87","4205.00"
"13/04/2025 16:00 - 13/04/2025 17:00","Denmark (DK)","4432.65","4221.00"
"13/04/2025 17:00 - 13/04/2025 18:00","Denmark (DK)","4394.52","4435.00"
"13/04/2025 18:00 - 13/04/2025 19:00","Denmark (DK)","4309.91","4333.00"
"13/04/2025 19:00 - 13/04/2025 20:00","Denmark (DK)","4149.79","4104.00"
"13/04/2025 20:00 - 13/04/2025 21:00","Denmark (DK)","3999.87","3996.00"
"13/04/2025 21:00 - 13/04/2025 22:00","Denmark (DK)","3917.71","3847.00"
"13/04/2025 22:00 - 13/04/2025 23:00","Denmark (DK)","3721.67","3670.00"
"13/04/2025 23:00 - 14/04/2025 00:00","Denmark (DK)","3576.15","3515.00"
"14/04/2025 00:00 - 14/04/2025 01:00","Denmark (DK)","3567.87","3439.00"
"14/04/2025 01:00 - 14/04/2025 02:00","Denmark (DK)","3537.55","3364.00"
"14/04/2025 02:00 - 14/04/2025 03:00","Denmark (DK)","3395.02","3318.00"
"14/04/2025 03:00 - 14/04/2025 04:00","Denmark (DK)","3279.88","3349.00"
"14/04/2025 04:00 - 14/04/2025 05:00","Denmark (DK)","3284.80","3397.00"
"14/04/2025 05:00 - 14/04/2025 06:00","Denmark (DK)","3466.66","3574.00"
"14/04/2025 06:00 - 14/04/2025 07:00","Denmark (DK)","3877.73","3958.00"
"14/04/2025 07:00 - 14/04/2025 08:00","Denmark (DK)","4349.20","4381.00"
"14/04/2025 08:00 - 14/04/2025 09:00","Denmark (DK)","4655.71","4534.00"
"14/04/2025 09:00 - 14/04/2025 10:00","Denmark (DK)","4813.36","4567.00"
"14/04/2025 10:00 - 14/04/2025 11:00","Denmark (DK)","4944.07","4613.00"
"14/04/2025 11:00 - 14/04/2025 12:00","Denmark (DK)","4961.74","4593.00"
"14/04/2025 12:00 - 14/04/2025 13:00","Denmark (DK)","5043.64","4568.00"
"14/04/2025 13:00 - 14/04/2025 14:00","Denmark (DK)","5052.23","4734.00"
"14/04/2025 14:00 - 14/04/2025 15:00","Denmark (DK)","4852.94","4906.00"
"14/04/2025 15:00 - 14/04/2025 16:00","Denmark (DK)","4545.84","5077.00"
"14/04/2025 16:00 - 14/04/2025 17:00","Denmark (DK)","4474.71","4983.00"
"14/04/2025 17:00 - 14/04/2025 18:00","Denmark (DK)","4569.00","4807.00"
"14/04/2025 18:00 - 14/04/2025 19:00","Denmark (DK)","4531.63","4625.00"
"14/04/2025 19:00 - 14/04/2025 20:00","Denmark (DK)","4283.02","4326.00"
"14/04/2025 20:00 - 14/04/2025 21:00","Denmark (DK)","4163.92","4236.00"
"14/04/2025 21:00 - 14/04/2025 22:00","Denmark (DK)","4148.99","4169.00"
"14/04/2025 22:00 - 14/04/2025 23:00","Denmark (DK)","3919.53","3986.00"
"14/04/2025 23:00 - 15/04/2025 00:00","Denmark (DK)","3711.96","3856.00"
"15/04/2025 00:00 - 15/04/2025 01:00","Denmark (DK)","3724.34","3598.00"
"15/04/2025 01:00 - 15/04/2025 02:00","Denmark (DK)","3704.35","3490.00"
"15/04/2025 02:00 - 15/04/2025 03:00","Denmark (DK)","3613.91","3388.00"
"15/04/2025 03:00 - 15/04/2025 04:00","Denmark (DK)","3617.77","3276.00"
"15/04/2025 04:00 - 15/04/2025 05:00","Denmark (DK)","3598.89","3218.00"
"15/04/2025 05:00 - 15/04/2025 06:00","Denmark (DK)","3674.16","3338.00"
"15/04/2025 06:00 - 15/04/2025 07:00","Denmark (DK)","4008.50","4109.00"
"15/04/2025 07:00 - 15/04/2025 08:00","Denmark (DK)","4441.74","4579.00"
"15/04/2025 08:00 - 15/04/2025 09:00","Denmark (DK)","4670.84","4623.00"
"15/04/2025 09:00 - 15/04/2025 10:00","Denmark (DK)","4906.19","4538.00"
"15/04/2025 10:00 - 15/04/2025 11:00","Denmark (DK)","5144.07","4586.00"
"15/04/2025 11:00 - 15/04/2025 12:00","Denmark (DK)","5313.51","4628.00"
"15/04/2025 12:00 - 15/04/2025 13:00","Denmark (DK)","5370.80","4573.00"
"15/04/2025 13:00 - 15/04/2025 14:00","Denmark (DK)","5255.29","4577.00"
"15/04/2025 14:00 - 15/04/2025 15:00","Denmark (DK)","5057.31","4575.00"
"15/04/2025 15:00 - 15/04/2025 16:00","Denmark (DK)","4957.59","4462.00"
"15/04/2025 16:00 - 15/04/2025 17:00","Denmark (DK)","5026.20","4493.00"
"15/04/2025 17:00 - 15/04/2025 18:00","Denmark (DK)","5023.47","4612.00"
"15/04/2025 18:00 - 15/04/2025 19:00","Denmark (DK)","4725.27","4569.00"
"15/04/2025 19:00 - 15/04/2025 20:00","Denmark (DK)","4463.50","4355.00"
"15/04/2025 20:00 - 15/04/2025 21:00","Denmark (DK)","4307.24","4272.00"
"15/04/2025 21:00 - 15/04/2025 22:00","Denmark (DK)","4421.93","4276.00"
"15/04/2025 22:00 - 15/04/2025 23:00","Denmark (DK)","4193.92","4112.00"
"15/04/2025 23:00 - 16/04/2025 00:00","Denmark (DK)","3859.48","3933.00"
"16/04/2025 00:00 - 16/04/2025 01:00","Denmark (DK)","3795.93","4088.00"
"16/04/2025 01:00 - 16/04/2025 02:00","Denmark (DK)","3539.41","3971.00"
"16/04/2025 02:00 - 16/04/2025 03:00","Denmark (DK)","3235.92","3906.00"
"16/04/2025 03:00 - 16/04/2025 04:00","Denmark (DK)","3248.11","3867.00"
"16/04/2025 04:00 - 16/04/2025 05:00","Denmark (DK)","3302.97","3930.00"
"16/04/2025 05:00 - 16/04/2025 06:00","Denmark (DK)","3437.25","4042.00"
"16/04/2025 06:00 - 16/04/2025 07:00","Denmark (DK)","3766.92","4389.00"
"16/04/2025 07:00 - 16/04/2025 08:00","Denmark (DK)","4175.92","4831.00"
"16/04/2025 08:00 - 16/04/2025 09:00","Denmark (DK)","4460.86","5009.00"
"16/04/2025 09:00 - 16/04/2025 10:00","Denmark (DK)","4537.95","5005.00"
"16/04/2025 10:00 - 16/04/2025 11:00","Denmark (DK)","4594.91","5001.00"
"16/04/2025 11:00 - 16/04/2025 12:00","Denmark (DK)","4668.13","4988.00"
"16/04/2025 12:00 - 16/04/2025 13:00","Denmark (DK)","4631.58","4904.00"
"16/04/2025 13:00 - 16/04/2025 14:00","Denmark (DK)","4644.89","4828.00"
"16/04/2025 14:00 - 16/04/2025 15:00","Denmark (DK)","4470.99","4701.00"
"16/04/2025 15:00 - 16/04/2025 16:00","Denmark (DK)","4365.94","4600.00"
"16/04/2025 16:00 - 16/04/2025 17:00","Denmark (DK)","4283.78","4624.00"
"16/04/2025 17:00 - 16/04/2025 18:00","Denmark (DK)","4332.42","4719.00"
"16/04/2025 18:00 - 16/04/2025 19:00","Denmark (DK)","4299.60","4630.00"
"16/04/2025 19:00 - 16/04/2025 20:00","Denmark (DK)","4124.57","4506.00"
"16/04/2025 20:00 - 16/04/2025 21:00","Denmark (DK)","3971.90","4338.00"
"16/04/2025 21:00 - 16/04/2025 22:00","Denmark (DK)","3846.77","4250.00"
"16/04/2025 22:00 - 16/04/2025 23:00","Denmark (DK)","3626.66","4049.00"
"16/04/2025 23:00 - 17/04/2025 00:00","Denmark (DK)","3392.51","3872.00"
"17/04/2025 00:00 - 17/04/2025 01:00","Denmark (DK)","3384.83","3293.00"
"17/04/2025 01:00 - 17/04/2025 02:00","Denmark (DK)","3346.51","3211.00"
"17/04/2025 02:00 - 17/04/2025 03:00","Denmark (DK)","3281.85","3157.00"
"17/04/2025 03:00 - 17/04/2025 04:00","Denmark (DK)","3233.04","3149.00"
"17/04/2025 04:00 - 17/04/2025 05:00","Denmark (DK)","3111.43","3124.00"
"17/04/2025 05:00 - 17/04/2025 06:00","Denmark (DK)","3093.70","3162.00"
"17/04/2025 06:00 - 17/04/2025 07:00","Denmark (DK)","3131.52","3267.00"
"17/04/2025 07:00 - 17/04/2025 08:00","Denmark (DK)","3379.82","3501.00"
"17/04/2025 08:00 - 17/04/2025 09:00","Denmark (DK)","3614.88","3672.00"
"17/04/2025 09:00 - 17/04/2025 10:00","Denmark (DK)","3758.56","3854.00"
"17/04/2025 10:00 - 17/04/2025 11:00","Denmark (DK)","3911.30","3998.00"
"17/04/2025 11:00 - 17/04/2025 12:00","Denmark (DK)","3999.84","4040.00"
"17/04/2025 12:00 - 17/04/2025 13:00","Denmark (DK)","4009.69","3944.00"
"17/04/2025 13:00 - 17/04/2025 14:00","Denmark (DK)","3905.97","3932.00"
"17/04/2025 14:00 - 17/04/2025 15:00","Denmark (DK)","3834.71","3945.00"
"17/04/2025 15:00 - 17/04/2025 16:00","Denmark (DK)","3835.19","3848.00"
"17/04/2025 16:00 - 17/04/2025 17:00","Denmark (DK)","3886.35","3884.00"
"17/04/2025 17:00 - 17/04/2025 18:00","Denmark (DK)","4058.68","4032.00"
"17/04/2025 18:00 - 17/04/2025 19:00","Denmark (DK)","4002.60","4039.00"
"17/04/2025 19:00 - 17/04/2025 20:00","Denmark (DK)","3852.83","3925.00"
"17/04/2025 20:00 - 17/04/2025 21:00","Denmark (DK)","3684.13","3865.00"
"17/04/2025 21:00 - 17/04/2025 22:00","Denmark (DK)","3612.88","3833.00"
"17/04/2025 22:00 - 17/04/2025 23:00","Denmark (DK)","3451.77","3670.00"
"17/04/2025 23:00 - 18/04/2025 00:00","Denmark (DK)","3257.85","3515.00"
"18/04/2025 00:00 - 18/04/2025 01:00","Denmark (DK)","3150.87","3402.00"
"18/04/2025 01:00 - 18/04/2025 02:00","Denmark (DK)","3167.85","3261.00"
"18/04/2025 02:00 - 18/04/2025 03:00","Denmark (DK)","3163.05","3164.00"
"18/04/2025 03:00 - 18/04/2025 04:00","Denmark (DK)","3074.83","3171.00"
"18/04/2025 04:00 - 18/04/2025 05:00","Denmark (DK)","3106.10","3146.00"
"18/04/2025 05:00 - 18/04/2025 06:00","Denmark (DK)","3068.59","3224.00"
"18/04/2025 06:00 - 18/04/2025 07:00","Denmark (DK)","3067.30","3372.00"
"18/04/2025 07:00 - 18/04/2025 08:00","Denmark (DK)","3298.39","3572.00"
"18/04/2025 08:00 - 18/04/2025 09:00","Denmark (DK)","3588.88","3795.00"
"18/04/2025 09:00 - 18/04/2025 10:00","Denmark (DK)","3823.71","3944.00"
"18/04/2025 10:00 - 18/04/2025 11:00","Denmark (DK)","4094.97","4050.00"
"18/04/2025 11:00 - 18/04/2025 12:00","Denmark (DK)","4182.45","3996.00"
"18/04/2025 12:00 - 18/04/2025 13:00","Denmark (DK)","4174.35","4031.00"
"18/04/2025 13:00 - 18/04/2025 14:00","Denmark (DK)","4215.04","4078.00"
"18/04/2025 14:00 - 18/04/2025 15:00","Denmark (DK)","4255.01","4066.00"
"18/04/2025 15:00 - 18/04/2025 16:00","Denmark (DK)","4196.92","3855.00"
"18/04/2025 16:00 - 18/04/2025 17:00","Denmark (DK)","4100.39","3785.00"
"18/04/2025 17:00 - 18/04/2025 18:00","Denmark (DK)","4065.56","3929.00"
"18/04/2025 18:00 - 18/04/2025 19:00","Denmark (DK)","4033.35","3957.00"
"18/04/2025 19:00 - 18/04/2025 20:00","Denmark (DK)","3786.90","3776.00"
"18/04/2025 20:00 - 18/04/2025 21:00","Denmark (DK)","3717.60","3742.00"
"18/04/2025 21:00 - 18/04/2025 22:00","Denmark (DK)","3674.69","3682.00"
"18/04/2025 22:00 - 18/04/2025 23:00","Denmark (DK)","3510.64","3494.00"
"18/04/2025 23:00 - 19/04/2025 00:00","Denmark (DK)","3347.82","3333.00"
"19/04/2025 00:00 - 19/04/2025 01:00","Denmark (DK)","3338.02","3118.00"
"19/04/2025 01:00 - 19/04/2025 02:00","Denmark (DK)","3377.86","3053.00"
"19/04/2025 02:00 - 19/04/2025 03:00","Denmark (DK)","3231.04","2995.00"
"19/04/2025 03:00 - 19/04/2025 04:00","Denmark (DK)","3134.02","2981.00"
"19/04/2025 04:00 - 19/04/2025 05:00","Denmark (DK)","3051.41","2989.00"
"19/04/2025 05:00 - 19/04/2025 06:00","Denmark (DK)","3037.53","3045.00"
"19/04/2025 06:00 - 19/04/2025 07:00","Denmark (DK)","3123.53","3166.00"
"19/04/2025 07:00 - 19/04/2025 08:00","Denmark (DK)","3335.61","3387.00"
"19/04/2025 08:00 - 19/04/2025 09:00","Denmark (DK)","3686.73","3585.00"
"19/04/2025 09:00 - 19/04/2025 10:00","Denmark (DK)","3953.48","3695.00"
"19/04/2025 10:00 - 19/04/2025 11:00","Denmark (DK)","4222.53","3733.00"
"19/04/2025 11:00 - 19/04/2025 12:00","Denmark (DK)","4560.63","3796.00"
"19/04/2025 12:00 - 19/04/2025 13:00","Denmark (DK)","4714.79","3755.00"
"19/04/2025 13:00 - 19/04/2025 14:00","Denmark (DK)","4718.38","3767.00"
"19/04/2025 14:00 - 19/04/2025 15:00","Denmark (DK)","4692.87","3708.00"
"19/04/2025 15:00 - 19/04/2025 16:00","Denmark (DK)","4620.68","3616.00"
"19/04/2025 16:00 - 19/04/2025 17:00","Denmark (DK)","4506.49","3671.00"
"19/04/2025 17:00 - 19/04/2025 18:00","Denmark (DK)","4456.26","3791.00"
"19/04/2025 18:00 - 19/04/2025 19:00","Denmark (DK)","4300.17","3814.00"
"19/04/2025 19:00 - 19/04/2025 20:00","Denmark (DK)","4043.27","3727.00"
"19/04/2025 20:00 - 19/04/2025 21:00","Denmark (DK)","3958.53","3645.00"
"19/04/2025 21:00 - 19/04/2025 22:00","Denmark (DK)","3843.22","3553.00"
"19/04/2025 22:00 - 19/04/2025 23:00","Denmark (DK)","3635.24","3351.00"
"19/04/2025 23:00 - 20/04/2025 00:00","Denmark (DK)","3450.60","3209.00"
"20/04/2025 00:00 - 20/04/2025 01:00","Denmark (DK)","3399.82","3063.00"
"20/04/2025 01:00 - 20/04/2025 02:00","Denmark (DK)","3333.86","2964.00"
"20/04/2025 02:00 - 20/04/2025 03:00","Denmark (DK)","3185.49","2918.00"
"20/04/2025 03:00 - 20/04/2025 04:00","Denmark (DK)","3076.43","2879.00"
"20/04/2025 04:00 - 20/04/2025 05:00","Denmark (DK)","3012.08","2887.00"
"20/04/2025 05:00 - 20/04/2025 06:00","Denmark (DK)","3006.25","2920.00"
"20/04/2025 06:00 - 20/04/2025 07:00","Denmark (DK)","3056.26","3003.00"
"20/04/2025 07:00 - 20/04/2025 08:00","Denmark (DK)","3334.62","3180.00"
"20/04/2025 08:00 - 20/04/2025 09:00","Denmark (DK)","3672.61","3415.00"
"20/04/2025 09:00 - 20/04/2025 10:00","Denmark (DK)","4102.99","3585.00"
"20/04/2025 10:00 - 20/04/2025 11:00","Denmark (DK)","4415.21","3676.00"
"20/04/2025 11:00 - 20/04/2025 12:00","Denmark (DK)","4631.44","3753.00"
"20/04/2025 12:00 - 20/04/2025 13:00","Denmark (DK)","4643.22","3779.00"
"20/04/2025 13:00 - 20/04/2025 14:00","Denmark (DK)","4545.56","3717.00"
"20/04/2025 14:00 - 20/04/2025 15:00","Denmark (DK)","4407.37","3696.00"
"20/04/2025 15:00 - 20/04/2025 16:00","Denmark (DK)","4366.55","3693.00"
"20/04/2025 16:00 - 20/04/2025 17:00","Denmark (DK)","4251.74","3686.00"
"20/04/2025 17:00 - 20/04/2025 18:00","Denmark (DK)","4184.76","3807.00"
"20/04/2025 18:00 - 20/04/2025 19:00","Denmark (DK)","4069.06","3836.00"
"20/04/2025 19:00 - 20/04/2025 20:00","Denmark (DK)","3876.27","3709.00"
"20/04/2025 20:00 - 20/04/2025 21:00","Denmark (DK)","3734.77","3667.00"
"20/04/2025 21:00 - 20/04/2025 22:00","Denmark (DK)","3651.56","3576.00"
"20/04/2025 22:00 - 20/04/2025 23:00","Denmark (DK)","3485.88","3420.00"
"20/04/2025 23:00 - 21/04/2025 00:00","Denmark (DK)","3304.78","3309.00"
"21/04/2025 00:00 - 21/04/2025 01:00","Denmark (DK)","3235.84","3209.00"
"21/04/2025 01:00 - 21/04/2025 02:00","Denmark (DK)","3204.17","3130.00"
"21/04/2025 02:00 - 21/04/2025 03:00","Denmark (DK)","3191.84","3086.00"
"21/04/2025 03:00 - 21/04/2025 04:00","Denmark (DK)","3098.20","3088.00"
"21/04/2025 04:00 - 21/04/2025 05:00","Denmark (DK)","3013.56","3084.00"
"21/04/2025 05:00 - 21/04/2025 06:00","Denmark (DK)","3026.09","3172.00"
"21/04/2025 06:00 - 21/04/2025 07:00","Denmark (DK)","3086.93","3235.00"
"21/04/2025 07:00 - 21/04/2025 08:00","Denmark (DK)","3355.81","3439.00"
"21/04/2025 08:00 - 21/04/2025 09:00","Denmark (DK)","3681.11","3609.00"
"21/04/2025 09:00 - 21/04/2025 10:00","Denmark (DK)","3899.51","3813.00"
"21/04/2025 10:00 - 21/04/2025 11:00","Denmark (DK)","4125.73","3958.00"
"21/04/2025 11:00 - 21/04/2025 12:00","Denmark (DK)","4323.74","4125.00"
"21/04/2025 12:00 - 21/04/2025 13:00","Denmark (DK)","4544.02","4118.00"
"21/04/2025 13:00 - 21/04/2025 14:00","Denmark (DK)","4604.87","4088.00"
"21/04/2025 14:00 - 21/04/2025 15:00","Denmark (DK)","4517.94","4092.00"
"21/04/2025 15:00 - 21/04/2025 16:00","Denmark (DK)","4408.14","4068.00"
"21/04/2025 16:00 - 21/04/2025 17:00","Denmark (DK)","4275.26","4005.00"
"21/04/2025 17:00 - 21/04/2025 18:00","Denmark (DK)","4336.31","4190.00"
"21/04/2025 18:00 - 21/04/2025 19:00","Denmark (DK)","4199.16","4169.00"
"21/04/2025 19:00 - 21/04/2025 20:00","Denmark (DK)","3963.45","4097.00"
"21/04/2025 20:00 - 21/04/2025 21:00","Denmark (DK)","3828.57","3980.00"
"21/04/2025 21:00 - 21/04/2025 22:00","Denmark (DK)","3699.79","3869.00"
"21/04/2025 22:00 - 21/04/2025 23:00","Denmark (DK)","3495.99","3767.00"
"21/04/2025 23:00 - 22/04/2025 00:00","Denmark (DK)","3354.45","3662.00"
"22/04/2025 00:00 - 22/04/2025 01:00","Denmark (DK)","3457.64","3563.00"
"22/04/2025 01:00 - 22/04/2025 02:00","Denmark (DK)","3427.83","3634.00"
"22/04/2025 02:00 - 22/04/2025 03:00","Denmark (DK)","3396.06","3672.00"
"22/04/2025 03:00 - 22/04/2025 04:00","Denmark (DK)","3305.49","3672.00"
"22/04/2025 04:00 - 22/04/2025 05:00","Denmark (DK)","3316.37","3694.00"
"22/04/2025 05:00 - 22/04/2025 06:00","Denmark (DK)","3426.46","3862.00"
"22/04/2025 06:00 - 22/04/2025 07:00","Denmark (DK)","3879.17","4236.00"
"22/04/2025 07:00 - 22/04/2025 08:00","Denmark (DK)","4416.84","4646.00"
"22/04/2025 08:00 - 22/04/2025 09:00","Denmark (DK)","4665.49","4788.00"
"22/04/2025 09:00 - 22/04/2025 10:00","Denmark (DK)","4776.60","4796.00"
"22/04/2025 10:00 - 22/04/2025 11:00","Denmark (DK)","4899.02","4864.00"
"22/04/2025 11:00 - 22/04/2025 12:00","Denmark (DK)","4891.79","4810.00"
"22/04/2025 12:00 - 22/04/2025 13:00","Denmark (DK)","4809.86","4763.00"
"22/04/2025 13:00 - 22/04/2025 14:00","Denmark (DK)","4848.90","4748.00"
"22/04/2025 14:00 - 22/04/2025 15:00","Denmark (DK)","4745.46","4689.00"
"22/04/2025 15:00 - 22/04/2025 16:00","Denmark (DK)","4606.51","4565.00"
"22/04/2025 16:00 - 22/04/2025 17:00","Denmark (DK)","4623.16","4642.00"
"22/04/2025 17:00 - 22/04/2025 18:00","Denmark (DK)","4707.27","4726.00"
"22/04/2025 18:00 - 22/04/2025 19:00","Denmark (DK)","4634.46","4645.00"
"22/04/2025 19:00 - 22/04/2025 20:00","Denmark (DK)","4369.05","4498.00"
"22/04/2025 20:00 - 22/04/2025 21:00","Denmark (DK)","4145.75","4422.00"
"22/04/2025 21:00 - 22/04/2025 22:00","Denmark (DK)","4070.35","4344.00"
"22/04/2025 22:00 - 22/04/2025 23:00","Denmark (DK)","3853.87","4228.00"
"22/04/2025 23:00 - 23/04/2025 00:00","Denmark (DK)","3662.93","4091.00"
"23/04/2025 00:00 - 23/04/2025 01:00","Denmark (DK)","3696.02","3712.00"
"23/04/2025 01:00 - 23/04/2025 02:00","Denmark (DK)","3750.48","3655.00"
"23/04/2025 02:00 - 23/04/2025 03:00","Denmark (DK)","3686.02","3628.00"
"23/04/2025 03:00 - 23/04/2025 04:00","Denmark (DK)","3542.62","3631.00"
"23/04/2025 04:00 - 23/04/2025 05:00","Denmark (DK)","3434.19","3598.00"
"23/04/2025 05:00 - 23/04/2025 06:00","Denmark (DK)","3559.94","3759.00"
"23/04/2025 06:00 - 23/04/2025 07:00","Denmark (DK)","3986.15","4060.00"
"23/04/2025 07:00 - 23/04/2025 08:00","Denmark (DK)","4481.87","4440.00"
"23/04/2025 08:00 - 23/04/2025 09:00","Denmark (DK)","4709.54","4613.00"
"23/04/2025 09:00 - 23/04/2025 10:00","Denmark (DK)","4843.29","4621.00"
"23/04/2025 10:00 - 23/04/2025 11:00","Denmark (DK)","4942.51","4748.00"
"23/04/2025 11:00 - 23/04/2025 12:00","Denmark (DK)","4877.97","4864.00"
"23/04/2025 12:00 - 23/04/2025 13:00","Denmark (DK)","4863.04","4731.00"
"23/04/2025 13:00 - 23/04/2025 14:00","Denmark (DK)","4854.54","4723.00"
"23/04/2025 14:00 - 23/04/2025 15:00","Denmark (DK)","4707.09","4690.00"
"23/04/2025 15:00 - 23/04/2025 16:00","Denmark (DK)","4518.32","4564.00"
"23/04/2025 16:00 - 23/04/2025 17:00","Denmark (DK)","4531.42","4641.00"
"23/04/2025 17:00 - 23/04/2025 18:00","Denmark (DK)","4602.32","4740.00"
"23/04/2025 18:00 - 23/04/2025 19:00","Denmark (DK)","4455.72","4694.00"
"23/04/2025 19:00 - 23/04/2025 20:00","Denmark (DK)","4238.43","4459.00"
"23/04/2025 20:00 - 23/04/2025 21:00","Denmark (DK)","4097.05","4409.00"
"23/04/2025 21:00 - 23/04/2025 22:00","Denmark (DK)","4069.27","4306.00"
"23/04/2025 22:00 - 23/04/2025 23:00","Denmark (DK)","3870.15","4175.00"
"23/04/2025 23:00 - 24/04/2025 00:00","Denmark (DK)","3640.42","4034.00"
"24/04/2025 00:00 - 24/04/2025 01:00","Denmark (DK)","3648.54","3722.00"
"24/04/2025 01:00 - 24/04/2025 02:00","Denmark (DK)","3755.16","3655.00"
"24/04/2025 02:00 - 24/04/2025 03:00","Denmark (DK)","3698.17","3598.00"
"24/04/2025 03:00 - 24/04/2025 04:00","Denmark (DK)","3608.97","3551.00"
"24/04/2025 04:00 - 24/04/2025 05:00","Denmark (DK)","3565.21","3476.00"
"24/04/2025 05:00 - 24/04/2025 06:00","Denmark (DK)","3609.20","3601.00"
"24/04/2025 06:00 - 24/04/2025 07:00","Denmark (DK)","4007.04","3909.00"
"24/04/2025 07:00 - 24/04/2025 08:00","Denmark (DK)","4496.45","4343.00"
"24/04/2025 08:00 - 24/04/2025 09:00","Denmark (DK)","4651.88","4534.00"
"24/04/2025 09:00 - 24/04/2025 10:00","Denmark (DK)","4747.87","4543.00"
"24/04/2025 10:00 - 24/04/2025 11:00","Denmark (DK)","4754.95","4637.00"
"24/04/2025 11:00 - 24/04/2025 12:00","Denmark (DK)","4718.22","4737.00"
"24/04/2025 12:00 - 24/04/2025 13:00","Denmark (DK)","4662.70","4601.00"
"24/04/2025 13:00 - 24/04/2025 14:00","Denmark (DK)","4698.03","4586.00"
"24/04/2025 14:00 - 24/04/2025 15:00","Denmark (DK)","4607.19","4546.00"
"24/04/2025 15:00 - 24/04/2025 16:00","Denmark (DK)","4461.58","4443.00"
"24/04/2025 16:00 - 24/04/2025 17:00","Denmark (DK)","4433.38","4449.00"
"24/04/2025 17:00 - 24/04/2025 18:00","Denmark (DK)","4600.96","4630.00"
"24/04/2025 18:00 - 24/04/2025 19:00","Denmark (DK)","4502.98","4599.00"
"24/04/2025 19:00 - 24/04/2025 20:00","Denmark (DK)","4312.28","4355.00"
"24/04/2025 20:00 - 24/04/2025 21:00","Denmark (DK)","4133.77","4269.00"
"24/04/2025 21:00 - 24/04/2025 22:00","Denmark (DK)","4070.76","4201.00"
"24/04/2025 22:00 - 24/04/2025 23:00","Denmark (DK)","3868.34","4044.00"
"24/04/2025 23:00 - 25/04/2025 00:00","Denmark (DK)","3661.69","3891.00"
"25/04/2025 00:00 - 25/04/2025 01:00","Denmark (DK)","3710.65","3661.00"
"25/04/2025 01:00 - 25/04/2025 02:00","Denmark (DK)","3854.21","3584.00"
"25/04/2025 02:00 - 25/04/2025 03:00","Denmark (DK)","3738.97","3548.00"
"25/04/2025 03:00 - 25/04/2025 04:00","Denmark (DK)","3561.94","3553.00"
"25/04/2025 04:00 - 25/04/2025 05:00","Denmark (DK)","3457.33","3640.00"
"25/04/2025 05:00 - 25/04/2025 06:00","Denmark (DK)","3549.33","3823.00"
"25/04/2025 06:00 - 25/04/2025 07:00","Denmark (DK)","3932.79","3877.00"
"25/04/2025 07:00 - 25/04/2025 08:00","Denmark (DK)","4401.58","4318.00"
"25/04/2025 08:00 - 25/04/2025 09:00","Denmark (DK)","4688.91","4577.00"
"25/04/2025 09:00 - 25/04/2025 10:00","Denmark (DK)","4794.52","4665.00"
"25/04/2025 10:00 - 25/04/2025 11:00","Denmark (DK)","4815.39","4733.00"
"25/04/2025 11:00 - 25/04/2025 12:00","Denmark (DK)","4782.52","4633.00"
"25/04/2025 12:00 - 25/04/2025 13:00","Denmark (DK)","4662.66","4516.00"
"25/04/2025 13:00 - 25/04/2025 14:00","Denmark (DK)","4682.63","4432.00"
"25/04/2025 14:00 - 25/04/2025 15:00","Denmark (DK)","4539.24","4289.00"
"25/04/2025 15:00 - 25/04/2025 16:00","Denmark (DK)","4345.99","4176.00"
"25/04/2025 16:00 - 25/04/2025 17:00","Denmark (DK)","4341.36","4182.00"
"25/04/2025 17:00 - 25/04/2025 18:00","Denmark (DK)","4356.89","4289.00"
"25/04/2025 18:00 - 25/04/2025 19:00","Denmark (DK)","4288.12","4177.00"
"25/04/2025 19:00 - 25/04/2025 20:00","Denmark (DK)","4091.05","4065.00"
"25/04/2025 20:00 - 25/04/2025 21:00","Denmark (DK)","3875.38","3907.00"
"25/04/2025 21:00 - 25/04/2025 22:00","Denmark (DK)","3783.95","3855.00"
"25/04/2025 22:00 - 25/04/2025 23:00","Denmark (DK)","3650.78","3705.00"
"25/04/2025 23:00 - 26/04/2025 00:00","Denmark (DK)","3546.78","3557.00"
"26/04/2025 00:00 - 26/04/2025 01:00","Denmark (DK)","3397.93","3548.00"
"26/04/2025 01:00 - 26/04/2025 02:00","Denmark (DK)","3392.51","3432.00"
"26/04/2025 02:00 - 26/04/2025 03:00","Denmark (DK)","3346.66","3328.00"
"26/04/2025 03:00 - 26/04/2025 04:00","Denmark (DK)","3291.27","3247.00"
"26/04/2025 04:00 - 26/04/2025 05:00","Denmark (DK)","3206.04","3218.00"
"26/04/2025 05:00 - 26/04/2025 06:00","Denmark (DK)","3158.85","3243.00"
"26/04/2025 06:00 - 26/04/2025 07:00","Denmark (DK)","3233.89","3380.00"
"26/04/2025 07:00 - 26/04/2025 08:00","Denmark (DK)","3461.38","3585.00"
"26/04/2025 08:00 - 26/04/2025 09:00","Denmark (DK)","3733.27","3750.00"
"26/04/2025 09:00 - 26/04/2025 10:00","Denmark (DK)","3960.88","3895.00"
"26/04/2025 10:00 - 26/04/2025 11:00","Denmark (DK)","4278.21","3999.00"
"26/04/2025 11:00 - 26/04/2025 12:00","Denmark (DK)","4359.11","4017.00"
"26/04/2025 12:00 - 26/04/2025 13:00","Denmark (DK)","4451.78","4155.00"
"26/04/2025 13:00 - 26/04/2025 14:00","Denmark (DK)","4475.47","4259.00"
"26/04/2025 14:00 - 26/04/2025 15:00","Denmark (DK)","4322.89","4468.00"
"26/04/2025 15:00 - 26/04/2025 16:00","Denmark (DK)","4152.61","4378.00"
"26/04/2025 16:00 - 26/04/2025 17:00","Denmark (DK)","4008.55","4121.00"
"26/04/2025 17:00 - 26/04/2025 18:00","Denmark (DK)","3948.64","4038.00"
"26/04/2025 18:00 - 26/04/2025 19:00","Denmark (DK)","3820.34","3982.00"
"26/04/2025 19:00 - 26/04/2025 20:00","Denmark (DK)","3676.77","3939.00"
"26/04/2025 20:00 - 26/04/2025 21:00","Denmark (DK)","3566.49","3839.00"
"26/04/2025 21:00 - 26/04/2025 22:00","Denmark (DK)","3576.74","3672.00"
"26/04/2025 22:00 - 26/04/2025 23:00","Denmark (DK)","3425.73","3527.00"
"26/04/2025 23:00 - 27/04/2025 00:00","Denmark (DK)","3256.40","3383.00"
"27/04/2025 00:00 - 27/04/2025 01:00","Denmark (DK)","3210.33","3262.00"
"27/04/2025 01:00 - 27/04/2025 02:00","Denmark (DK)","3179.62","3156.00"
"27/04/2025 02:00 - 27/04/2025 03:00","Denmark (DK)","3133.36","3091.00"
"27/04/2025 03:00 - 27/04/2025 04:00","Denmark (DK)","3071.70","3059.00"
"27/04/2025 04:00 - 27/04/2025 05:00","Denmark (DK)","3051.62","3066.00"
"27/04/2025 05:00 - 27/04/2025 06:00","Denmark (DK)","3019.27","3080.00"
"27/04/2025 06:00 - 27/04/2025 07:00","Denmark (DK)","3099.53","3196.00"
"27/04/2025 07:00 - 27/04/2025 08:00","Denmark (DK)","3315.23","3399.00"
"27/04/2025 08:00 - 27/04/2025 09:00","Denmark (DK)","3575.45","3590.00"
"27/04/2025 09:00 - 27/04/2025 10:00","Denmark (DK)","3977.09","3841.00"
"27/04/2025 10:00 - 27/04/2025 11:00","Denmark (DK)","4283.80","4198.00"
"27/04/2025 11:00 - 27/04/2025 12:00","Denmark (DK)","4458.07","4506.00"
"27/04/2025 12:00 - 27/04/2025 13:00","Denmark (DK)","4512.67","4550.00"
"27/04/2025 13:00 - 27/04/2025 14:00","Denmark (DK)","4454.33","4520.00"
"27/04/2025 14:00 - 27/04/2025 15:00","Denmark (DK)","4459.84","4439.00"
"27/04/2025 15:00 - 27/04/2025 16:00","Denmark (DK)","4310.27","4390.00"
"27/04/2025 16:00 - 27/04/2025 17:00","Denmark (DK)","4195.67","4276.00"
"27/04/2025 17:00 - 27/04/2025 18:00","Denmark (DK)","4227.76","4162.00"
"27/04/2025 18:00 - 27/04/2025 19:00","Denmark (DK)","4077.96","3977.00"
"27/04/2025 19:00 - 27/04/2025 20:00","Denmark (DK)","3883.83","3875.00"
"27/04/2025 20:00 - 27/04/2025 21:00","Denmark (DK)","3712.35","3738.00"
"27/04/2025 21:00 - 27/04/2025 22:00","Denmark (DK)","3674.43","3725.00"
"27/04/2025 22:00 - 27/04/2025 23:00","Denmark (DK)","3530.39","3647.00"
"27/04/2025 23:00 - 28/04/2025 00:00","Denmark (DK)","3364.54","3554.00"
"28/04/2025 00:00 - 28/04/2025 01:00","Denmark (DK)","3342.88","3490.00"
"28/04/2025 01:00 - 28/04/2025 02:00","Denmark (DK)","3351.22","3430.00"
"28/04/2025 02:00 - 28/04/2025 03:00","Denmark (DK)","3299.66","3414.00"
"28/04/2025 03:00 - 28/04/2025 04:00","Denmark (DK)","3179.83","3442.00"
"28/04/2025 04:00 - 28/04/2025 05:00","Denmark (DK)","3200.12","3500.00"
"28/04/2025 05:00 - 28/04/2025 06:00","Denmark (DK)","3384.87","3754.00"
"28/04/2025 06:00 - 28/04/2025 07:00","Denmark (DK)","3834.15","3800.00"
"28/04/2025 07:00 - 28/04/2025 08:00","Denmark (DK)","4275.86","4220.00"
"28/04/2025 08:00 - 28/04/2025 09:00","Denmark (DK)","4461.39","4487.00"
"28/04/2025 09:00 - 28/04/2025 10:00","Denmark (DK)","4676.44","4640.00"
"28/04/2025 10:00 - 28/04/2025 11:00","Denmark (DK)","5176.68","4706.00"
"28/04/2025 11:00 - 28/04/2025 12:00","Denmark (DK)","4953.29","4648.00"
"28/04/2025 12:00 - 28/04/2025 13:00","Denmark (DK)","5037.45","4587.00"
"28/04/2025 13:00 - 28/04/2025 14:00","Denmark (DK)","5081.00","4642.00"
"28/04/2025 14:00 - 28/04/2025 15:00","Denmark (DK)","4970.18","4555.00"
"28/04/2025 15:00 - 28/04/2025 16:00","Denmark (DK)","4656.65","4470.00"
"28/04/2025 16:00 - 28/04/2025 17:00","Denmark (DK)","4563.81","4565.00"
"28/04/2025 17:00 - 28/04/2025 18:00","Denmark (DK)","4590.95","4678.00"
"28/04/2025 18:00 - 28/04/2025 19:00","Denmark (DK)","4443.00","4669.00"
"28/04/2025 19:00 - 28/04/2025 20:00","Denmark (DK)","4202.38","4411.00"
"28/04/2025 20:00 - 28/04/2025 21:00","Denmark (DK)","3966.43","4319.00"
"28/04/2025 21:00 - 28/04/2025 22:00","Denmark (DK)","3880.78","4387.00"
"28/04/2025 22:00 - 28/04/2025 23:00","Denmark (DK)","3715.73","4325.00"
"28/04/2025 23:00 - 29/04/2025 00:00","Denmark (DK)","3510.93","4182.00"
"29/04/2025 00:00 - 29/04/2025 01:00","Denmark (DK)","3417.91","3772.00"
"29/04/2025 01:00 - 29/04/2025 02:00","Denmark (DK)","3422.87","3706.00"
"29/04/2025 02:00 - 29/04/2025 03:00","Denmark (DK)","3388.34","3697.00"
"29/04/2025 03:00 - 29/04/2025 04:00","Denmark (DK)","3246.50","3695.00"
"29/04/2025 04:00 - 29/04/2025 05:00","Denmark (DK)","3252.35","3722.00"
"29/04/2025 05:00 - 29/04/2025 06:00","Denmark (DK)","3317.06","3740.00"
"29/04/2025 06:00 - 29/04/2025 07:00","Denmark (DK)","3778.42","4082.00"
"29/04/2025 07:00 - 29/04/2025 08:00","Denmark (DK)","4218.54","4487.00"
"29/04/2025 08:00 - 29/04/2025 09:00","Denmark (DK)","4490.45","4698.00"
"29/04/2025 09:00 - 29/04/2025 10:00","Denmark (DK)","4547.14","4874.00"
"29/04/2025 10:00 - 29/04/2025 11:00","Denmark (DK)","4718.47","4864.00"
"29/04/2025 11:00 - 29/04/2025 12:00","Denmark (DK)","4739.85","4729.00"
"29/04/2025 12:00 - 29/04/2025 13:00","Denmark (DK)","4769.52","4827.00"
"29/04/2025 13:00 - 29/04/2025 14:00","Denmark (DK)","4878.49","4775.00"
"29/04/2025 14:00 - 29/04/2025 15:00","Denmark (DK)","4685.30","4623.00"
"29/04/2025 15:00 - 29/04/2025 16:00","Denmark (DK)","4564.89","4486.00"
"29/04/2025 16:00 - 29/04/2025 17:00","Denmark (DK)","4427.09","4420.00"
"29/04/2025 17:00 - 29/04/2025 18:00","Denmark (DK)","4477.56","4528.00"
"29/04/2025 18:00 - 29/04/2025 19:00","Denmark (DK)","4324.89","4411.00"
"29/04/2025 19:00 - 29/04/2025 20:00","Denmark (DK)","4112.83","4264.00"
"29/04/2025 20:00 - 29/04/2025 21:00","Denmark (DK)","3961.06","4180.00"
"29/04/2025 21:00 - 29/04/2025 22:00","Denmark (DK)","3902.31","3926.00"
"29/04/2025 22:00 - 29/04/2025 23:00","Denmark (DK)","3626.13","3824.00"
"29/04/2025 23:00 - 30/04/2025 00:00","Denmark (DK)","3480.53","3736.00"
"30/04/2025 00:00 - 30/04/2025 01:00","Denmark (DK)","3521.13","3616.00"
"30/04/2025 01:00 - 30/04/2025 02:00","Denmark (DK)","3465.48","3530.00"
"30/04/2025 02:00 - 30/04/2025 03:00","Denmark (DK)","3370.48","3486.00"
"30/04/2025 03:00 - 30/04/2025 04:00","Denmark (DK)","3216.77","3519.00"
"30/04/2025 04:00 - 30/04/2025 05:00","Denmark (DK)","3146.63","3502.00"
"30/04/2025 05:00 - 30/04/2025 06:00","Denmark (DK)","3280.76","3666.00"
"30/04/2025 06:00 - 30/04/2025 07:00","Denmark (DK)","3743.20","3794.00"
"30/04/2025 07:00 - 30/04/2025 08:00","Denmark (DK)","4231.04","4195.00"
"30/04/2025 08:00 - 30/04/2025 09:00","Denmark (DK)","4464.77","4429.00"
"30/04/2025 09:00 - 30/04/2025 10:00","Denmark (DK)","4536.99","4541.00"
"30/04/2025 10:00 - 30/04/2025 11:00","Denmark (DK)","4748.99","4700.00"
"30/04/2025 11:00 - 30/04/2025 12:00","Denmark (DK)","4738.19","4652.00"
"30/04/2025 12:00 - 30/04/2025 13:00","Denmark (DK)","4806.87","4644.00"
"30/04/2025 13:00 - 30/04/2025 14:00","Denmark (DK)","4866.12","4586.00"
"30/04/2025 14:00 - 30/04/2025 15:00","Denmark (DK)","4733.30","4489.00"
"30/04/2025 15:00 - 30/04/2025 16:00","Denmark (DK)","4491.00","4414.00"
"30/04/2025 16:00 - 30/04/2025 17:00","Denmark (DK)","4469.35","4370.00"
"30/04/2025 17:00 - 30/04/2025 18:00","Denmark (DK)","4479.87","4493.00"
"30/04/2025 18:00 - 30/04/2025 19:00","Denmark (DK)","4324.46","4365.00"
"30/04/2025 19:00 - 30/04/2025 20:00","Denmark (DK)","4146.06","4195.00"
"30/04/2025 20:00 - 30/04/2025 21:00","Denmark (DK)","3911.61","3965.00"
"30/04/2025 21:00 - 30/04/2025 22:00","Denmark (DK)","3915.07","3824.00"
"30/04/2025 22:00 - 30/04/2025 23:00","Denmark (DK)","3697.31","3678.00"
"30/04/2025 23:00 - 01/05/2025 00:00","Denmark (DK)","3454.68","3519.00"
"01/05/2025 00:00 - 01/05/2025 01:00","Denmark (DK)","3343.97","3340.00"
"01/05/2025 01:00 - 01/05/2025 02:00","Denmark (DK)","3328.75","3157.00"
"01/05/2025 02:00 - 01/05/2025 03:00","Denmark (DK)","3322.48","3044.00"
"01/05/2025 03:00 - 01/05/2025 04:00","Denmark (DK)","3175.92","2980.00"
"01/05/2025 04:00 - 01/05/2025 05:00","Denmark (DK)","3042.24","2935.00"
"01/05/2025 05:00 - 01/05/2025 06:00","Denmark (DK)","3258.75","3142.00"
"01/05/2025 06:00 - 01/05/2025 07:00","Denmark (DK)","3540.63","3544.00"
"01/05/2025 07:00 - 01/05/2025 08:00","Denmark (DK)","3940.14","3879.00"
"01/05/2025 08:00 - 01/05/2025 09:00","Denmark (DK)","4214.94","4019.00"
"01/05/2025 09:00 - 01/05/2025 10:00","Denmark (DK)","4401.10","4112.00"
"01/05/2025 10:00 - 01/05/2025 11:00","Denmark (DK)","4520.43","4242.00"
"01/05/2025 11:00 - 01/05/2025 12:00","Denmark (DK)","4648.60","4249.00"
"01/05/2025 12:00 - 01/05/2025 13:00","Denmark (DK)","4606.41","4137.00"
"01/05/2025 13:00 - 01/05/2025 14:00","Denmark (DK)","4540.14","4125.00"
"01/05/2025 14:00 - 01/05/2025 15:00","Denmark (DK)","4479.89","4062.00"
"01/05/2025 15:00 - 01/05/2025 16:00","Denmark (DK)","4442.03","3993.00"
"01/05/2025 16:00 - 01/05/2025 17:00","Denmark (DK)","4359.18","3922.00"
"01/05/2025 17:00 - 01/05/2025 18:00","Denmark (DK)","4233.18","4047.00"
"01/05/2025 18:00 - 01/05/2025 19:00","Denmark (DK)","4118.66","3943.00"
"01/05/2025 19:00 - 01/05/2025 20:00","Denmark (DK)","3939.45","3789.00"
"01/05/2025 20:00 - 01/05/2025 21:00","Denmark (DK)","3808.84","3607.00"
"01/05/2025 21:00 - 01/05/2025 22:00","Denmark (DK)","3797.24","3592.00"
"01/05/2025 22:00 - 01/05/2025 23:00","Denmark (DK)","3607.64","3572.00"
"01/05/2025 23:00 - 02/05/2025 00:00","Denmark (DK)","3365.61","3513.00"
"02/05/2025 00:00 - 02/05/2025 01:00","Denmark (DK)","3391.83","3584.00"
"02/05/2025 01:00 - 02/05/2025 02:00","Denmark (DK)","3442.49","3414.00"
"02/05/2025 02:00 - 02/05/2025 03:00","Denmark (DK)","3400.67","3288.00"
"02/05/2025 03:00 - 02/05/2025 04:00","Denmark (DK)","3223.87","3266.00"
"02/05/2025 04:00 - 02/05/2025 05:00","Denmark (DK)","3135.27","3287.00"
"02/05/2025 05:00 - 02/05/2025 06:00","Denmark (DK)","3190.75","3450.00"
"02/05/2025 06:00 - 02/05/2025 07:00","Denmark (DK)","3654.65","3903.00"
"02/05/2025 07:00 - 02/05/2025 08:00","Denmark (DK)","4019.42","4402.00"
"02/05/2025 08:00 - 02/05/2025 09:00","Denmark (DK)","4372.08","4592.00"
"02/05/2025 09:00 - 02/05/2025 10:00","Denmark (DK)","4640.88","4637.00"
"02/05/2025 10:00 - 02/05/2025 11:00","Denmark (DK)","4854.89","4716.00"
"02/05/2025 11:00 - 02/05/2025 12:00","Denmark (DK)","4906.73","4587.00"
"02/05/2025 12:00 - 02/05/2025 13:00","Denmark (DK)","4865.02","4435.00"
"02/05/2025 13:00 - 02/05/2025 14:00","Denmark (DK)","4735.35","4348.00"
"02/05/2025 14:00 - 02/05/2025 15:00","Denmark (DK)","4589.75","4196.00"
"02/05/2025 15:00 - 02/05/2025 16:00","Denmark (DK)","4417.24","4103.00"
"02/05/2025 16:00 - 02/05/2025 17:00","Denmark (DK)","4419.27","4119.00"
"02/05/2025 17:00 - 02/05/2025 18:00","Denmark (DK)","4379.99","4230.00"
"02/05/2025 18:00 - 02/05/2025 19:00","Denmark (DK)","4271.54","4154.00"
"02/05/2025 19:00 - 02/05/2025 20:00","Denmark (DK)","3974.14","3935.00"
"02/05/2025 20:00 - 02/05/2025 21:00","Denmark (DK)","3839.94","3739.00"
"02/05/2025 21:00 - 02/05/2025 22:00","Denmark (DK)","3798.74","3665.00"
"02/05/2025 22:00 - 02/05/2025 23:00","Denmark (DK)","3662.22","3569.00"
"02/05/2025 23:00 - 03/05/2025 00:00","Denmark (DK)","3477.02","3463.00"
"03/05/2025 00:00 - 03/05/2025 01:00","Denmark (DK)","3449.59","3424.00"
"03/05/2025 01:00 - 03/05/2025 02:00","Denmark (DK)","3440.78","3283.00"
"03/05/2025 02:00 - 03/05/2025 03:00","Denmark (DK)","3318.80","3182.00"
"03/05/2025 03:00 - 03/05/2025 04:00","Denmark (DK)","3152.86","3119.00"
"03/05/2025 04:00 - 03/05/2025 05:00","Denmark (DK)","3074.18","3114.00"
"03/05/2025 05:00 - 03/05/2025 06:00","Denmark (DK)","2996.27","3153.00"
"03/05/2025 06:00 - 03/05/2025 07:00","Denmark (DK)","3056.84","3279.00"
"03/05/2025 07:00 - 03/05/2025 08:00","Denmark (DK)","3329.15","3494.00"
"03/05/2025 08:00 - 03/05/2025 09:00","Denmark (DK)","3662.70","3731.00"
"03/05/2025 09:00 - 03/05/2025 10:00","Denmark (DK)","3891.04","3888.00"
"03/05/2025 10:00 - 03/05/2025 11:00","Denmark (DK)","4185.82","4002.00"
"03/05/2025 11:00 - 03/05/2025 12:00","Denmark (DK)","4351.62","4073.00"
"03/05/2025 12:00 - 03/05/2025 13:00","Denmark (DK)","4459.59","4206.00"
"03/05/2025 13:00 - 03/05/2025 14:00","Denmark (DK)","4392.67","4296.00"
"03/05/2025 14:00 - 03/05/2025 15:00","Denmark (DK)","4356.20","4265.00"
"03/05/2025 15:00 - 03/05/2025 16:00","Denmark (DK)","4246.92","4131.00"
"03/05/2025 16:00 - 03/05/2025 17:00","Denmark (DK)","4246.30","4057.00"
"03/05/2025 17:00 - 03/05/2025 18:00","Denmark (DK)","4264.76","4123.00"
"03/05/2025 18:00 - 03/05/2025 19:00","Denmark (DK)","4119.92","4152.00"
"03/05/2025 19:00 - 03/05/2025 20:00","Denmark (DK)","3916.28","4052.00"
"03/05/2025 20:00 - 03/05/2025 21:00","Denmark (DK)","3728.61","3883.00"
"03/05/2025 21:00 - 03/05/2025 22:00","Denmark (DK)","3690.17","3688.00"
"03/05/2025 22:00 - 03/05/2025 23:00","Denmark (DK)","3534.15","3593.00"
"03/05/2025 23:00 - 04/05/2025 00:00","Denmark (DK)","3359.68","3464.00"
"04/05/2025 00:00 - 04/05/2025 01:00","Denmark (DK)","3298.07","3105.00"
"04/05/2025 01:00 - 04/05/2025 02:00","Denmark (DK)","3239.55","2994.00"
"04/05/2025 02:00 - 04/05/2025 03:00","Denmark (DK)","3213.12","2919.00"
"04/05/2025 03:00 - 04/05/2025 04:00","Denmark (DK)","3261.97","2864.00"
"04/05/2025 04:00 - 04/05/2025 05:00","Denmark (DK)","3196.54","2894.00"
"04/05/2025 05:00 - 04/05/2025 06:00","Denmark (DK)","3163.80","2891.00"
"04/05/2025 06:00 - 04/05/2025 07:00","Denmark (DK)","3278.89","3016.00"
"04/05/2025 07:00 - 04/05/2025 08:00","Denmark (DK)","3468.17","3211.00"
"04/05/2025 08:00 - 04/05/2025 09:00","Denmark (DK)","3821.65","3514.00"
"04/05/2025 09:00 - 04/05/2025 10:00","Denmark (DK)","4054.19","3737.00"
"04/05/2025 10:00 - 04/05/2025 11:00","Denmark (DK)","4173.14","3986.00"
"04/05/2025 11:00 - 04/05/2025 12:00","Denmark (DK)","4244.63","4150.00"
"04/05/2025 12:00 - 04/05/2025 13:00","Denmark (DK)","4360.28","4166.00"
"04/05/2025 13:00 - 04/05/2025 14:00","Denmark (DK)","4435.64","4187.00"
"04/05/2025 14:00 - 04/05/2025 15:00","Denmark (DK)","4369.26","4236.00"
"04/05/2025 15:00 - 04/05/2025 16:00","Denmark (DK)","4233.98","4231.00"
"04/05/2025 16:00 - 04/05/2025 17:00","Denmark (DK)","4196.95","4087.00"
"04/05/2025 17:00 - 04/05/2025 18:00","Denmark (DK)","4250.84","4033.00"
"04/05/2025 18:00 - 04/05/2025 19:00","Denmark (DK)","4095.37","3878.00"
"04/05/2025 19:00 - 04/05/2025 20:00","Denmark (DK)","3930.30","3709.00"
"04/05/2025 20:00 - 04/05/2025 21:00","Denmark (DK)","3785.85","3636.00"
"04/05/2025 21:00 - 04/05/2025 22:00","Denmark (DK)","3742.51","3613.00"
"04/05/2025 22:00 - 04/05/2025 23:00","Denmark (DK)","3635.59","3523.00"
"04/05/2025 23:00 - 05/05/2025 00:00","Denmark (DK)","3431.85","3354.00"
"05/05/2025 00:00 - 05/05/2025 01:00","Denmark (DK)","3516.97","3326.00"
"05/05/2025 01:00 - 05/05/2025 02:00","Denmark (DK)","3555.43","3348.00"
"05/05/2025 02:00 - 05/05/2025 03:00","Denmark (DK)","3433.76","3381.00"
"05/05/2025 03:00 - 05/05/2025 04:00","Denmark (DK)","3324.01","3342.00"
"05/05/2025 04:00 - 05/05/2025 05:00","Denmark (DK)","3297.68","3301.00"
"05/05/2025 05:00 - 05/05/2025 06:00","Denmark (DK)","3420.94","3478.00"
"05/05/2025 06:00 - 05/05/2025 07:00","Denmark (DK)","3887.24","3899.00"
"05/05/2025 07:00 - 05/05/2025 08:00","Denmark (DK)","4343.14","4287.00"
"05/05/2025 08:00 - 05/05/2025 09:00","Denmark (DK)","4589.67","4436.00"
"05/05/2025 09:00 - 05/05/2025 10:00","Denmark (DK)","4637.68","4596.00"
"05/05/2025 10:00 - 05/05/2025 11:00","Denmark (DK)","4691.26","4653.00"
"05/05/2025 11:00 - 05/05/2025 12:00","Denmark (DK)","4682.33","4648.00"
"05/05/2025 12:00 - 05/05/2025 13:00","Denmark (DK)","4664.79","4588.00"
"05/05/2025 13:00 - 05/05/2025 14:00","Denmark (DK)","4660.40","4543.00"
"05/05/2025 14:00 - 05/05/2025 15:00","Denmark (DK)","4556.88","4448.00"
"05/05/2025 15:00 - 05/05/2025 16:00","Denmark (DK)","4397.32","4525.00"
"05/05/2025 16:00 - 05/05/2025 17:00","Denmark (DK)","4440.18","4541.00"
"05/05/2025 17:00 - 05/05/2025 18:00","Denmark (DK)","4592.34","4597.00"
"05/05/2025 18:00 - 05/05/2025 19:00","Denmark (DK)","4580.31","4443.00"
"05/05/2025 19:00 - 05/05/2025 20:00","Denmark (DK)","4355.66","4261.00"
"05/05/2025 20:00 - 05/05/2025 21:00","Denmark (DK)","4188.61","4171.00"
"05/05/2025 21:00 - 05/05/2025 22:00","Denmark (DK)","4151.73","4218.00"
"05/05/2025 22:00 - 05/05/2025 23:00","Denmark (DK)","3965.63","4227.00"
"05/05/2025 23:00 - 06/05/2025 00:00","Denmark (DK)","3823.95","4119.00"
"06/05/2025 00:00 - 06/05/2025 01:00","Denmark (DK)","3827.28","3816.00"
"06/05/2025 01:00 - 06/05/2025 02:00","Denmark (DK)","3731.38","3746.00"
"06/05/2025 02:00 - 06/05/2025 03:00","Denmark (DK)","3625.10","3674.00"
"06/05/2025 03:00 - 06/05/2025 04:00","Denmark (DK)","3475.15","3617.00"
"06/05/2025 04:00 - 06/05/2025 05:00","Denmark (DK)","3298.80","3643.00"
"06/05/2025 05:00 - 06/05/2025 06:00","Denmark (DK)","3443.04","3687.00"
"06/05/2025 06:00 - 06/05/2025 07:00","Denmark (DK)","3872.00","3951.00"
"06/05/2025 07:00 - 06/05/2025 08:00","Denmark (DK)","4333.35","4329.00"
"06/05/2025 08:00 - 06/05/2025 09:00","Denmark (DK)","4546.70","4533.00"
"06/05/2025 09:00 - 06/05/2025 10:00","Denmark (DK)","4570.73","4558.00"
"06/05/2025 10:00 - 06/05/2025 11:00","Denmark (DK)","4497.17","4598.00"
"06/05/2025 11:00 - 06/05/2025 12:00","Denmark (DK)","4609.62","4611.00"
"06/05/2025 12:00 - 06/05/2025 13:00","Denmark (DK)","4664.31","4555.00"
"06/05/2025 13:00 - 06/05/2025 14:00","Denmark (DK)","4650.01","4544.00"
"06/05/2025 14:00 - 06/05/2025 15:00","Denmark (DK)","4530.70","4461.00"
"06/05/2025 15:00 - 06/05/2025 16:00","Denmark (DK)","4324.05","4317.00"
"06/05/2025 16:00 - 06/05/2025 17:00","Denmark (DK)","4328.04","4249.00"
"06/05/2025 17:00 - 06/05/2025 18:00","Denmark (DK)","4393.68","4387.00"
"06/05/2025 18:00 - 06/05/2025 19:00","Denmark (DK)","4339.15","4371.00"
"06/05/2025 19:00 - 06/05/2025 20:00","Denmark (DK)","4161.69","4299.00"
"06/05/2025 20:00 - 06/05/2025 21:00","Denmark (DK)","4003.00","4300.00"
"06/05/2025 21:00 - 06/05/2025 22:00","Denmark (DK)","3952.60","4306.00"
"06/05/2025 22:00 - 06/05/2025 23:00","Denmark (DK)","3819.47","4157.00"
"06/05/2025 23:00 - 07/05/2025 00:00","Denmark (DK)","3688.21","3982.00"
"07/05/2025 00:00 - 07/05/2025 01:00","Denmark (DK)","3686.00","3769.00"
"07/05/2025 01:00 - 07/05/2025 02:00","Denmark (DK)","3702.23","3713.00"
"07/05/2025 02:00 - 07/05/2025 03:00","Denmark (DK)","3568.44","3633.00"
"07/05/2025 03:00 - 07/05/2025 04:00","Denmark (DK)","3373.74","3582.00"
"07/05/2025 04:00 - 07/05/2025 05:00","Denmark (DK)","3307.00","3587.00"
"07/05/2025 05:00 - 07/05/2025 06:00","Denmark (DK)","3403.44","3620.00"
"07/05/2025 06:00 - 07/05/2025 07:00","Denmark (DK)","3852.10","3956.00"
"07/05/2025 07:00 - 07/05/2025 08:00","Denmark (DK)","4242.88","4331.00"
"07/05/2025 08:00 - 07/05/2025 09:00","Denmark (DK)","4407.52","4521.00"
"07/05/2025 09:00 - 07/05/2025 10:00","Denmark (DK)","4529.58","4598.00"
"07/05/2025 10:00 - 07/05/2025 11:00","Denmark (DK)","4585.99","4630.00"
"07/05/2025 11:00 - 07/05/2025 12:00","Denmark (DK)","4583.54","4479.00"
"07/05/2025 12:00 - 07/05/2025 13:00","Denmark (DK)","4562.23","4411.00"
"07/05/2025 13:00 - 07/05/2025 14:00","Denmark (DK)","4518.28","4417.00"
"07/05/2025 14:00 - 07/05/2025 15:00","Denmark (DK)","4369.43","4324.00"
"07/05/2025 15:00 - 07/05/2025 16:00","Denmark (DK)","4271.44","4251.00"
"07/05/2025 16:00 - 07/05/2025 17:00","Denmark (DK)","4333.61","4189.00"
"07/05/2025 17:00 - 07/05/2025 18:00","Denmark (DK)","4523.86","4323.00"
"07/05/2025 18:00 - 07/05/2025 19:00","Denmark (DK)","4433.26","4214.00"
"07/05/2025 19:00 - 07/05/2025 20:00","Denmark (DK)","4253.48","4062.00"
"07/05/2025 20:00 - 07/05/2025 21:00","Denmark (DK)","4078.97","4011.00"
"07/05/2025 21:00 - 07/05/2025 22:00","Denmark (DK)","4036.32","4068.00"
"07/05/2025 22:00 - 07/05/2025 23:00","Denmark (DK)","3914.81","3906.00"
"07/05/2025 23:00 - 08/05/2025 00:00","Denmark (DK)","3727.80","3733.00"
"08/05/2025 00:00 - 08/05/2025 01:00","Denmark (DK)","3737.03","3610.00"
"08/05/2025 01:00 - 08/05/2025 02:00","Denmark (DK)","3791.95","3587.00"
"08/05/2025 02:00 - 08/05/2025 03:00","Denmark (DK)","3717.52","3565.00"
"08/05/2025 03:00 - 08/05/2025 04:00","Denmark (DK)","3493.95","3529.00"
"08/05/2025 04:00 - 08/05/2025 05:00","Denmark (DK)","3402.19","3545.00"
"08/05/2025 05:00 - 08/05/2025 06:00","Denmark (DK)","3505.11","3567.00"
"08/05/2025 06:00 - 08/05/2025 07:00","Denmark (DK)","3915.60","3924.00"
"08/05/2025 07:00 - 08/05/2025 08:00","Denmark (DK)","4312.69","4303.00"
"08/05/2025 08:00 - 08/05/2025 09:00","Denmark (DK)","4479.37","4503.00"
"08/05/2025 09:00 - 08/05/2025 10:00","Denmark (DK)","N/A","4536.00"
"08/05/2025 10:00 - 08/05/2025 11:00","Denmark (DK)","N/A","4556.00"
"08/05/2025 11:00 - 08/05/2025 12:00","Denmark (DK)","N/A","4528.00"
"08/05/2025 12:00 - 08/05/2025 13:00","Denmark (DK)","N/A","4475.00"
"08/05/2025 13:00 - 08/05/2025 14:00","Denmark (DK)","N/A","4494.00"
"08/05/2025 14:00 - 08/05/2025 15:00","Denmark (DK)","4456.27","4436.00"
"08/05/2025 15:00 - 08/05/2025 16:00","Denmark (DK)","4281.70","4344.00"
"08/05/2025 16:00 - 08/05/2025 17:00","Denmark (DK)","4200.70","4286.00"
"08/05/2025 17:00 - 08/05/2025 18:00","Denmark (DK)","4389.58","4301.00"
"08/05/2025 18:00 - 08/05/2025 19:00","Denmark (DK)","4438.84","4251.00"
"08/05/2025 19:00 - 08/05/2025 20:00","Denmark (DK)","4246.20","4263.00"
"08/05/2025 20:00 - 08/05/2025 21:00","Denmark (DK)","4080.27","4166.00"
"08/05/2025 21:00 - 08/05/2025 22:00","Denmark (DK)","3913.42","4202.00"
"08/05/2025 22:00 - 08/05/2025 23:00","Denmark (DK)","3898.20","4050.00"
"08/05/2025 23:00 - 09/05/2025 00:00","Denmark (DK)","3693.57","3937.00"
"09/05/2025 00:00 - 09/05/2025 01:00","Denmark (DK)","3661.83","3696.00"
"09/05/2025 01:00 - 09/05/2025 02:00","Denmark (DK)","3657.57","3667.00"
"09/05/2025 02:00 - 09/05/2025 03:00","Denmark (DK)","3620.69","3576.00"
"09/05/2025 03:00 - 09/05/2025 04:00","Denmark (DK)","3469.02","3526.00"
"09/05/2025 04:00 - 09/05/2025 05:00","Denmark (DK)","3364.84","3544.00"
"09/05/2025 05:00 - 09/05/2025 06:00","Denmark (DK)","3397.79","3597.00"
"09/05/2025 06:00 - 09/05/2025 07:00","Denmark (DK)","3873.48","3881.00"
"09/05/2025 07:00 - 09/05/2025 08:00","Denmark (DK)","4318.47","4274.00"
"09/05/2025 08:00 - 09/05/2025 09:00","Denmark (DK)","4641.94","4445.00"
"09/05/2025 09:00 - 09/05/2025 10:00","Denmark (DK)","4757.65","4445.00"
"09/05/2025 10:00 - 09/05/2025 11:00","Denmark (DK)","4911.11","4551.00"
"09/05/2025 11:00 - 09/05/2025 12:00","Denmark (DK)","5010.12","4932.00"
"09/05/2025 12:00 - 09/05/2025 13:00","Denmark (DK)","5005.42","4771.00"
"09/05/2025 13:00 - 09/05/2025 14:00","Denmark (DK)","4938.03","4564.00"
"09/05/2025 14:00 - 09/05/2025 15:00","Denmark (DK)","4882.05","4276.00"
"09/05/2025 15:00 - 09/05/2025 16:00","Denmark (DK)","4720.98","4521.00"
"09/05/2025 16:00 - 09/05/2025 17:00","Denmark (DK)","4633.00","4675.00"
"09/05/2025 17:00 - 09/05/2025 18:00","Denmark (DK)","4572.81","4589.00"
"09/05/2025 18:00 - 09/05/2025 19:00","Denmark (DK)","4438.12","4409.00"
"09/05/2025 19:00 - 09/05/2025 20:00","Denmark (DK)","4147.86","4162.00"
"09/05/2025 20:00 - 09/05/2025 21:00","Denmark (DK)","3934.28","4136.00"
"09/05/2025 21:00 - 09/05/2025 22:00","Denmark (DK)","3793.93","4202.00"
"09/05/2025 22:00 - 09/05/2025 23:00","Denmark (DK)","3664.08","4102.00"
"09/05/2025 23:00 - 10/05/2025 00:00","Denmark (DK)","3573.55","3940.00"
"10/05/2025 00:00 - 10/05/2025 01:00","Denmark (DK)","3392.58","3421.00"
"10/05/2025 01:00 - 10/05/2025 02:00","Denmark (DK)","3364.35","3311.00"
"10/05/2025 02:00 - 10/05/2025 03:00","Denmark (DK)","3323.67","3059.00"
"10/05/2025 03:00 - 10/05/2025 04:00","Denmark (DK)","3203.38","2912.00"
"10/05/2025 04:00 - 10/05/2025 05:00","Denmark (DK)","3066.86","2872.00"
"10/05/2025 05:00 - 10/05/2025 06:00","Denmark (DK)","2978.59","2859.00"
"10/05/2025 06:00 - 10/05/2025 07:00","Denmark (DK)","3077.44","2986.00"
"10/05/2025 07:00 - 10/05/2025 08:00","Denmark (DK)","3374.35","3242.00"
"10/05/2025 08:00 - 10/05/2025 09:00","Denmark (DK)","3682.45","3563.00"
"10/05/2025 09:00 - 10/05/2025 10:00","Denmark (DK)","4060.56","3823.00"
"10/05/2025 10:00 - 10/05/2025 11:00","Denmark (DK)","4308.97","4041.00"
"10/05/2025 11:00 - 10/05/2025 12:00","Denmark (DK)","4352.96","4033.00"
"10/05/2025 12:00 - 10/05/2025 13:00","Denmark (DK)","4388.33","4089.00"
"10/05/2025 13:00 - 10/05/2025 14:00","Denmark (DK)","4289.38","4004.00"
"10/05/2025 14:00 - 10/05/2025 15:00","Denmark (DK)","4293.93","3976.00"
"10/05/2025 15:00 - 10/05/2025 16:00","Denmark (DK)","4256.47","4177.00"
"10/05/2025 16:00 - 10/05/2025 17:00","Denmark (DK)","4117.61","4097.00"
"10/05/2025 17:00 - 10/05/2025 18:00","Denmark (DK)","4147.27","4077.00"
"10/05/2025 18:00 - 10/05/2025 19:00","Denmark (DK)","4082.79","3996.00"
"10/05/2025 19:00 - 10/05/2025 20:00","Denmark (DK)","3882.81","3831.00"
"10/05/2025 20:00 - 10/05/2025 21:00","Denmark (DK)","3663.72","3709.00"
"10/05/2025 21:00 - 10/05/2025 22:00","Denmark (DK)","3586.35","3678.00"
"10/05/2025 22:00 - 10/05/2025 23:00","Denmark (DK)","3508.81","3595.00"
"10/05/2025 23:00 - 11/05/2025 00:00","Denmark (DK)","3338.98","3455.00"
"11/05/2025 00:00 - 11/05/2025 01:00","Denmark (DK)","3243.91","3040.00"
"11/05/2025 01:00 - 11/05/2025 02:00","Denmark (DK)","3202.22","2935.00"
"11/05/2025 02:00 - 11/05/2025 03:00","Denmark (DK)","3108.35","2873.00"
"11/05/2025 03:00 - 11/05/2025 04:00","Denmark (DK)","2983.05","2870.00"
"11/05/2025 04:00 - 11/05/2025 05:00","Denmark (DK)","2921.39","2835.00"
"11/05/2025 05:00 - 11/05/2025 06:00","Denmark (DK)","2900.25","2789.00"
"11/05/2025 06:00 - 11/05/2025 07:00","Denmark (DK)","2993.93","2938.00"
"11/05/2025 07:00 - 11/05/2025 08:00","Denmark (DK)","3229.27","3248.00"
"11/05/2025 08:00 - 11/05/2025 09:00","Denmark (DK)","3721.07","3554.00"
"11/05/2025 09:00 - 11/05/2025 10:00","Denmark (DK)","4020.73","3715.00"
"11/05/2025 10:00 - 11/05/2025 11:00","Denmark (DK)","4224.38","3851.00"
"11/05/2025 11:00 - 11/05/2025 12:00","Denmark (DK)","4369.54","3910.00"
"11/05/2025 12:00 - 11/05/2025 13:00","Denmark (DK)","4315.77","3870.00"
"11/05/2025 13:00 - 11/05/2025 14:00","Denmark (DK)","4343.58","3915.00"
"11/05/2025 14:00 - 11/05/2025 15:00","Denmark (DK)","4312.03","4159.00"
"11/05/2025 15:00 - 11/05/2025 16:00","Denmark (DK)","4235.39","4225.00"
"11/05/2025 16:00 - 11/05/2025 17:00","Denmark (DK)","4161.33","4193.00"
"11/05/2025 17:00 - 11/05/2025 18:00","Denmark (DK)","4153.07","4212.00"
"11/05/2025 18:00 - 11/05/2025 19:00","Denmark (DK)","3981.63","4120.00"
"11/05/2025 19:00 - 11/05/2025 20:00","Denmark (DK)","3827.95","3965.00"
"11/05/2025 20:00 - 11/05/2025 21:00","Denmark (DK)","3705.77","3858.00"
"11/05/2025 21:00 - 11/05/2025 22:00","Denmark (DK)","3693.14","3842.00"
"11/05/2025 22:00 - 11/05/2025 23:00","Denmark (DK)","3625.46","3825.00"
"11/05/2025 23:00 - 12/05/2025 00:00","Denmark (DK)","3440.93","3747.00"
"12/05/2025 00:00 - 12/05/2025 01:00","Denmark (DK)","3444.59","3374.00"
"12/05/2025 01:00 - 12/05/2025 02:00","Denmark (DK)","3431.55","3342.00"
"12/05/2025 02:00 - 12/05/2025 03:00","Denmark (DK)","3365.10","3290.00"
"12/05/2025 03:00 - 12/05/2025 04:00","Denmark (DK)","3211.20","3269.00"
"12/05/2025 04:00 - 12/05/2025 05:00","Denmark (DK)","3143.69","3311.00"
"12/05/2025 05:00 - 12/05/2025 06:00","Denmark (DK)","3300.92","3430.00"
"12/05/2025 06:00 - 12/05/2025 07:00","Denmark (DK)","3748.45","3691.00"
"12/05/2025 07:00 - 12/05/2025 08:00","Denmark (DK)","4243.08","4058.00"
"12/05/2025 08:00 - 12/05/2025 09:00","Denmark (DK)","4578.37","4281.00"
"12/05/2025 09:00 - 12/05/2025 10:00","Denmark (DK)","4744.58","4352.00"
"12/05/2025 10:00 - 12/05/2025 11:00","Denmark (DK)","5049.42","4490.00"
"12/05/2025 11:00 - 12/05/2025 12:00","Denmark (DK)","5032.68","4535.00"
"12/05/2025 12:00 - 12/05/2025 13:00","Denmark (DK)","5075.32","4515.00"
"12/05/2025 13:00 - 12/05/2025 14:00","Denmark (DK)","5052.15","4501.00"
"12/05/2025 14:00 - 12/05/2025 15:00","Denmark (DK)","4912.95","4454.00"
"12/05/2025 15:00 - 12/05/2025 16:00","Denmark (DK)","4753.97","4315.00"
"12/05/2025 16:00 - 12/05/2025 17:00","Denmark (DK)","4556.12","4329.00"
"12/05/2025 17:00 - 12/05/2025 18:00","Denmark (DK)","4603.39","4415.00"
"12/05/2025 18:00 - 12/05/2025 19:00","Denmark (DK)","4432.59","4302.00"
"12/05/2025 19:00 - 12/05/2025 20:00","Denmark (DK)","4196.02","4168.00"
"12/05/2025 20:00 - 12/05/2025 21:00","Denmark (DK)","4042.00","4116.00"
"12/05/2025 21:00 - 12/05/2025 22:00","Denmark (DK)","3935.03","4182.00"
"12/05/2025 22:00 - 12/05/2025 23:00","Denmark (DK)","3795.19","4151.00"
"12/05/2025 23:00 - 13/05/2025 00:00","Denmark (DK)","3633.42","3924.00"
"13/05/2025 00:00 - 13/05/2025 01:00","Denmark (DK)","3621.05","3826.00"
"13/05/2025 01:00 - 13/05/2025 02:00","Denmark (DK)","3555.69","3760.00"
"13/05/2025 02:00 - 13/05/2025 03:00","Denmark (DK)","3400.94","3673.00"
"13/05/2025 03:00 - 13/05/2025 04:00","Denmark (DK)","3259.46","3594.00"
"13/05/2025 04:00 - 13/05/2025 05:00","Denmark (DK)","3219.49","3624.00"
"13/05/2025 05:00 - 13/05/2025 06:00","Denmark (DK)","3325.96","3611.00"
"13/05/2025 06:00 - 13/05/2025 07:00","Denmark (DK)","3761.10","3827.00"
"13/05/2025 07:00 - 13/05/2025 08:00","Denmark (DK)","4216.29","4232.00"
"13/05/2025 08:00 - 13/05/2025 09:00","Denmark (DK)","4460.80","4456.00"
"13/05/2025 09:00 - 13/05/2025 10:00","Denmark (DK)","4576.22","4533.00"
"13/05/2025 10:00 - 13/05/2025 11:00","Denmark (DK)","4776.84","4655.00"
"13/05/2025 11:00 - 13/05/2025 12:00","Denmark (DK)","5019.22","4672.00"
"13/05/2025 12:00 - 13/05/2025 13:00","Denmark (DK)","5116.82","4575.00"
"13/05/2025 13:00 - 13/05/2025 14:00","Denmark (DK)","5030.51","4579.00"
"13/05/2025 14:00 - 13/05/2025 15:00","Denmark (DK)","4996.11","4525.00"
"13/05/2025 15:00 - 13/05/2025 16:00","Denmark (DK)","4936.64","4383.00"
"13/05/2025 16:00 - 13/05/2025 17:00","Denmark (DK)","4647.44","4367.00"
"13/05/2025 17:00 - 13/05/2025 18:00","Denmark (DK)","4587.45","4434.00"
"13/05/2025 18:00 - 13/05/2025 19:00","Denmark (DK)","4485.68","4347.00"
"13/05/2025 19:00 - 13/05/2025 20:00","Denmark (DK)","4186.52","4212.00"
"13/05/2025 20:00 - 13/05/2025 21:00","Denmark (DK)","4016.85","4227.00"
"13/05/2025 21:00 - 13/05/2025 22:00","Denmark (DK)","3980.79","4299.00"
"13/05/2025 22:00 - 13/05/2025 23:00","Denmark (DK)","3877.29","4252.00"
"13/05/2025 23:00 - 14/05/2025 00:00","Denmark (DK)","3696.47","3994.00"
"14/05/2025 00:00 - 14/05/2025 01:00","Denmark (DK)","3616.37","3704.00"
"14/05/2025 01:00 - 14/05/2025 02:00","Denmark (DK)","3642.44","3610.00"
"14/05/2025 02:00 - 14/05/2025 03:00","Denmark (DK)","3501.97","3521.00"
"14/05/2025 03:00 - 14/05/2025 04:00","Denmark (DK)","3339.81","3458.00"
"14/05/2025 04:00 - 14/05/2025 05:00","Denmark (DK)","3254.34","3486.00"
"14/05/2025 05:00 - 14/05/2025 06:00","Denmark (DK)","3267.78","3477.00"
"14/05/2025 06:00 - 14/05/2025 07:00","Denmark (DK)","3730.29","3574.00"
"14/05/2025 07:00 - 14/05/2025 08:00","Denmark (DK)","4219.61","3970.00"
"14/05/2025 08:00 - 14/05/2025 09:00","Denmark (DK)","4516.84","4235.00"
"14/05/2025 09:00 - 14/05/2025 10:00","Denmark (DK)","4578.96","4362.00"
"14/05/2025 10:00 - 14/05/2025 11:00","Denmark (DK)","4817.86","4554.00"
"14/05/2025 11:00 - 14/05/2025 12:00","Denmark (DK)","5024.08","4562.00"
"14/05/2025 12:00 - 14/05/2025 13:00","Denmark (DK)","5091.67","4467.00"
"14/05/2025 13:00 - 14/05/2025 14:00","Denmark (DK)","5019.39","4494.00"
"14/05/2025 14:00 - 14/05/2025 15:00","Denmark (DK)","4947.41","4475.00"
"14/05/2025 15:00 - 14/05/2025 16:00","Denmark (DK)","4721.97","4361.00"
"14/05/2025 16:00 - 14/05/2025 17:00","Denmark (DK)","4757.59","4312.00"
"14/05/2025 17:00 - 14/05/2025 18:00","Denmark (DK)","4705.79","4369.00"
"14/05/2025 18:00 - 14/05/2025 19:00","Denmark (DK)","4611.50","4278.00"
"14/05/2025 19:00 - 14/05/2025 20:00","Denmark (DK)","4331.01","4102.00"
"14/05/2025 20:00 - 14/05/2025 21:00","Denmark (DK)","4094.22","4104.00"
"14/05/2025 21:00 - 14/05/2025 22:00","Denmark (DK)","3987.79","4055.00"
"14/05/2025 22:00 - 14/05/2025 23:00","Denmark (DK)","3898.51","4018.00"
"14/05/2025 23:00 - 15/05/2025 00:00","Denmark (DK)","3667.32","3914.00"
"15/05/2025 00:00 - 15/05/2025 01:00","Denmark (DK)","3551.11","3757.00"
"15/05/2025 01:00 - 15/05/2025 02:00","Denmark (DK)","3564.90","3629.00"
"15/05/2025 02:00 - 15/05/2025 03:00","Denmark (DK)","3571.07","3527.00"
"15/05/2025 03:00 - 15/05/2025 04:00","Denmark (DK)","3533.58","3458.00"
"15/05/2025 04:00 - 15/05/2025 05:00","Denmark (DK)","3469.64","3461.00"
"15/05/2025 05:00 - 15/05/2025 06:00","Denmark (DK)","3515.26","3466.00"
"15/05/2025 06:00 - 15/05/2025 07:00","Denmark (DK)","3874.72","3759.00"
"15/05/2025 07:00 - 15/05/2025 08:00","Denmark (DK)","4325.39","4055.00"
"15/05/2025 08:00 - 15/05/2025 09:00","Denmark (DK)","4582.38","4215.00"
"15/05/2025 09:00 - 15/05/2025 10:00","Denmark (DK)","4647.24","4274.00"
"15/05/2025 10:00 - 15/05/2025 11:00","Denmark (DK)","4877.26","4442.00"
"15/05/2025 11:00 - 15/05/2025 12:00","Denmark (DK)","4921.93","4490.00"
"15/05/2025 12:00 - 15/05/2025 13:00","Denmark (DK)","5008.85","4467.00"
"15/05/2025 13:00 - 15/05/2025 14:00","Denmark (DK)","5105.49","4495.00"
"15/05/2025 14:00 - 15/05/2025 15:00","Denmark (DK)","5012.19","4415.00"
"15/05/2025 15:00 - 15/05/2025 16:00","Denmark (DK)","4841.04","4328.00"
"15/05/2025 16:00 - 15/05/2025 17:00","Denmark (DK)","4711.31","4257.00"
"15/05/2025 17:00 - 15/05/2025 18:00","Denmark (DK)","4751.06","4368.00"
"15/05/2025 18:00 - 15/05/2025 19:00","Denmark (DK)","4575.94","4250.00"
"15/05/2025 19:00 - 15/05/2025 20:00","Denmark (DK)","4372.05","4111.00"
"15/05/2025 20:00 - 15/05/2025 21:00","Denmark (DK)","4132.40","4116.00"
"15/05/2025 21:00 - 15/05/2025 22:00","Denmark (DK)","4015.70","4072.00"
"15/05/2025 22:00 - 15/05/2025 23:00","Denmark (DK)","3904.68","3974.00"
"15/05/2025 23:00 - 16/05/2025 00:00","Denmark (DK)","3699.13","3778.00"
"16/05/2025 00:00 - 16/05/2025 01:00","Denmark (DK)","3665.32","3407.00"
"16/05/2025 01:00 - 16/05/2025 02:00","Denmark (DK)","3689.24","3231.00"
"16/05/2025 02:00 - 16/05/2025 03:00","Denmark (DK)","3620.26","3043.00"
"16/05/2025 03:00 - 16/05/2025 04:00","Denmark (DK)","3479.76","2857.00"
"16/05/2025 04:00 - 16/05/2025 05:00","Denmark (DK)","3328.05","2841.00"
"16/05/2025 05:00 - 16/05/2025 06:00","Denmark (DK)","3394.37","2868.00"
"16/05/2025 06:00 - 16/05/2025 07:00","Denmark (DK)","3800.03","3058.00"
"16/05/2025 07:00 - 16/05/2025 08:00","Denmark (DK)","4235.93","3333.00"
"16/05/2025 08:00 - 16/05/2025 09:00","Denmark (DK)","4559.27","3574.00"
"16/05/2025 09:00 - 16/05/2025 10:00","Denmark (DK)","4579.98","3698.00"
"16/05/2025 10:00 - 16/05/2025 11:00","Denmark (DK)","4840.93","3816.00"
"16/05/2025 11:00 - 16/05/2025 12:00","Denmark (DK)","4978.24","3897.00"
"16/05/2025 12:00 - 16/05/2025 13:00","Denmark (DK)","5087.86","3896.00"
"16/05/2025 13:00 - 16/05/2025 14:00","Denmark (DK)","4928.34","3843.00"
"16/05/2025 14:00 - 16/05/2025 15:00","Denmark (DK)","4753.72","4555.00"
"16/05/2025 15:00 - 16/05/2025 16:00","Denmark (DK)","4584.35","4728.00"
"16/05/2025 16:00 - 16/05/2025 17:00","Denmark (DK)","4564.16","4639.00"
"16/05/2025 17:00 - 16/05/2025 18:00","Denmark (DK)","4445.41","4699.00"
"16/05/2025 18:00 - 16/05/2025 19:00","Denmark (DK)","4310.20","4672.00"
"16/05/2025 19:00 - 16/05/2025 20:00","Denmark (DK)","4131.61","4491.00"
"16/05/2025 20:00 - 16/05/2025 21:00","Denmark (DK)","3909.98","4363.00"
"16/05/2025 21:00 - 16/05/2025 22:00","Denmark (DK)","3853.33","4346.00"
"16/05/2025 22:00 - 16/05/2025 23:00","Denmark (DK)","3777.16","4241.00"
"16/05/2025 23:00 - 17/05/2025 00:00","Denmark (DK)","3611.38","4086.00"
"17/05/2025 00:00 - 17/05/2025 01:00","Denmark (DK)","3620.13","3080.00"
"17/05/2025 01:00 - 17/05/2025 02:00","Denmark (DK)","3518.94","2986.00"
"17/05/2025 02:00 - 17/05/2025 03:00","Denmark (DK)","3578.01","2948.00"
"17/05/2025 03:00 - 17/05/2025 04:00","Denmark (DK)","3376.27","2894.00"
"17/05/2025 04:00 - 17/05/2025 05:00","Denmark (DK)","3222.86","2870.00"
"17/05/2025 05:00 - 17/05/2025 06:00","Denmark (DK)","3110.70","2833.00"
"17/05/2025 06:00 - 17/05/2025 07:00","Denmark (DK)","3117.40","2881.00"
"17/05/2025 07:00 - 17/05/2025 08:00","Denmark (DK)","3390.95","3262.00"
"17/05/2025 08:00 - 17/05/2025 09:00","Denmark (DK)","3744.48","3519.00"
"17/05/2025 09:00 - 17/05/2025 10:00","Denmark (DK)","4184.02","3643.00"
"17/05/2025 10:00 - 17/05/2025 11:00","Denmark (DK)","4458.89","3755.00"
"17/05/2025 11:00 - 17/05/2025 12:00","Denmark (DK)","4645.00","4077.00"
"17/05/2025 12:00 - 17/05/2025 13:00","Denmark (DK)","4610.99","4472.00"
"17/05/2025 13:00 - 17/05/2025 14:00","Denmark (DK)","4553.63","4354.00"
"17/05/2025 14:00 - 17/05/2025 15:00","Denmark (DK)","4424.69","4115.00"
"17/05/2025 15:00 - 17/05/2025 16:00","Denmark (DK)","4365.18","3936.00"
"17/05/2025 16:00 - 17/05/2025 17:00","Denmark (DK)","4269.17","3910.00"
"17/05/2025 17:00 - 17/05/2025 18:00","Denmark (DK)","4205.25","3985.00"
"17/05/2025 18:00 - 17/05/2025 19:00","Denmark (DK)","4128.11","3986.00"
"17/05/2025 19:00 - 17/05/2025 20:00","Denmark (DK)","3977.79","3834.00"
"17/05/2025 20:00 - 17/05/2025 21:00","Denmark (DK)","3788.87","3730.00"
"17/05/2025 21:00 - 17/05/2025 22:00","Denmark (DK)","3697.53","3693.00"
"17/05/2025 22:00 - 17/05/2025 23:00","Denmark (DK)","3584.48","3655.00"
"17/05/2025 23:00 - 18/05/2025 00:00","Denmark (DK)","3402.19","3558.00"
"18/05/2025 00:00 - 18/05/2025 01:00","Denmark (DK)","3247.45","2878.00"
"18/05/2025 01:00 - 18/05/2025 02:00","Denmark (DK)","3234.91","2805.00"
"18/05/2025 02:00 - 18/05/2025 03:00","Denmark (DK)","3147.56","2712.00"
"18/05/2025 03:00 - 18/05/2025 04:00","Denmark (DK)","3088.42","2701.00"
"18/05/2025 04:00 - 18/05/2025 05:00","Denmark (DK)","3023.49","2736.00"
"18/05/2025 05:00 - 18/05/2025 06:00","Denmark (DK)","2933.58","2741.00"
"18/05/2025 06:00 - 18/05/2025 07:00","Denmark (DK)","3017.37","2829.00"
"18/05/2025 07:00 - 18/05/2025 08:00","Denmark (DK)","3188.04","3053.00"
"18/05/2025 08:00 - 18/05/2025 09:00","Denmark (DK)","3468.39","3391.00"
"18/05/2025 09:00 - 18/05/2025 10:00","Denmark (DK)","3847.86","3588.00"
"18/05/2025 10:00 - 18/05/2025 11:00","Denmark (DK)","4175.11","3720.00"
"18/05/2025 11:00 - 18/05/2025 12:00","Denmark (DK)","4387.05","4046.00"
"18/05/2025 12:00 - 18/05/2025 13:00","Denmark (DK)","4507.33","4344.00"
"18/05/2025 13:00 - 18/05/2025 14:00","Denmark (DK)","4741.58","4254.00"
"18/05/2025 14:00 - 18/05/2025 15:00","Denmark (DK)","4613.39","4625.00"
"18/05/2025 15:00 - 18/05/2025 16:00","Denmark (DK)","4501.01","4525.00"
"18/05/2025 16:00 - 18/05/2025 17:00","Denmark (DK)","4427.66","4324.00"
"18/05/2025 17:00 - 18/05/2025 18:00","Denmark (DK)","4343.37","4275.00"
"18/05/2025 18:00 - 18/05/2025 19:00","Denmark (DK)","4107.60","4168.00"
"18/05/2025 19:00 - 18/05/2025 20:00","Denmark (DK)","4015.98","4009.00"
"18/05/2025 20:00 - 18/05/2025 21:00","Denmark (DK)","3833.69","3859.00"
"18/05/2025 21:00 - 18/05/2025 22:00","Denmark (DK)","3708.73","3945.00"
"18/05/2025 22:00 - 18/05/2025 23:00","Denmark (DK)","3585.71","3957.00"
"18/05/2025 23:00 - 19/05/2025 00:00","Denmark (DK)","3409.69","3893.00"
"19/05/2025 00:00 - 19/05/2025 01:00","Denmark (DK)","3344.05","3346.00"
"19/05/2025 01:00 - 19/05/2025 02:00","Denmark (DK)","3397.76","3386.00"
"19/05/2025 02:00 - 19/05/2025 03:00","Denmark (DK)","3389.23","3337.00"
"19/05/2025 03:00 - 19/05/2025 04:00","Denmark (DK)","3310.32","3281.00"
"19/05/2025 04:00 - 19/05/2025 05:00","Denmark (DK)","3265.66","3347.00"
"19/05/2025 05:00 - 19/05/2025 06:00","Denmark (DK)","3309.59","3455.00"
"19/05/2025 06:00 - 19/05/2025 07:00","Denmark (DK)","3798.00","3588.00"
"19/05/2025 07:00 - 19/05/2025 08:00","Denmark (DK)","4285.63","3853.00"
"19/05/2025 08:00 - 19/05/2025 09:00","Denmark (DK)","4493.44","4435.00"
"19/05/2025 09:00 - 19/05/2025 10:00","Denmark (DK)","4638.05","4520.00"
"19/05/2025 10:00 - 19/05/2025 11:00","Denmark (DK)","4769.34","4540.00"
"19/05/2025 11:00 - 19/05/2025 12:00","Denmark (DK)","4805.76","4557.00"
"19/05/2025 12:00 - 19/05/2025 13:00","Denmark (DK)","4970.11","4595.00"
"19/05/2025 13:00 - 19/05/2025 14:00","Denmark (DK)","4964.19","4606.00"
"19/05/2025 14:00 - 19/05/2025 15:00","Denmark (DK)","4747.51","4705.00"
"19/05/2025 15:00 - 19/05/2025 16:00","Denmark (DK)","4561.26","4544.00"
"19/05/2025 16:00 - 19/05/2025 17:00","Denmark (DK)","4478.86","4447.00"
"19/05/2025 17:00 - 19/05/2025 18:00","Denmark (DK)","4577.90","4512.00"
"19/05/2025 18:00 - 19/05/2025 19:00","Denmark (DK)","4491.83","4368.00"
"19/05/2025 19:00 - 19/05/2025 20:00","Denmark (DK)","4257.83","4258.00"
"19/05/2025 20:00 - 19/05/2025 21:00","Denmark (DK)","4105.48","4282.00"
"19/05/2025 21:00 - 19/05/2025 22:00","Denmark (DK)","4048.80","4346.00"
"19/05/2025 22:00 - 19/05/2025 23:00","Denmark (DK)","3954.75","4355.00"
"19/05/2025 23:00 - 20/05/2025 00:00","Denmark (DK)","3748.73","4217.00"
"20/05/2025 00:00 - 20/05/2025 01:00","Denmark (DK)","3602.05","3719.00"
"20/05/2025 01:00 - 20/05/2025 02:00","Denmark (DK)","3602.49","3629.00"
"20/05/2025 02:00 - 20/05/2025 03:00","Denmark (DK)","3588.74","3594.00"
"20/05/2025 03:00 - 20/05/2025 04:00","Denmark (DK)","3493.51","3604.00"
"20/05/2025 04:00 - 20/05/2025 05:00","Denmark (DK)","3423.98","3591.00"
"20/05/2025 05:00 - 20/05/2025 06:00","Denmark (DK)","3467.58","3622.00"
"20/05/2025 06:00 - 20/05/2025 07:00","Denmark (DK)","3834.35","3653.00"
"20/05/2025 07:00 - 20/05/2025 08:00","Denmark (DK)","4280.07","3961.00"
"20/05/2025 08:00 - 20/05/2025 09:00","Denmark (DK)","4513.44","4441.00"
"20/05/2025 09:00 - 20/05/2025 10:00","Denmark (DK)","4567.57","4516.00"
"20/05/2025 10:00 - 20/05/2025 11:00","Denmark (DK)","4677.69","4520.00"
"20/05/2025 11:00 - 20/05/2025 12:00","Denmark (DK)","4861.20","4516.00"
"20/05/2025 12:00 - 20/05/2025 13:00","Denmark (DK)","5069.32","4557.00"
"20/05/2025 13:00 - 20/05/2025 14:00","Denmark (DK)","4832.88","4565.00"
"20/05/2025 14:00 - 20/05/2025 15:00","Denmark (DK)","4919.21","4715.00"
"20/05/2025 15:00 - 20/05/2025 16:00","Denmark (DK)","4946.58","4720.00"
"20/05/2025 16:00 - 20/05/2025 17:00","Denmark (DK)","4806.63","4649.00"
"20/05/2025 17:00 - 20/05/2025 18:00","Denmark (DK)","4791.41","4679.00"
"20/05/2025 18:00 - 20/05/2025 19:00","Denmark (DK)","4638.11","4526.00"
"20/05/2025 19:00 - 20/05/2025 20:00","Denmark (DK)","4404.46","4402.00"
"20/05/2025 20:00 - 20/05/2025 21:00","Denmark (DK)","4243.78","4406.00"
"20/05/2025 21:00 - 20/05/2025 22:00","Denmark (DK)","4106.42","4456.00"
"20/05/2025 22:00 - 20/05/2025 23:00","Denmark (DK)","3942.82","4404.00"
"20/05/2025 23:00 - 21/05/2025 00:00","Denmark (DK)","3748.36","4261.00"
"21/05/2025 00:00 - 21/05/2025 01:00","Denmark (DK)","3664.95","4003.00"
"21/05/2025 01:00 - 21/05/2025 02:00","Denmark (DK)","3646.41","3842.00"
"21/05/2025 02:00 - 21/05/2025 03:00","Denmark (DK)","3642.00","3722.00"
"21/05/2025 03:00 - 21/05/2025 04:00","Denmark (DK)","3617.59","3695.00"
"21/05/2025 04:00 - 21/05/2025 05:00","Denmark (DK)","3628.98","3672.00"
"21/05/2025 05:00 - 21/05/2025 06:00","Denmark (DK)","3535.31","3722.00"
"21/05/2025 06:00 - 21/05/2025 07:00","Denmark (DK)","3939.55","3907.00"
"21/05/2025 07:00 - 21/05/2025 08:00","Denmark (DK)","4353.10","4258.00"
"21/05/2025 08:00 - 21/05/2025 09:00","Denmark (DK)","4685.60","4439.00"
"21/05/2025 09:00 - 21/05/2025 10:00","Denmark (DK)","4831.70","4483.00"
"21/05/2025 10:00 - 21/05/2025 11:00","Denmark (DK)","4947.28","4493.00"
"21/05/2025 11:00 - 21/05/2025 12:00","Denmark (DK)","4992.28","4790.00"
"21/05/2025 12:00 - 21/05/2025 13:00","Denmark (DK)","5149.50","4860.00"
"21/05/2025 13:00 - 21/05/2025 14:00","Denmark (DK)","5188.49","4776.00"
"21/05/2025 14:00 - 21/05/2025 15:00","Denmark (DK)","4919.45","4848.00"
"21/05/2025 15:00 - 21/05/2025 16:00","Denmark (DK)","4859.38","4804.00"
"21/05/2025 16:00 - 21/05/2025 17:00","Denmark (DK)","4879.94","4728.00"
"21/05/2025 17:00 - 21/05/2025 18:00","Denmark (DK)","4977.41","4758.00"
"21/05/2025 18:00 - 21/05/2025 19:00","Denmark (DK)","4875.03","4609.00"
"21/05/2025 19:00 - 21/05/2025 20:00","Denmark (DK)","4644.66","4502.00"
"21/05/2025 20:00 - 21/05/2025 21:00","Denmark (DK)","4383.84","4536.00"
"21/05/2025 21:00 - 21/05/2025 22:00","Denmark (DK)","4277.76","4610.00"
"21/05/2025 22:00 - 21/05/2025 23:00","Denmark (DK)","4157.35","4576.00"
"21/05/2025 23:00 - 22/05/2025 00:00","Denmark (DK)","4013.11","4436.00"
"22/05/2025 00:00 - 22/05/2025 01:00","Denmark (DK)","4195.91","4368.00"
"22/05/2025 01:00 - 22/05/2025 02:00","Denmark (DK)","4150.42","4214.00"
"22/05/2025 02:00 - 22/05/2025 03:00","Denmark (DK)","3953.16","4115.00"
"22/05/2025 03:00 - 22/05/2025 04:00","Denmark (DK)","3821.96","3979.00"
"22/05/2025 04:00 - 22/05/2025 05:00","Denmark (DK)","3781.46","3928.00"
"22/05/2025 05:00 - 22/05/2025 06:00","Denmark (DK)","3824.46","3927.00"
"22/05/2025 06:00 - 22/05/2025 07:00","Denmark (DK)","4266.10","3807.00"
"22/05/2025 07:00 - 22/05/2025 08:00","Denmark (DK)","4799.48","4157.00"
"22/05/2025 08:00 - 22/05/2025 09:00","Denmark (DK)","5009.31","4858.00"
"22/05/2025 09:00 - 22/05/2025 10:00","Denmark (DK)","5097.90","4867.00"
"22/05/2025 10:00 - 22/05/2025 11:00","Denmark (DK)","5234.58","4985.00"
"22/05/2025 11:00 - 22/05/2025 12:00","Denmark (DK)","5247.77","5139.00"
"22/05/2025 12:00 - 22/05/2025 13:00","Denmark (DK)","5367.48","4955.00"
"22/05/2025 13:00 - 22/05/2025 14:00","Denmark (DK)","5305.90","4816.00"
"22/05/2025 14:00 - 22/05/2025 15:00","Denmark (DK)","5190.78","4657.00"
"22/05/2025 15:00 - 22/05/2025 16:00","Denmark (DK)","5090.87","4454.00"
"22/05/2025 16:00 - 22/05/2025 17:00","Denmark (DK)","5053.52","4413.00"
"22/05/2025 17:00 - 22/05/2025 18:00","Denmark (DK)","5068.80","4524.00"
"22/05/2025 18:00 - 22/05/2025 19:00","Denmark (DK)","4739.73","4444.00"
"22/05/2025 19:00 - 22/05/2025 20:00","Denmark (DK)","4514.47","4430.00"
"22/05/2025 20:00 - 22/05/2025 21:00","Denmark (DK)","4316.99","4617.00"
"22/05/2025 21:00 - 22/05/2025 22:00","Denmark (DK)","4240.61","4812.00"
"22/05/2025 22:00 - 22/05/2025 23:00","Denmark (DK)","4094.74","4891.00"
"22/05/2025 23:00 - 23/05/2025 00:00","Denmark (DK)","3870.96","4759.00"
"23/05/2025 00:00 - 23/05/2025 01:00","Denmark (DK)","3853.61","4959.00"
"23/05/2025 01:00 - 23/05/2025 02:00","Denmark (DK)","3687.09","4707.00"
"23/05/2025 02:00 - 23/05/2025 03:00","Denmark (DK)","3737.79","4534.00"
"23/05/2025 03:00 - 23/05/2025 04:00","Denmark (DK)","3661.50","4411.00"
"23/05/2025 04:00 - 23/05/2025 05:00","Denmark (DK)","3551.33","4331.00"
"23/05/2025 05:00 - 23/05/2025 06:00","Denmark (DK)","3581.87","4274.00"
"23/05/2025 06:00 - 23/05/2025 07:00","Denmark (DK)","3986.15","4410.00"
"23/05/2025 07:00 - 23/05/2025 08:00","Denmark (DK)","4445.63","4468.00"
"23/05/2025 08:00 - 23/05/2025 09:00","Denmark (DK)","4733.99","4634.00"
"23/05/2025 09:00 - 23/05/2025 10:00","Denmark (DK)","4955.62","4624.00"
"23/05/2025 10:00 - 23/05/2025 11:00","Denmark (DK)","5066.02","4570.00"
"23/05/2025 11:00 - 23/05/2025 12:00","Denmark (DK)","5139.58","4430.00"
"23/05/2025 12:00 - 23/05/2025 13:00","Denmark (DK)","5239.48","4342.00"
"23/05/2025 13:00 - 23/05/2025 14:00","Denmark (DK)","5274.86","4287.00"
"23/05/2025 14:00 - 23/05/2025 15:00","Denmark (DK)","5113.38","4132.00"
"23/05/2025 15:00 - 23/05/2025 16:00","Denmark (DK)","5012.34","4054.00"
"23/05/2025 16:00 - 23/05/2025 17:00","Denmark (DK)","4844.43","4029.00"
"23/05/2025 17:00 - 23/05/2025 18:00","Denmark (DK)","4833.37","4031.00"
"23/05/2025 18:00 - 23/05/2025 19:00","Denmark (DK)","4730.06","3980.00"
"23/05/2025 19:00 - 23/05/2025 20:00","Denmark (DK)","4424.22","3889.00"
"23/05/2025 20:00 - 23/05/2025 21:00","Denmark (DK)","4119.27","3914.00"
"23/05/2025 21:00 - 23/05/2025 22:00","Denmark (DK)","3912.35","3957.00"
"23/05/2025 22:00 - 23/05/2025 23:00","Denmark (DK)","3872.89","3903.00"
"23/05/2025 23:00 - 24/05/2025 00:00","Denmark (DK)","3622.08","3752.00"
"24/05/2025 00:00 - 24/05/2025 01:00","Denmark (DK)","3578.84","3771.00"
"24/05/2025 01:00 - 24/05/2025 02:00","Denmark (DK)","3465.64","3527.00"
"24/05/2025 02:00 - 24/05/2025 03:00","Denmark (DK)","3476.86","3334.00"
"24/05/2025 03:00 - 24/05/2025 04:00","Denmark (DK)","3391.60","3207.00"
"24/05/2025 04:00 - 24/05/2025 05:00","Denmark (DK)","3295.69","3103.00"
"24/05/2025 05:00 - 24/05/2025 06:00","Denmark (DK)","3235.42","3072.00"
"24/05/2025 06:00 - 24/05/2025 07:00","Denmark (DK)","3275.79","3175.00"
"24/05/2025 07:00 - 24/05/2025 08:00","Denmark (DK)","3565.62","3465.00"
"24/05/2025 08:00 - 24/05/2025 09:00","Denmark (DK)","3885.02","3718.00"
"24/05/2025 09:00 - 24/05/2025 10:00","Denmark (DK)","4229.92","3863.00"
"24/05/2025 10:00 - 24/05/2025 11:00","Denmark (DK)","4527.24","3974.00"
"24/05/2025 11:00 - 24/05/2025 12:00","Denmark (DK)","4639.40","4132.00"
"24/05/2025 12:00 - 24/05/2025 13:00","Denmark (DK)","4709.32","4218.00"
"24/05/2025 13:00 - 24/05/2025 14:00","Denmark (DK)","4617.84","4266.00"
"24/05/2025 14:00 - 24/05/2025 15:00","Denmark (DK)","4422.40","4184.00"
"24/05/2025 15:00 - 24/05/2025 16:00","Denmark (DK)","4329.64","4122.00"
"24/05/2025 16:00 - 24/05/2025 17:00","Denmark (DK)","4136.69","4203.00"
"24/05/2025 17:00 - 24/05/2025 18:00","Denmark (DK)","4067.05","4151.00"
"24/05/2025 18:00 - 24/05/2025 19:00","Denmark (DK)","4007.19","4225.00"
"24/05/2025 19:00 - 24/05/2025 20:00","Denmark (DK)","3856.36","4037.00"
"24/05/2025 20:00 - 24/05/2025 21:00","Denmark (DK)","3794.88","3840.00"
"24/05/2025 21:00 - 24/05/2025 22:00","Denmark (DK)","3701.94","3717.00"
"24/05/2025 22:00 - 24/05/2025 23:00","Denmark (DK)","3637.82","3686.00"
"24/05/2025 23:00 - 25/05/2025 00:00","Denmark (DK)","3532.48","3587.00"
"25/05/2025 00:00 - 25/05/2025 01:00","Denmark (DK)","3451.55","3439.00"
"25/05/2025 01:00 - 25/05/2025 02:00","Denmark (DK)","3292.04","3305.00"
"25/05/2025 02:00 - 25/05/2025 03:00","Denmark (DK)","3334.41","3228.00"
"25/05/2025 03:00 - 25/05/2025 04:00","Denmark (DK)","3302.42","3187.00"
"25/05/2025 04:00 - 25/05/2025 05:00","Denmark (DK)","3245.77","3133.00"
"25/05/2025 05:00 - 25/05/2025 06:00","Denmark (DK)","3177.71","3108.00"
"25/05/2025 06:00 - 25/05/2025 07:00","Denmark (DK)","3203.88","3222.00"
"25/05/2025 07:00 - 25/05/2025 08:00","Denmark (DK)","3461.48","3453.00"
"25/05/2025 08:00 - 25/05/2025 09:00","Denmark (DK)","3858.85","3843.00"
"25/05/2025 09:00 - 25/05/2025 10:00","Denmark (DK)","4069.55","4122.00"
"25/05/2025 10:00 - 25/05/2025 11:00","Denmark (DK)","4248.81","4357.00"
"25/05/2025 11:00 - 25/05/2025 12:00","Denmark (DK)","4405.00","4412.00"
"25/05/2025 12:00 - 25/05/2025 13:00","Denmark (DK)","4438.99","4403.00"
"25/05/2025 13:00 - 25/05/2025 14:00","Denmark (DK)","4493.26","4456.00"
"25/05/2025 14:00 - 25/05/2025 15:00","Denmark (DK)","4531.48","4446.00"
"25/05/2025 15:00 - 25/05/2025 16:00","Denmark (DK)","4535.48","4387.00"
"25/05/2025 16:00 - 25/05/2025 17:00","Denmark (DK)","4534.95","4392.00"
"25/05/2025 17:00 - 25/05/2025 18:00","Denmark (DK)","4578.00","4383.00"
"25/05/2025 18:00 - 25/05/2025 19:00","Denmark (DK)","4480.67","4273.00"
"25/05/2025 19:00 - 25/05/2025 20:00","Denmark (DK)","4129.90","4168.00"
"25/05/2025 20:00 - 25/05/2025 21:00","Denmark (DK)","3895.15","4047.00"
"25/05/2025 21:00 - 25/05/2025 22:00","Denmark (DK)","3789.12","4004.00"
"25/05/2025 22:00 - 25/05/2025 23:00","Denmark (DK)","3679.54","4011.00"
"25/05/2025 23:00 - 26/05/2025 00:00","Denmark (DK)","3635.69","3970.00"
"26/05/2025 00:00 - 26/05/2025 01:00","Denmark (DK)","3519.21","3899.00"
"26/05/2025 01:00 - 26/05/2025 02:00","Denmark (DK)","3461.88","3838.00"
"26/05/2025 02:00 - 26/05/2025 03:00","Denmark (DK)","3274.82","3809.00"
"26/05/2025 03:00 - 26/05/2025 04:00","Denmark (DK)","3323.80","3775.00"
"26/05/2025 04:00 - 26/05/2025 05:00","Denmark (DK)","3319.67","3892.00"
"26/05/2025 05:00 - 26/05/2025 06:00","Denmark (DK)","3345.10","4012.00"
"26/05/2025 06:00 - 26/05/2025 07:00","Denmark (DK)","3789.36","4271.00"
"26/05/2025 07:00 - 26/05/2025 08:00","Denmark (DK)","4304.38","4556.00"
"26/05/2025 08:00 - 26/05/2025 09:00","Denmark (DK)","4637.93","4803.00"
"26/05/2025 09:00 - 26/05/2025 10:00","Denmark (DK)","3772.84","4873.00"
"26/05/2025 10:00 - 26/05/2025 11:00","Denmark (DK)","3819.52","4963.00"
"26/05/2025 11:00 - 26/05/2025 12:00","Denmark (DK)","3880.48","4875.00"
"26/05/2025 12:00 - 26/05/2025 13:00","Denmark (DK)","4163.69","4841.00"
"26/05/2025 13:00 - 26/05/2025 14:00","Denmark (DK)","4198.91","4813.00"
"26/05/2025 14:00 - 26/05/2025 15:00","Denmark (DK)","4212.29","4722.00"
"26/05/2025 15:00 - 26/05/2025 16:00","Denmark (DK)","3867.16","4295.00"
"26/05/2025 16:00 - 26/05/2025 17:00","Denmark (DK)","3647.55","3842.00"
"26/05/2025 17:00 - 26/05/2025 18:00","Denmark (DK)","3701.41","3835.00"
"26/05/2025 18:00 - 26/05/2025 19:00","Denmark (DK)","3762.90","3755.00"
"26/05/2025 19:00 - 26/05/2025 20:00","Denmark (DK)","3684.06","3709.00"
"26/05/2025 20:00 - 26/05/2025 21:00","Denmark (DK)","3625.39","3794.00"
"26/05/2025 21:00 - 26/05/2025 22:00","Denmark (DK)","3580.28","3861.00"
"26/05/2025 22:00 - 26/05/2025 23:00","Denmark (DK)","3470.86","3817.00"
"26/05/2025 23:00 - 27/05/2025 00:00","Denmark (DK)","3250.55","3686.00"
"27/05/2025 00:00 - 27/05/2025 01:00","Denmark (DK)","3267.74","3624.00"
"27/05/2025 01:00 - 27/05/2025 02:00","Denmark (DK)","3272.60","3563.00"
"27/05/2025 02:00 - 27/05/2025 03:00","Denmark (DK)","3190.68","3547.00"
"27/05/2025 03:00 - 27/05/2025 04:00","Denmark (DK)","3145.73","3513.00"
"27/05/2025 04:00 - 27/05/2025 05:00","Denmark (DK)","3112.92","3476.00"
"27/05/2025 05:00 - 27/05/2025 06:00","Denmark (DK)","3099.15","3476.00"
"27/05/2025 06:00 - 27/05/2025 07:00","Denmark (DK)","3358.25","3648.00"
"27/05/2025 07:00 - 27/05/2025 08:00","Denmark (DK)","3715.75","3859.00"
"27/05/2025 08:00 - 27/05/2025 09:00","Denmark (DK)","3952.25","4153.00"
"27/05/2025 09:00 - 27/05/2025 10:00","Denmark (DK)","4022.33","4224.00"
"27/05/2025 10:00 - 27/05/2025 11:00","Denmark (DK)","4241.66","4277.00"
"27/05/2025 11:00 - 27/05/2025 12:00","Denmark (DK)","5321.47","4210.00"
"27/05/2025 12:00 - 27/05/2025 13:00","Denmark (DK)","5370.28","4177.00"
"27/05/2025 13:00 - 27/05/2025 14:00","Denmark (DK)","5271.15","4128.00"
"27/05/2025 14:00 - 27/05/2025 15:00","Denmark (DK)","5180.57","4104.00"
"27/05/2025 15:00 - 27/05/2025 16:00","Denmark (DK)","4965.25","4264.00"
"27/05/2025 16:00 - 27/05/2025 17:00","Denmark (DK)","4907.23","4855.00"
"27/05/2025 17:00 - 27/05/2025 18:00","Denmark (DK)","4884.88","4804.00"
"27/05/2025 18:00 - 27/05/2025 19:00","Denmark (DK)","4686.80","4625.00"
"27/05/2025 19:00 - 27/05/2025 20:00","Denmark (DK)","4418.46","4307.00"
"27/05/2025 20:00 - 27/05/2025 21:00","Denmark (DK)","4152.95","4143.00"
"27/05/2025 21:00 - 27/05/2025 22:00","Denmark (DK)","3997.00","4085.00"
"27/05/2025 22:00 - 27/05/2025 23:00","Denmark (DK)","3891.69","4038.00"
"27/05/2025 23:00 - 28/05/2025 00:00","Denmark (DK)","3701.62","3933.00"
"28/05/2025 00:00 - 28/05/2025 01:00","Denmark (DK)","3662.62","3457.00"
"28/05/2025 01:00 - 28/05/2025 02:00","Denmark (DK)","3705.46","3384.00"
"28/05/2025 02:00 - 28/05/2025 03:00","Denmark (DK)","3688.71","3379.00"
"28/05/2025 03:00 - 28/05/2025 04:00","Denmark (DK)","3615.86","3391.00"
"28/05/2025 04:00 - 28/05/2025 05:00","Denmark (DK)","3445.61","3387.00"
"28/05/2025 05:00 - 28/05/2025 06:00","Denmark (DK)","3466.61","3415.00"
"28/05/2025 06:00 - 28/05/2025 07:00","Denmark (DK)","3928.95","3692.00"
"28/05/2025 07:00 - 28/05/2025 08:00","Denmark (DK)","4276.91","4062.00"
"28/05/2025 08:00 - 28/05/2025 09:00","Denmark (DK)","4613.18","4307.00"
"28/05/2025 09:00 - 28/05/2025 10:00","Denmark (DK)","4774.33","4385.00"
"28/05/2025 10:00 - 28/05/2025 11:00","Denmark (DK)","4833.23","4466.00"
"28/05/2025 11:00 - 28/05/2025 12:00","Denmark (DK)","4788.61","4475.00"
"28/05/2025 12:00 - 28/05/2025 13:00","Denmark (DK)","4786.03","4429.00"
"28/05/2025 13:00 - 28/05/2025 14:00","Denmark (DK)","4833.52","4445.00"
"28/05/2025 14:00 - 28/05/2025 15:00","Denmark (DK)","4733.28","4686.00"
"28/05/2025 15:00 - 28/05/2025 16:00","Denmark (DK)","4625.20","4597.00"
"28/05/2025 16:00 - 28/05/2025 17:00","Denmark (DK)","4570.20","4508.00"
"28/05/2025 17:00 - 28/05/2025 18:00","Denmark (DK)","4671.38","4607.00"
"28/05/2025 18:00 - 28/05/2025 19:00","Denmark (DK)","4588.13","4466.00"
"28/05/2025 19:00 - 28/05/2025 20:00","Denmark (DK)","4328.66","4385.00"
"28/05/2025 20:00 - 28/05/2025 21:00","Denmark (DK)","4130.05","4428.00"
"28/05/2025 21:00 - 28/05/2025 22:00","Denmark (DK)","3964.82","4455.00"
"28/05/2025 22:00 - 28/05/2025 23:00","Denmark (DK)","3838.74","4386.00"
"28/05/2025 23:00 - 29/05/2025 00:00","Denmark (DK)","3660.28","4142.00"
"29/05/2025 00:00 - 29/05/2025 01:00","Denmark (DK)","3470.29","3462.00"
"29/05/2025 01:00 - 29/05/2025 02:00","Denmark (DK)","3480.83","3228.00"
"29/05/2025 02:00 - 29/05/2025 03:00","Denmark (DK)","3423.56","3036.00"
"29/05/2025 03:00 - 29/05/2025 04:00","Denmark (DK)","3318.09","2856.00"
"29/05/2025 04:00 - 29/05/2025 05:00","Denmark (DK)","3222.72","2807.00"
"29/05/2025 05:00 - 29/05/2025 06:00","Denmark (DK)","3133.11","2802.00"
"29/05/2025 06:00 - 29/05/2025 07:00","Denmark (DK)","3253.42","2932.00"
"29/05/2025 07:00 - 29/05/2025 08:00","Denmark (DK)","3524.54","3186.00"
"29/05/2025 08:00 - 29/05/2025 09:00","Denmark (DK)","3693.03","3410.00"
"29/05/2025 09:00 - 29/05/2025 10:00","Denmark (DK)","3923.99","3592.00"
"29/05/2025 10:00 - 29/05/2025 11:00","Denmark (DK)","4152.85","3715.00"
"29/05/2025 11:00 - 29/05/2025 12:00","Denmark (DK)","4397.44","3786.00"
"29/05/2025 12:00 - 29/05/2025 13:00","Denmark (DK)","4417.47","3764.00"
"29/05/2025 13:00 - 29/05/2025 14:00","Denmark (DK)","4430.89","3749.00"
"29/05/2025 14:00 - 29/05/2025 15:00","Denmark (DK)","4377.57","4364.00"
"29/05/2025 15:00 - 29/05/2025 16:00","Denmark (DK)","4301.41","4255.00"
"29/05/2025 16:00 - 29/05/2025 17:00","Denmark (DK)","4212.47","4233.00"
"29/05/2025 17:00 - 29/05/2025 18:00","Denmark (DK)","4307.86","4282.00"
"29/05/2025 18:00 - 29/05/2025 19:00","Denmark (DK)","4211.28","4197.00"
"29/05/2025 19:00 - 29/05/2025 20:00","Denmark (DK)","3987.16","3982.00"
"29/05/2025 20:00 - 29/05/2025 21:00","Denmark (DK)","3815.43","3824.00"
"29/05/2025 21:00 - 29/05/2025 22:00","Denmark (DK)","3720.26","3754.00"
"29/05/2025 22:00 - 29/05/2025 23:00","Denmark (DK)","3659.14","3683.00"
"29/05/2025 23:00 - 30/05/2025 00:00","Denmark (DK)","3470.07","3561.00"
"30/05/2025 00:00 - 30/05/2025 01:00","Denmark (DK)","3378.37","3411.00"
"30/05/2025 01:00 - 30/05/2025 02:00","Denmark (DK)","3387.30","3283.00"
"30/05/2025 02:00 - 30/05/2025 03:00","Denmark (DK)","3352.08","3216.00"
"30/05/2025 03:00 - 30/05/2025 04:00","Denmark (DK)","3315.48","3188.00"
"30/05/2025 04:00 - 30/05/2025 05:00","Denmark (DK)","3209.17","3179.00"
"30/05/2025 05:00 - 30/05/2025 06:00","Denmark (DK)","3203.01","3255.00"
"30/05/2025 06:00 - 30/05/2025 07:00","Denmark (DK)","3412.26","3413.00"
"30/05/2025 07:00 - 30/05/2025 08:00","Denmark (DK)","3735.42","3743.00"
"30/05/2025 08:00 - 30/05/2025 09:00","Denmark (DK)","4012.45","3971.00"
"30/05/2025 09:00 - 30/05/2025 10:00","Denmark (DK)","4245.55","4223.00"
"30/05/2025 10:00 - 30/05/2025 11:00","Denmark (DK)","4475.83","4419.00"
"30/05/2025 11:00 - 30/05/2025 12:00","Denmark (DK)","4600.23","4531.00"
"30/05/2025 12:00 - 30/05/2025 13:00","Denmark (DK)","4679.54","4590.00"
"30/05/2025 13:00 - 30/05/2025 14:00","Denmark (DK)","4660.87","4661.00"
"30/05/2025 14:00 - 30/05/2025 15:00","Denmark (DK)","4635.39","4566.00"
"30/05/2025 15:00 - 30/05/2025 16:00","Denmark (DK)","4553.38","4524.00"
"30/05/2025 16:00 - 30/05/2025 17:00","Denmark (DK)","4474.57","4472.00"
"30/05/2025 17:00 - 30/05/2025 18:00","Denmark (DK)","4486.40","4515.00"
"30/05/2025 18:00 - 30/05/2025 19:00","Denmark (DK)","4371.35","4420.00"
"30/05/2025 19:00 - 30/05/2025 20:00","Denmark (DK)","4145.79","4189.00"
"30/05/2025 20:00 - 30/05/2025 21:00","Denmark (DK)","3883.51","4019.00"
"30/05/2025 21:00 - 30/05/2025 22:00","Denmark (DK)","3704.19","3965.00"
"30/05/2025 22:00 - 30/05/2025 23:00","Denmark (DK)","3569.56","3917.00"
"30/05/2025 23:00 - 31/05/2025 00:00","Denmark (DK)","3422.14","3794.00"
"31/05/2025 00:00 - 31/05/2025 01:00","Denmark (DK)","3362.45","3630.00"
"31/05/2025 01:00 - 31/05/2025 02:00","Denmark (DK)","3300.42","3491.00"
"31/05/2025 02:00 - 31/05/2025 03:00","Denmark (DK)","3151.20","3435.00"
"31/05/2025 03:00 - 31/05/2025 04:00","Denmark (DK)","3047.78","3423.00"
"31/05/2025 04:00 - 31/05/2025 05:00","Denmark (DK)","2903.33","3367.00"
"31/05/2025 05:00 - 31/05/2025 06:00","Denmark (DK)","2877.02","3364.00"
"31/05/2025 06:00 - 31/05/2025 07:00","Denmark (DK)","2921.94","3425.00"
"31/05/2025 07:00 - 31/05/2025 08:00","Denmark (DK)","3213.43","3406.00"
"31/05/2025 08:00 - 31/05/2025 09:00","Denmark (DK)","3498.53","3462.00"
"31/05/2025 09:00 - 31/05/2025 10:00","Denmark (DK)","3791.81","3673.00"
"31/05/2025 10:00 - 31/05/2025 11:00","Denmark (DK)","3971.92","3822.00"
"31/05/2025 11:00 - 31/05/2025 12:00","Denmark (DK)","4068.72","3996.00"
"31/05/2025 12:00 - 31/05/2025 13:00","Denmark (DK)","4126.63","4112.00"
"31/05/2025 13:00 - 31/05/2025 14:00","Denmark (DK)","4114.73","4184.00"
"31/05/2025 14:00 - 31/05/2025 15:00","Denmark (DK)","3991.74","4111.00"
"31/05/2025 15:00 - 31/05/2025 16:00","Denmark (DK)","3876.90","4013.00"
"31/05/2025 16:00 - 31/05/2025 17:00","Denmark (DK)","3793.83","3979.00"
"31/05/2025 17:00 - 31/05/2025 18:00","Denmark (DK)","3855.07","3928.00"
"31/05/2025 18:00 - 31/05/2025 19:00","Denmark (DK)","3849.45","3859.00"
"31/05/2025 19:00 - 31/05/2025 20:00","Denmark (DK)","3731.48","3728.00"
"31/05/2025 20:00 - 31/05/2025 21:00","Denmark (DK)","3577.63","3573.00"
"31/05/2025 21:00 - 31/05/2025 22:00","Denmark (DK)","3474.07","3427.00"
"31/05/2025 22:00 - 31/05/2025 23:00","Denmark (DK)","3415.78","3418.00"
"31/05/2025 23:00 - 01/06/2025 00:00","Denmark (DK)","3267.71","3346.00"
"01/06/2025 00:00 - 01/06/2025 01:00","Denmark (DK)","3136.37","3041.00"
"01/06/2025 01:00 - 01/06/2025 02:00","Denmark (DK)","3076.55","2888.00"
"01/06/2025 02:00 - 01/06/2025 03:00","Denmark (DK)","3015.57","2834.00"
"01/06/2025 03:00 - 01/06/2025 04:00","Denmark (DK)","2958.83","2816.00"
"01/06/2025 04:00 - 01/06/2025 05:00","Denmark (DK)","2928.56","2750.00"
"01/06/2025 05:00 - 01/06/2025 06:00","Denmark (DK)","2890.23","2726.00"
"01/06/2025 06:00 - 01/06/2025 07:00","Denmark (DK)","2921.63","2832.00"
"01/06/2025 07:00 - 01/06/2025 08:00","Denmark (DK)","3225.05","3185.00"
"01/06/2025 08:00 - 01/06/2025 09:00","Denmark (DK)","3559.25","3496.00"
"01/06/2025 09:00 - 01/06/2025 10:00","Denmark (DK)","3811.43","3698.00"
"01/06/2025 10:00 - 01/06/2025 11:00","Denmark (DK)","4086.52","3819.00"
"01/06/2025 11:00 - 01/06/2025 12:00","Denmark (DK)","4199.23","4100.00"
"01/06/2025 12:00 - 01/06/2025 13:00","Denmark (DK)","4270.33","4281.00"
"01/06/2025 13:00 - 01/06/2025 14:00","Denmark (DK)","4409.86","4296.00"
"01/06/2025 14:00 - 01/06/2025 15:00","Denmark (DK)","4375.72","4212.00"
"01/06/2025 15:00 - 01/06/2025 16:00","Denmark (DK)","4433.37","4086.00"
"01/06/2025 16:00 - 01/06/2025 17:00","Denmark (DK)","4304.17","4086.00"
"01/06/2025 17:00 - 01/06/2025 18:00","Denmark (DK)","4348.96","4146.00"
"01/06/2025 18:00 - 01/06/2025 19:00","Denmark (DK)","4205.60","4111.00"
"01/06/2025 19:00 - 01/06/2025 20:00","Denmark (DK)","3943.28","3904.00"
"01/06/2025 20:00 - 01/06/2025 21:00","Denmark (DK)","3767.32","3759.00"
"01/06/2025 21:00 - 01/06/2025 22:00","Denmark (DK)","3592.40","3685.00"
"01/06/2025 22:00 - 01/06/2025 23:00","Denmark (DK)","3455.72","3683.00"
"01/06/2025 23:00 - 02/06/2025 00:00","Denmark (DK)","3377.78","3611.00"
"02/06/2025 00:00 - 02/06/2025 01:00","Denmark (DK)","3432.41","3219.00"
"02/06/2025 01:00 - 02/06/2025 02:00","Denmark (DK)","3404.38","3141.00"
"02/06/2025 02:00 - 02/06/2025 03:00","Denmark (DK)","3284.67","3144.00"
"02/06/2025 03:00 - 02/06/2025 04:00","Denmark (DK)","3174.10","3264.00"
"02/06/2025 04:00 - 02/06/2025 05:00","Denmark (DK)","3080.13","3234.00"
"02/06/2025 05:00 - 02/06/2025 06:00","Denmark (DK)","3182.85","3215.00"
"02/06/2025 06:00 - 02/06/2025 07:00","Denmark (DK)","3621.84","3491.00"
"02/06/2025 07:00 - 02/06/2025 08:00","Denmark (DK)","4095.60","3881.00"
"02/06/2025 08:00 - 02/06/2025 09:00","Denmark (DK)","4459.12","4153.00"
"02/06/2025 09:00 - 02/06/2025 10:00","Denmark (DK)","4536.69","4269.00"
"02/06/2025 10:00 - 02/06/2025 11:00","Denmark (DK)","4651.70","4356.00"
"02/06/2025 11:00 - 02/06/2025 12:00","Denmark (DK)","4643.07","4355.00"
"02/06/2025 12:00 - 02/06/2025 13:00","Denmark (DK)","4689.20","4309.00"
"02/06/2025 13:00 - 02/06/2025 14:00","Denmark (DK)","4756.69","4357.00"
"02/06/2025 14:00 - 02/06/2025 15:00","Denmark (DK)","4703.31","4347.00"
"02/06/2025 15:00 - 02/06/2025 16:00","Denmark (DK)","4617.00","4288.00"
"02/06/2025 16:00 - 02/06/2025 17:00","Denmark (DK)","4558.83","4249.00"
"02/06/2025 17:00 - 02/06/2025 18:00","Denmark (DK)","4708.51","4391.00"
"02/06/2025 18:00 - 02/06/2025 19:00","Denmark (DK)","4616.11","4244.00"
"02/06/2025 19:00 - 02/06/2025 20:00","Denmark (DK)","4358.02","4068.00"
"02/06/2025 20:00 - 02/06/2025 21:00","Denmark (DK)","4071.87","4001.00"
"02/06/2025 21:00 - 02/06/2025 22:00","Denmark (DK)","3888.04","3968.00"
"02/06/2025 22:00 - 02/06/2025 23:00","Denmark (DK)","3765.82","4040.00"
"02/06/2025 23:00 - 03/06/2025 00:00","Denmark (DK)","3614.37","3874.00"
"03/06/2025 00:00 - 03/06/2025 01:00","Denmark (DK)","3518.55","3863.00"
"03/06/2025 01:00 - 03/06/2025 02:00","Denmark (DK)","3392.25","3705.00"
"03/06/2025 02:00 - 03/06/2025 03:00","Denmark (DK)","3432.05","3618.00"
"03/06/2025 03:00 - 03/06/2025 04:00","Denmark (DK)","3371.96","3590.00"
"03/06/2025 04:00 - 03/06/2025 05:00","Denmark (DK)","3342.43","3632.00"
"03/06/2025 05:00 - 03/06/2025 06:00","Denmark (DK)","3395.47","3634.00"
"03/06/2025 06:00 - 03/06/2025 07:00","Denmark (DK)","3796.44","3794.00"
"03/06/2025 07:00 - 03/06/2025 08:00","Denmark (DK)","4269.10","4093.00"
"03/06/2025 08:00 - 03/06/2025 09:00","Denmark (DK)","4565.69","4218.00"
"03/06/2025 09:00 - 03/06/2025 10:00","Denmark (DK)","4675.30","4315.00"
"03/06/2025 10:00 - 03/06/2025 11:00","Denmark (DK)","4820.76","4290.00"
"03/06/2025 11:00 - 03/06/2025 12:00","Denmark (DK)","4864.81","4121.00"
"03/06/2025 12:00 - 03/06/2025 13:00","Denmark (DK)","4939.63","4078.00"
"03/06/2025 13:00 - 03/06/2025 14:00","Denmark (DK)","5024.07","4291.00"
"03/06/2025 14:00 - 03/06/2025 15:00","Denmark (DK)","5003.02","4267.00"
"03/06/2025 15:00 - 03/06/2025 16:00","Denmark (DK)","4759.08","4080.00"
"03/06/2025 16:00 - 03/06/2025 17:00","Denmark (DK)","4679.15","4154.00"
"03/06/2025 17:00 - 03/06/2025 18:00","Denmark (DK)","4828.89","4292.00"
"03/06/2025 18:00 - 03/06/2025 19:00","Denmark (DK)","4660.25","4300.00"
"03/06/2025 19:00 - 03/06/2025 20:00","Denmark (DK)","4464.60","4175.00"
"03/06/2025 20:00 - 03/06/2025 21:00","Denmark (DK)","4202.58","4175.00"
"03/06/2025 21:00 - 03/06/2025 22:00","Denmark (DK)","4082.78","4106.00"
"03/06/2025 22:00 - 03/06/2025 23:00","Denmark (DK)","3881.97","3984.00"
"03/06/2025 23:00 - 04/06/2025 00:00","Denmark (DK)","3692.14","3848.00"
"04/06/2025 00:00 - 04/06/2025 01:00","Denmark (DK)","3659.17","3717.00"
"04/06/2025 01:00 - 04/06/2025 02:00","Denmark (DK)","3650.27","3611.00"
"04/06/2025 02:00 - 04/06/2025 03:00","Denmark (DK)","3662.96","3539.00"
"04/06/2025 03:00 - 04/06/2025 04:00","Denmark (DK)","3572.44","3505.00"
"04/06/2025 04:00 - 04/06/2025 05:00","Denmark (DK)","3464.80","3492.00"
"04/06/2025 05:00 - 04/06/2025 06:00","Denmark (DK)","3494.95","3509.00"
"04/06/2025 06:00 - 04/06/2025 07:00","Denmark (DK)","3853.04","3863.00"
"04/06/2025 07:00 - 04/06/2025 08:00","Denmark (DK)","4275.90","4165.00"
"04/06/2025 08:00 - 04/06/2025 09:00","Denmark (DK)","4566.26","4223.00"
"04/06/2025 09:00 - 04/06/2025 10:00","Denmark (DK)","4653.22","4311.00"
"04/06/2025 10:00 - 04/06/2025 11:00","Denmark (DK)","4767.16","4293.00"
"04/06/2025 11:00 - 04/06/2025 12:00","Denmark (DK)","4774.01","4181.00"
"04/06/2025 12:00 - 04/06/2025 13:00","Denmark (DK)","4722.62","4113.00"
"04/06/2025 13:00 - 04/06/2025 14:00","Denmark (DK)","4832.20","4357.00"
"04/06/2025 14:00 - 04/06/2025 15:00","Denmark (DK)","4808.10","4338.00"
"04/06/2025 15:00 - 04/06/2025 16:00","Denmark (DK)","4688.98","4453.00"
"04/06/2025 16:00 - 04/06/2025 17:00","Denmark (DK)","4649.18","4668.00"
"04/06/2025 17:00 - 04/06/2025 18:00","Denmark (DK)","4768.07","4720.00"
"04/06/2025 18:00 - 04/06/2025 19:00","Denmark (DK)","4626.10","4683.00"
"04/06/2025 19:00 - 04/06/2025 20:00","Denmark (DK)","4364.66","4570.00"
"04/06/2025 20:00 - 04/06/2025 21:00","Denmark (DK)","4132.72","4592.00"
"04/06/2025 21:00 - 04/06/2025 22:00","Denmark (DK)","3905.56","4547.00"
"04/06/2025 22:00 - 04/06/2025 23:00","Denmark (DK)","3715.50","4328.00"
"04/06/2025 23:00 - 05/06/2025 00:00","Denmark (DK)","3526.09","4068.00"
"05/06/2025 00:00 - 05/06/2025 01:00","Denmark (DK)","3376.15","3429.00"
"05/06/2025 01:00 - 05/06/2025 02:00","Denmark (DK)","3348.13","3177.00"
"05/06/2025 02:00 - 05/06/2025 03:00","Denmark (DK)","3372.67","2971.00"
"05/06/2025 03:00 - 05/06/2025 04:00","Denmark (DK)","3280.04","2792.00"
"05/06/2025 04:00 - 05/06/2025 05:00","Denmark (DK)","3161.35","2682.00"
"05/06/2025 05:00 - 05/06/2025 06:00","Denmark (DK)","3134.61","2649.00"
"05/06/2025 06:00 - 05/06/2025 07:00","Denmark (DK)","3282.21","2736.00"
"05/06/2025 07:00 - 05/06/2025 08:00","Denmark (DK)","3601.28","2983.00"
"05/06/2025 08:00 - 05/06/2025 09:00","Denmark (DK)","3850.05","3257.00"
"05/06/2025 09:00 - 05/06/2025 10:00","Denmark (DK)","3977.22","3545.00"
"05/06/2025 10:00 - 05/06/2025 11:00","Denmark (DK)","4173.71","3759.00"
"05/06/2025 11:00 - 05/06/2025 12:00","Denmark (DK)","4286.30","3873.00"
"05/06/2025 12:00 - 05/06/2025 13:00","Denmark (DK)","4401.51","3972.00"
"05/06/2025 13:00 - 05/06/2025 14:00","Denmark (DK)","4558.17","4045.00"
"05/06/2025 14:00 - 05/06/2025 15:00","Denmark (DK)","4449.65","4025.00"
"05/06/2025 15:00 - 05/06/2025 16:00","Denmark (DK)","4241.20","3945.00"
"05/06/2025 16:00 - 05/06/2025 17:00","Denmark (DK)","4179.31","4155.00"
"05/06/2025 17:00 - 05/06/2025 18:00","Denmark (DK)","4284.54","4176.00"
"05/06/2025 18:00 - 05/06/2025 19:00","Denmark (DK)","4133.20","4086.00"
"05/06/2025 19:00 - 05/06/2025 20:00","Denmark (DK)","3836.36","3920.00"
"05/06/2025 20:00 - 05/06/2025 21:00","Denmark (DK)","3751.27","3721.00"
"05/06/2025 21:00 - 05/06/2025 22:00","Denmark (DK)","3572.57","3641.00"
"05/06/2025 22:00 - 05/06/2025 23:00","Denmark (DK)","3501.70","3673.00"
"05/06/2025 23:00 - 06/06/2025 00:00","Denmark (DK)","3370.28","3686.00"
"06/06/2025 00:00 - 06/06/2025 01:00","Denmark (DK)","3244.96","3789.00"
"06/06/2025 01:00 - 06/06/2025 02:00","Denmark (DK)","3218.34","3800.00"
"06/06/2025 02:00 - 06/06/2025 03:00","Denmark (DK)","3195.10","3821.00"
"06/06/2025 03:00 - 06/06/2025 04:00","Denmark (DK)","3138.14","3862.00"
"06/06/2025 04:00 - 06/06/2025 05:00","Denmark (DK)","3104.68","3827.00"
"06/06/2025 05:00 - 06/06/2025 06:00","Denmark (DK)","3147.89","3836.00"
"06/06/2025 06:00 - 06/06/2025 07:00","Denmark (DK)","3542.54","4120.00"
"06/06/2025 07:00 - 06/06/2025 08:00","Denmark (DK)","4017.10","4510.00"
"06/06/2025 08:00 - 06/06/2025 09:00","Denmark (DK)","4503.31","4674.00"
"06/06/2025 09:00 - 06/06/2025 10:00","Denmark (DK)","4702.44","4547.00"
"06/06/2025 10:00 - 06/06/2025 11:00","Denmark (DK)","4925.97","4601.00"
"06/06/2025 11:00 - 06/06/2025 12:00","Denmark (DK)","4967.91","4558.00"
"06/06/2025 12:00 - 06/06/2025 13:00","Denmark (DK)","4917.66","4552.00"
"06/06/2025 13:00 - 06/06/2025 14:00","Denmark (DK)","4857.24","4506.00"
"06/06/2025 14:00 - 06/06/2025 15:00","Denmark (DK)","4775.35","4340.00"
"06/06/2025 15:00 - 06/06/2025 16:00","Denmark (DK)","4742.94","4254.00"
"06/06/2025 16:00 - 06/06/2025 17:00","Denmark (DK)","4580.90","4132.00"
"06/06/2025 17:00 - 06/06/2025 18:00","Denmark (DK)","4614.18","4131.00"
"06/06/2025 18:00 - 06/06/2025 19:00","Denmark (DK)","4412.91","4062.00"
"06/06/2025 19:00 - 06/06/2025 20:00","Denmark (DK)","4092.56","3878.00"
"06/06/2025 20:00 - 06/06/2025 21:00","Denmark (DK)","3827.12","3750.00"
"06/06/2025 21:00 - 06/06/2025 22:00","Denmark (DK)","3670.59","3659.00"
"06/06/2025 22:00 - 06/06/2025 23:00","Denmark (DK)","3493.09","3586.00"
"06/06/2025 23:00 - 07/06/2025 00:00","Denmark (DK)","3423.66","3470.00"
"07/06/2025 00:00 - 07/06/2025 01:00","Denmark (DK)","3326.75","3119.00"
"07/06/2025 01:00 - 07/06/2025 02:00","Denmark (DK)","3396.79","2993.00"
"07/06/2025 02:00 - 07/06/2025 03:00","Denmark (DK)","3304.18","2904.00"
"07/06/2025 03:00 - 07/06/2025 04:00","Denmark (DK)","3163.07","2840.00"
"07/06/2025 04:00 - 07/06/2025 05:00","Denmark (DK)","2994.51","2770.00"
"07/06/2025 05:00 - 07/06/2025 06:00","Denmark (DK)","2939.66","2730.00"
"07/06/2025 06:00 - 07/06/2025 07:00","Denmark (DK)","3008.83","2966.00"
"07/06/2025 07:00 - 07/06/2025 08:00","Denmark (DK)","3214.27","3242.00"
"07/06/2025 08:00 - 07/06/2025 09:00","Denmark (DK)","3467.12","3520.00"
"07/06/2025 09:00 - 07/06/2025 10:00","Denmark (DK)","3712.26","3771.00"
"07/06/2025 10:00 - 07/06/2025 11:00","Denmark (DK)","3939.83","3881.00"
"07/06/2025 11:00 - 07/06/2025 12:00","Denmark (DK)","4033.05","3971.00"
"07/06/2025 12:00 - 07/06/2025 13:00","Denmark (DK)","4119.31","4099.00"
"07/06/2025 13:00 - 07/06/2025 14:00","Denmark (DK)","4076.32","4157.00"
"07/06/2025 14:00 - 07/06/2025 15:00","Denmark (DK)","4021.13","4166.00"
"07/06/2025 15:00 - 07/06/2025 16:00","Denmark (DK)","3994.34","3887.00"
"07/06/2025 16:00 - 07/06/2025 17:00","Denmark (DK)","3993.37","3927.00"
"07/06/2025 17:00 - 07/06/2025 18:00","Denmark (DK)","3969.85","3959.00"
"07/06/2025 18:00 - 07/06/2025 19:00","Denmark (DK)","3946.86","3846.00"
"07/06/2025 19:00 - 07/06/2025 20:00","Denmark (DK)","3749.66","3689.00"
"07/06/2025 20:00 - 07/06/2025 21:00","Denmark (DK)","3569.85","3553.00"
"07/06/2025 21:00 - 07/06/2025 22:00","Denmark (DK)","3436.34","3410.00"
"07/06/2025 22:00 - 07/06/2025 23:00","Denmark (DK)","3347.46","3311.00"
"07/06/2025 23:00 - 08/06/2025 00:00","Denmark (DK)","3232.58","3202.00"
"08/06/2025 00:00 - 08/06/2025 01:00","Denmark (DK)","3094.51","3086.00"
"08/06/2025 01:00 - 08/06/2025 02:00","Denmark (DK)","3038.88","2967.00"
"08/06/2025 02:00 - 08/06/2025 03:00","Denmark (DK)","3007.44","2873.00"
"08/06/2025 03:00 - 08/06/2025 04:00","Denmark (DK)","2961.73","2840.00"
"08/06/2025 04:00 - 08/06/2025 05:00","Denmark (DK)","2991.41","2810.00"
"08/06/2025 05:00 - 08/06/2025 06:00","Denmark (DK)","2932.26","2782.00"
"08/06/2025 06:00 - 08/06/2025 07:00","Denmark (DK)","2984.62","2898.00"
"08/06/2025 07:00 - 08/06/2025 08:00","Denmark (DK)","3235.74","3158.00"
"08/06/2025 08:00 - 08/06/2025 09:00","Denmark (DK)","3548.49","3422.00"
"08/06/2025 09:00 - 08/06/2025 10:00","Denmark (DK)","3847.41","3691.00"
"08/06/2025 10:00 - 08/06/2025 11:00","Denmark (DK)","4019.86","3919.00"
"08/06/2025 11:00 - 08/06/2025 12:00","Denmark (DK)","4225.39","4048.00"
"08/06/2025 12:00 - 08/06/2025 13:00","Denmark (DK)","4351.12","4048.00"
"08/06/2025 13:00 - 08/06/2025 14:00","Denmark (DK)","4372.11","4029.00"
"08/06/2025 14:00 - 08/06/2025 15:00","Denmark (DK)","4191.26","3989.00"
"08/06/2025 15:00 - 08/06/2025 16:00","Denmark (DK)","4389.15","4105.00"
"08/06/2025 16:00 - 08/06/2025 17:00","Denmark (DK)","4508.18","4087.00"
"08/06/2025 17:00 - 08/06/2025 18:00","Denmark (DK)","4562.23","4456.00"
"08/06/2025 18:00 - 08/06/2025 19:00","Denmark (DK)","4403.22","4377.00"
"08/06/2025 19:00 - 08/06/2025 20:00","Denmark (DK)","4077.50","4092.00"
"08/06/2025 20:00 - 08/06/2025 21:00","Denmark (DK)","3787.05","3841.00"
"08/06/2025 21:00 - 08/06/2025 22:00","Denmark (DK)","3594.57","3773.00"
"08/06/2025 22:00 - 08/06/2025 23:00","Denmark (DK)","3515.91","3728.00"
"08/06/2025 23:00 - 09/06/2025 00:00","Denmark (DK)","3409.82","3634.00"
"09/06/2025 00:00 - 09/06/2025 01:00","Denmark (DK)","3558.99","3490.00"
"09/06/2025 01:00 - 09/06/2025 02:00","Denmark (DK)","3531.64","3356.00"
"09/06/2025 02:00 - 09/06/2025 03:00","Denmark (DK)","3363.01","3274.00"
"09/06/2025 03:00 - 09/06/2025 04:00","Denmark (DK)","3224.61","3241.00"
"09/06/2025 04:00 - 09/06/2025 05:00","Denmark (DK)","3081.18","3205.00"
"09/06/2025 05:00 - 09/06/2025 06:00","Denmark (DK)","3014.25","3194.00"
"09/06/2025 06:00 - 09/06/2025 07:00","Denmark (DK)","3057.46","3122.00"
"09/06/2025 07:00 - 09/06/2025 08:00","Denmark (DK)","3361.99","3374.00"
"09/06/2025 08:00 - 09/06/2025 09:00","Denmark (DK)","3899.60","3663.00"
"09/06/2025 09:00 - 09/06/2025 10:00","Denmark (DK)","4155.27","3833.00"
"09/06/2025 10:00 - 09/06/2025 11:00","Denmark (DK)","4416.54","3979.00"
"09/06/2025 11:00 - 09/06/2025 12:00","Denmark (DK)","4590.31","4092.00"
"09/06/2025 12:00 - 09/06/2025 13:00","Denmark (DK)","4624.24","4146.00"
"09/06/2025 13:00 - 09/06/2025 14:00","Denmark (DK)","4654.44","4218.00"
"09/06/2025 14:00 - 09/06/2025 15:00","Denmark (DK)","4537.31","4183.00"
"09/06/2025 15:00 - 09/06/2025 16:00","Denmark (DK)","4296.13","4112.00"
"09/06/2025 16:00 - 09/06/2025 17:00","Denmark (DK)","4218.69","4034.00"
"09/06/2025 17:00 - 09/06/2025 18:00","Denmark (DK)","4373.59","4120.00"
"09/06/2025 18:00 - 09/06/2025 19:00","Denmark (DK)","4204.29","4053.00"
"09/06/2025 19:00 - 09/06/2025 20:00","Denmark (DK)","3900.53","3924.00"
"09/06/2025 20:00 - 09/06/2025 21:00","Denmark (DK)","3681.01","3795.00"
"09/06/2025 21:00 - 09/06/2025 22:00","Denmark (DK)","3561.36","3749.00"
"09/06/2025 22:00 - 09/06/2025 23:00","Denmark (DK)","3462.46","3717.00"
"09/06/2025 23:00 - 10/06/2025 00:00","Denmark (DK)","3315.45","3691.00"
"10/06/2025 00:00 - 10/06/2025 01:00","Denmark (DK)","3233.46","3327.00"
"10/06/2025 01:00 - 10/06/2025 02:00","Denmark (DK)","3219.29","3303.00"
"10/06/2025 02:00 - 10/06/2025 03:00","Denmark (DK)","3210.07","3320.00"
"10/06/2025 03:00 - 10/06/2025 04:00","Denmark (DK)","3225.51","3391.00"
"10/06/2025 04:00 - 10/06/2025 05:00","Denmark (DK)","3183.37","3340.00"
"10/06/2025 05:00 - 10/06/2025 06:00","Denmark (DK)","3295.10","3358.00"
"10/06/2025 06:00 - 10/06/2025 07:00","Denmark (DK)","3748.52","3608.00"
"10/06/2025 07:00 - 10/06/2025 08:00","Denmark (DK)","4356.98","4016.00"
"10/06/2025 08:00 - 10/06/2025 09:00","Denmark (DK)","4640.40","4343.00"
"10/06/2025 09:00 - 10/06/2025 10:00","Denmark (DK)","4805.57","4552.00"
"10/06/2025 10:00 - 10/06/2025 11:00","Denmark (DK)","5060.86","4617.00"
"10/06/2025 11:00 - 10/06/2025 12:00","Denmark (DK)","5057.05","4577.00"
"10/06/2025 12:00 - 10/06/2025 13:00","Denmark (DK)","5075.91","4545.00"
"10/06/2025 13:00 - 10/06/2025 14:00","Denmark (DK)","5063.11","4619.00"
"10/06/2025 14:00 - 10/06/2025 15:00","Denmark (DK)","4898.40","4584.00"
"10/06/2025 15:00 - 10/06/2025 16:00","Denmark (DK)","4670.19","4473.00"
"10/06/2025 16:00 - 10/06/2025 17:00","Denmark (DK)","4414.80","4363.00"
"10/06/2025 17:00 - 10/06/2025 18:00","Denmark (DK)","4538.88","4377.00"
"10/06/2025 18:00 - 10/06/2025 19:00","Denmark (DK)","4317.15","4246.00"
"10/06/2025 19:00 - 10/06/2025 20:00","Denmark (DK)","3973.32","4099.00"
"10/06/2025 20:00 - 10/06/2025 21:00","Denmark (DK)","3783.03","3997.00"
"10/06/2025 21:00 - 10/06/2025 22:00","Denmark (DK)","3733.69","3916.00"
"10/06/2025 22:00 - 10/06/2025 23:00","Denmark (DK)","3457.48","3849.00"
"10/06/2025 23:00 - 11/06/2025 00:00","Denmark (DK)","3283.49","3761.00"
"11/06/2025 00:00 - 11/06/2025 01:00","Denmark (DK)","3266.39","3487.00"
"11/06/2025 01:00 - 11/06/2025 02:00","Denmark (DK)","3284.07","3446.00"
"11/06/2025 02:00 - 11/06/2025 03:00","Denmark (DK)","3274.30","3352.00"
"11/06/2025 03:00 - 11/06/2025 04:00","Denmark (DK)","3119.51","3283.00"
"11/06/2025 04:00 - 11/06/2025 05:00","Denmark (DK)","2948.79","3251.00"
"11/06/2025 05:00 - 11/06/2025 06:00","Denmark (DK)","2946.78","3285.00"
"11/06/2025 06:00 - 11/06/2025 07:00","Denmark (DK)","3365.18","3564.00"
"11/06/2025 07:00 - 11/06/2025 08:00","Denmark (DK)","3750.66","3960.00"
"11/06/2025 08:00 - 11/06/2025 09:00","Denmark (DK)","3681.33","4200.00"
"11/06/2025 09:00 - 11/06/2025 10:00","Denmark (DK)","3503.70","4278.00"
"11/06/2025 10:00 - 11/06/2025 11:00","Denmark (DK)","3575.68","4419.00"
"11/06/2025 11:00 - 11/06/2025 12:00","Denmark (DK)","3694.03","4461.00"
"11/06/2025 12:00 - 11/06/2025 13:00","Denmark (DK)","4087.89","4475.00"
"11/06/2025 13:00 - 11/06/2025 14:00","Denmark (DK)","4189.74","4541.00"
"11/06/2025 14:00 - 11/06/2025 15:00","Denmark (DK)","4222.95","4403.00"
"11/06/2025 15:00 - 11/06/2025 16:00","Denmark (DK)","3999.27","4138.00"
"11/06/2025 16:00 - 11/06/2025 17:00","Denmark (DK)","3799.71","3991.00"
"11/06/2025 17:00 - 11/06/2025 18:00","Denmark (DK)","3567.64","4024.00"
"11/06/2025 18:00 - 11/06/2025 19:00","Denmark (DK)","3614.54","3879.00"
"11/06/2025 19:00 - 11/06/2025 20:00","Denmark (DK)","3660.50","3734.00"
"11/06/2025 20:00 - 11/06/2025 21:00","Denmark (DK)","3690.21","3617.00"
"11/06/2025 21:00 - 11/06/2025 22:00","Denmark (DK)","3705.51","3568.00"
"11/06/2025 22:00 - 11/06/2025 23:00","Denmark (DK)","3664.00","3534.00"
"11/06/2025 23:00 - 12/06/2025 00:00","Denmark (DK)","3501.13","3490.00"
"12/06/2025 00:00 - 12/06/2025 01:00","Denmark (DK)","3485.47","3727.00"
"12/06/2025 01:00 - 12/06/2025 02:00","Denmark (DK)","3492.54","3713.00"
"12/06/2025 02:00 - 12/06/2025 03:00","Denmark (DK)","3446.28","3636.00"
"12/06/2025 03:00 - 12/06/2025 04:00","Denmark (DK)","3321.26","3546.00"
"12/06/2025 04:00 - 12/06/2025 05:00","Denmark (DK)","3221.66","3546.00"
"12/06/2025 05:00 - 12/06/2025 06:00","Denmark (DK)","3291.37","3535.00"
"12/06/2025 06:00 - 12/06/2025 07:00","Denmark (DK)","3676.73","3724.00"
"12/06/2025 07:00 - 12/06/2025 08:00","Denmark (DK)","3968.80","4056.00"
"12/06/2025 08:00 - 12/06/2025 09:00","Denmark (DK)","3981.37","4322.00"
"12/06/2025 09:00 - 12/06/2025 10:00","Denmark (DK)","3837.87","4389.00"
"12/06/2025 10:00 - 12/06/2025 11:00","Denmark (DK)","4247.50","4521.00"
"12/06/2025 11:00 - 12/06/2025 12:00","Denmark (DK)","4113.16","4576.00"
"12/06/2025 12:00 - 12/06/2025 13:00","Denmark (DK)","4084.93","4544.00"
"12/06/2025 13:00 - 12/06/2025 14:00","Denmark (DK)","4030.96","4560.00"
"12/06/2025 14:00 - 12/06/2025 15:00","Denmark (DK)","3813.71","4487.00"
"12/06/2025 15:00 - 12/06/2025 16:00","Denmark (DK)","3792.17","4374.00"
"12/06/2025 16:00 - 12/06/2025 17:00","Denmark (DK)","4246.22","4323.00"
"12/06/2025 17:00 - 12/06/2025 18:00","Denmark (DK)","3749.67","4447.00"
"12/06/2025 18:00 - 12/06/2025 19:00","Denmark (DK)","3723.27","4274.00"
"12/06/2025 19:00 - 12/06/2025 20:00","Denmark (DK)","3684.84","4175.00"
"12/06/2025 20:00 - 12/06/2025 21:00","Denmark (DK)","3672.59","4149.00"
"12/06/2025 21:00 - 12/06/2025 22:00","Denmark (DK)","3615.54","4205.00"
"12/06/2025 22:00 - 12/06/2025 23:00","Denmark (DK)","3421.78","4158.00"
"12/06/2025 23:00 - 13/06/2025 00:00","Denmark (DK)","3242.37","3987.00"
"13/06/2025 00:00 - 13/06/2025 01:00","Denmark (DK)","3258.69","3628.00"
"13/06/2025 01:00 - 13/06/2025 02:00","Denmark (DK)","3313.71","3599.00"
"13/06/2025 02:00 - 13/06/2025 03:00","Denmark (DK)","3107.38","3615.00"
"13/06/2025 03:00 - 13/06/2025 04:00","Denmark (DK)","2902.43","3630.00"
"13/06/2025 04:00 - 13/06/2025 05:00","Denmark (DK)","2747.15","3572.00"
"13/06/2025 05:00 - 13/06/2025 06:00","Denmark (DK)","2736.22","3489.00"
"13/06/2025 06:00 - 13/06/2025 07:00","Denmark (DK)","3136.05","3660.00"
"13/06/2025 07:00 - 13/06/2025 08:00","Denmark (DK)","3434.55","3760.00"
"13/06/2025 08:00 - 13/06/2025 09:00","Denmark (DK)","3451.02","3819.00"
"13/06/2025 09:00 - 13/06/2025 10:00","Denmark (DK)","3475.91","3755.00"
"13/06/2025 10:00 - 13/06/2025 11:00","Denmark (DK)","3475.49","3677.00"
"13/06/2025 11:00 - 13/06/2025 12:00","Denmark (DK)","3466.81","3759.00"
"13/06/2025 12:00 - 13/06/2025 13:00","Denmark (DK)","3593.32","3526.00"
"13/06/2025 13:00 - 13/06/2025 14:00","Denmark (DK)","3771.26","3541.00"
"13/06/2025 14:00 - 13/06/2025 15:00","Denmark (DK)","3602.18","3618.00"
"13/06/2025 15:00 - 13/06/2025 16:00","Denmark (DK)","3393.51","3532.00"
"13/06/2025 16:00 - 13/06/2025 17:00","Denmark (DK)","3397.83","3461.00"
"13/06/2025 17:00 - 13/06/2025 18:00","Denmark (DK)","3130.82","3516.00"
"13/06/2025 18:00 - 13/06/2025 19:00","Denmark (DK)","3181.15","3427.00"
"13/06/2025 19:00 - 13/06/2025 20:00","Denmark (DK)","3266.70","3246.00"
"13/06/2025 20:00 - 13/06/2025 21:00","Denmark (DK)","3272.50","3070.00"
"13/06/2025 21:00 - 13/06/2025 22:00","Denmark (DK)","3296.60","2926.00"
"13/06/2025 22:00 - 13/06/2025 23:00","Denmark (DK)","3176.00","2820.00"
"13/06/2025 23:00 - 14/06/2025 00:00","Denmark (DK)","3030.21","2699.00"
"14/06/2025 00:00 - 14/06/2025 01:00","Denmark (DK)","2941.47","2995.00"
"14/06/2025 01:00 - 14/06/2025 02:00","Denmark (DK)","2791.69","2868.00"
"14/06/2025 02:00 - 14/06/2025 03:00","Denmark (DK)","2694.38","2783.00"
"14/06/2025 03:00 - 14/06/2025 04:00","Denmark (DK)","2619.70","2723.00"
"14/06/2025 04:00 - 14/06/2025 05:00","Denmark (DK)","2495.31","2663.00"
"14/06/2025 05:00 - 14/06/2025 06:00","Denmark (DK)","2454.92","2668.00"
"14/06/2025 06:00 - 14/06/2025 07:00","Denmark (DK)","2503.66","2603.00"
"14/06/2025 07:00 - 14/06/2025 08:00","Denmark (DK)","2604.71","2844.00"
"14/06/2025 08:00 - 14/06/2025 09:00","Denmark (DK)","2755.97","3165.00"
"14/06/2025 09:00 - 14/06/2025 10:00","Denmark (DK)","3008.35","3432.00"
"14/06/2025 10:00 - 14/06/2025 11:00","Denmark (DK)","3259.33","3565.00"
"14/06/2025 11:00 - 14/06/2025 12:00","Denmark (DK)","3523.32","3606.00"
"14/06/2025 12:00 - 14/06/2025 13:00","Denmark (DK)","3754.94","3669.00"
"14/06/2025 13:00 - 14/06/2025 14:00","Denmark (DK)","3797.33","3697.00"
"14/06/2025 14:00 - 14/06/2025 15:00","Denmark (DK)","3671.72","3669.00"
"14/06/2025 15:00 - 14/06/2025 16:00","Denmark (DK)","3499.88","3575.00"
"14/06/2025 16:00 - 14/06/2025 17:00","Denmark (DK)","2986.18","3511.00"
"14/06/2025 17:00 - 14/06/2025 18:00","Denmark (DK)","2958.47","3555.00"
"14/06/2025 18:00 - 14/06/2025 19:00","Denmark (DK)","2959.56","3477.00"
"14/06/2025 19:00 - 14/06/2025 20:00","Denmark (DK)","3002.15","3232.00"
"14/06/2025 20:00 - 14/06/2025 21:00","Denmark (DK)","3030.17","3033.00"
"14/06/2025 21:00 - 14/06/2025 22:00","Denmark (DK)","2984.10","2846.00"
"14/06/2025 22:00 - 14/06/2025 23:00","Denmark (DK)","2928.72","2789.00"
"14/06/2025 23:00 - 15/06/2025 00:00","Denmark (DK)","2922.87","2739.00"
"15/06/2025 00:00 - 15/06/2025 01:00","Denmark (DK)","2921.21","2925.00"
"15/06/2025 01:00 - 15/06/2025 02:00","Denmark (DK)","2807.99","2878.00"
"15/06/2025 02:00 - 15/06/2025 03:00","Denmark (DK)","2727.22","2922.00"
"15/06/2025 03:00 - 15/06/2025 04:00","Denmark (DK)","2629.03","2834.00"
"15/06/2025 04:00 - 15/06/2025 05:00","Denmark (DK)","2593.59","2776.00"
"15/06/2025 05:00 - 15/06/2025 06:00","Denmark (DK)","2576.10","2717.00"
"15/06/2025 06:00 - 15/06/2025 07:00","Denmark (DK)","2685.02","2594.00"
"15/06/2025 07:00 - 15/06/2025 08:00","Denmark (DK)","2859.13","2857.00"
"15/06/2025 08:00 - 15/06/2025 09:00","Denmark (DK)","3063.12","3167.00"
"15/06/2025 09:00 - 15/06/2025 10:00","Denmark (DK)","3344.34","3407.00"
"15/06/2025 10:00 - 15/06/2025 11:00","Denmark (DK)","3546.34","3588.00"
"15/06/2025 11:00 - 15/06/2025 12:00","Denmark (DK)","3605.68","3689.00"
"15/06/2025 12:00 - 15/06/2025 13:00","Denmark (DK)","3930.50","3743.00"
"15/06/2025 13:00 - 15/06/2025 14:00","Denmark (DK)","3982.22","3846.00"
"15/06/2025 14:00 - 15/06/2025 15:00","Denmark (DK)","3917.61","3834.00"
"15/06/2025 15:00 - 15/06/2025 16:00","Denmark (DK)","3824.60","3807.00"
"15/06/2025 16:00 - 15/06/2025 17:00","Denmark (DK)","3760.53","3734.00"
"15/06/2025 17:00 - 15/06/2025 18:00","Denmark (DK)","3786.28","3784.00"
"15/06/2025 18:00 - 15/06/2025 19:00","Denmark (DK)","3735.00","3638.00"
"15/06/2025 19:00 - 15/06/2025 20:00","Denmark (DK)","3633.34","3436.00"
"15/06/2025 20:00 - 15/06/2025 21:00","Denmark (DK)","3526.22","3308.00"
"15/06/2025 21:00 - 15/06/2025 22:00","Denmark (DK)","3322.29","3183.00"
"15/06/2025 22:00 - 15/06/2025 23:00","Denmark (DK)","3276.56","3074.00"
"15/06/2025 23:00 - 16/06/2025 00:00","Denmark (DK)","3094.94","2969.00"
"16/06/2025 00:00 - 16/06/2025 01:00","Denmark (DK)","2998.77","3014.00"
"16/06/2025 01:00 - 16/06/2025 02:00","Denmark (DK)","3018.62","2981.00"
"16/06/2025 02:00 - 16/06/2025 03:00","Denmark (DK)","2951.31","2901.00"
"16/06/2025 03:00 - 16/06/2025 04:00","Denmark (DK)","2897.25","2840.00"
"16/06/2025 04:00 - 16/06/2025 05:00","Denmark (DK)","2891.05","2791.00"
"16/06/2025 05:00 - 16/06/2025 06:00","Denmark (DK)","2893.91","2916.00"
"16/06/2025 06:00 - 16/06/2025 07:00","Denmark (DK)","3239.79","3257.00"
"16/06/2025 07:00 - 16/06/2025 08:00","Denmark (DK)","3695.37","3703.00"
"16/06/2025 08:00 - 16/06/2025 09:00","Denmark (DK)","3819.37","3985.00"
"16/06/2025 09:00 - 16/06/2025 10:00","Denmark (DK)","3778.29","4074.00"
"16/06/2025 10:00 - 16/06/2025 11:00","Denmark (DK)","3750.72","3969.00"
"16/06/2025 11:00 - 16/06/2025 12:00","Denmark (DK)","3768.68","4132.00"
"16/06/2025 12:00 - 16/06/2025 13:00","Denmark (DK)","3871.31","4233.00"
"16/06/2025 13:00 - 16/06/2025 14:00","Denmark (DK)","3910.07","4290.00"
"16/06/2025 14:00 - 16/06/2025 15:00","Denmark (DK)","3776.95","3945.00"
"16/06/2025 15:00 - 16/06/2025 16:00","Denmark (DK)","3707.37","3879.00"
"16/06/2025 16:00 - 16/06/2025 17:00","Denmark (DK)","3605.00","3914.00"
"16/06/2025 17:00 - 16/06/2025 18:00","Denmark (DK)","3708.21","4025.00"
"16/06/2025 18:00 - 16/06/2025 19:00","Denmark (DK)","3819.12","3858.00"
"16/06/2025 19:00 - 16/06/2025 20:00","Denmark (DK)","3777.36","3673.00"
"16/06/2025 20:00 - 16/06/2025 21:00","Denmark (DK)","3634.87","3543.00"
"16/06/2025 21:00 - 16/06/2025 22:00","Denmark (DK)","3558.07","3441.00"
"16/06/2025 22:00 - 16/06/2025 23:00","Denmark (DK)","3478.31","3395.00"
"16/06/2025 23:00 - 17/06/2025 00:00","Denmark (DK)","3345.31","3305.00"
"17/06/2025 00:00 - 17/06/2025 01:00","Denmark (DK)","3241.83","3425.00"
"17/06/2025 01:00 - 17/06/2025 02:00","Denmark (DK)","3210.63","3373.00"
"17/06/2025 02:00 - 17/06/2025 03:00","Denmark (DK)","3199.07","3334.00"
"17/06/2025 03:00 - 17/06/2025 04:00","Denmark (DK)","3201.23","3330.00"
"17/06/2025 04:00 - 17/06/2025 05:00","Denmark (DK)","3046.26","3316.00"
"17/06/2025 05:00 - 17/06/2025 06:00","Denmark (DK)","3044.67","3354.00"
"17/06/2025 06:00 - 17/06/2025 07:00","Denmark (DK)","3389.65","3644.00"
"17/06/2025 07:00 - 17/06/2025 08:00","Denmark (DK)","3716.45","3939.00"
"17/06/2025 08:00 - 17/06/2025 09:00","Denmark (DK)","3794.26","3972.00"
"17/06/2025 09:00 - 17/06/2025 10:00","Denmark (DK)","4155.42","4078.00"
"17/06/2025 10:00 - 17/06/2025 11:00","Denmark (DK)","4685.20","4318.00"
"17/06/2025 11:00 - 17/06/2025 12:00","Denmark (DK)","4983.23","4331.00"
"17/06/2025 12:00 - 17/06/2025 13:00","Denmark (DK)","4990.00","4272.00"
"17/06/2025 13:00 - 17/06/2025 14:00","Denmark (DK)","5273.08","4333.00"
"17/06/2025 14:00 - 17/06/2025 15:00","Denmark (DK)","5208.84","4806.00"
"17/06/2025 15:00 - 17/06/2025 16:00","Denmark (DK)","5024.16","4877.00"
"17/06/2025 16:00 - 17/06/2025 17:00","Denmark (DK)","4999.72","4676.00"
"17/06/2025 17:00 - 17/06/2025 18:00","Denmark (DK)","4970.92","4542.00"
"17/06/2025 18:00 - 17/06/2025 19:00","Denmark (DK)","4674.35","4353.00"
"17/06/2025 19:00 - 17/06/2025 20:00","Denmark (DK)","4318.50","4157.00"
"17/06/2025 20:00 - 17/06/2025 21:00","Denmark (DK)","4101.14","4016.00"
"17/06/2025 21:00 - 17/06/2025 22:00","Denmark (DK)","3931.36","3907.00"
"17/06/2025 22:00 - 17/06/2025 23:00","Denmark (DK)","3817.43","3850.00"
"17/06/2025 23:00 - 18/06/2025 00:00","Denmark (DK)","3649.60","3770.00"
"18/06/2025 00:00 - 18/06/2025 01:00","Denmark (DK)","3570.79","3675.00"
"18/06/2025 01:00 - 18/06/2025 02:00","Denmark (DK)","3524.98","3542.00"
"18/06/2025 02:00 - 18/06/2025 03:00","Denmark (DK)","3375.54","3436.00"
"18/06/2025 03:00 - 18/06/2025 04:00","Denmark (DK)","3346.56","3404.00"
"18/06/2025 04:00 - 18/06/2025 05:00","Denmark (DK)","3189.55","3387.00"
"18/06/2025 05:00 - 18/06/2025 06:00","Denmark (DK)","3330.84","3419.00"
"18/06/2025 06:00 - 18/06/2025 07:00","Denmark (DK)","3680.78","3725.00"
"18/06/2025 07:00 - 18/06/2025 08:00","Denmark (DK)","4154.44","4035.00"
"18/06/2025 08:00 - 18/06/2025 09:00","Denmark (DK)","4414.85","4264.00"
"18/06/2025 09:00 - 18/06/2025 10:00","Denmark (DK)","4458.46","4357.00"
"18/06/2025 10:00 - 18/06/2025 11:00","Denmark (DK)","4608.43","4562.00"
"18/06/2025 11:00 - 18/06/2025 12:00","Denmark (DK)","4825.42","4554.00"
"18/06/2025 12:00 - 18/06/2025 13:00","Denmark (DK)","4870.46","4491.00"
"18/06/2025 13:00 - 18/06/2025 14:00","Denmark (DK)","4930.76","4716.00"
"18/06/2025 14:00 - 18/06/2025 15:00","Denmark (DK)","4861.73","4645.00"
"18/06/2025 15:00 - 18/06/2025 16:00","Denmark (DK)","4696.97","4381.00"
"18/06/2025 16:00 - 18/06/2025 17:00","Denmark (DK)","4771.63","4252.00"
"18/06/2025 17:00 - 18/06/2025 18:00","Denmark (DK)","4783.63","4333.00"
"18/06/2025 18:00 - 18/06/2025 19:00","Denmark (DK)","4565.59","4229.00"
"18/06/2025 19:00 - 18/06/2025 20:00","Denmark (DK)","4293.90","4096.00"
"18/06/2025 20:00 - 18/06/2025 21:00","Denmark (DK)","4133.81","4023.00"
"18/06/2025 21:00 - 18/06/2025 22:00","Denmark (DK)","3913.77","3957.00"
"18/06/2025 22:00 - 18/06/2025 23:00","Denmark (DK)","3763.83","3915.00"
"18/06/2025 23:00 - 19/06/2025 00:00","Denmark (DK)","3766.37","3819.00"
"19/06/2025 00:00 - 19/06/2025 01:00","Denmark (DK)","3564.68","3588.00"
"19/06/2025 01:00 - 19/06/2025 02:00","Denmark (DK)","3518.29","3461.00"
"19/06/2025 02:00 - 19/06/2025 03:00","Denmark (DK)","3375.06","3395.00"
"19/06/2025 03:00 - 19/06/2025 04:00","Denmark (DK)","3446.90","3381.00"
"19/06/2025 04:00 - 19/06/2025 05:00","Denmark (DK)","3420.28","3340.00"
"19/06/2025 05:00 - 19/06/2025 06:00","Denmark (DK)","3473.07","3359.00"
"19/06/2025 06:00 - 19/06/2025 07:00","Denmark (DK)","3861.13","3652.00"
"19/06/2025 07:00 - 19/06/2025 08:00","Denmark (DK)","4392.06","4100.00"
"19/06/2025 08:00 - 19/06/2025 09:00","Denmark (DK)","4738.14","4343.00"
"19/06/2025 09:00 - 19/06/2025 10:00","Denmark (DK)","4825.96","4372.00"
"19/06/2025 10:00 - 19/06/2025 11:00","Denmark (DK)","4959.51","4467.00"
"19/06/2025 11:00 - 19/06/2025 12:00","Denmark (DK)","5196.49","4491.00"
"19/06/2025 12:00 - 19/06/2025 13:00","Denmark (DK)","5134.54","4470.00"
"19/06/2025 13:00 - 19/06/2025 14:00","Denmark (DK)","4998.20","4521.00"
"19/06/2025 14:00 - 19/06/2025 15:00","Denmark (DK)","4876.89","4456.00"
"19/06/2025 15:00 - 19/06/2025 16:00","Denmark (DK)","4860.31","4421.00"
"19/06/2025 16:00 - 19/06/2025 17:00","Denmark (DK)","4755.38","4409.00"
"19/06/2025 17:00 - 19/06/2025 18:00","Denmark (DK)","4780.22","4483.00"
"19/06/2025 18:00 - 19/06/2025 19:00","Denmark (DK)","4651.08","4356.00"
"19/06/2025 19:00 - 19/06/2025 20:00","Denmark (DK)","4421.07","4177.00"
"19/06/2025 20:00 - 19/06/2025 21:00","Denmark (DK)","4176.15","4104.00"
"19/06/2025 21:00 - 19/06/2025 22:00","Denmark (DK)","3931.32","4104.00"
"19/06/2025 22:00 - 19/06/2025 23:00","Denmark (DK)","3854.57","4021.00"
"19/06/2025 23:00 - 20/06/2025 00:00","Denmark (DK)","3716.80","3848.00"
"20/06/2025 00:00 - 20/06/2025 01:00","Denmark (DK)","3609.19","4080.00"
"20/06/2025 01:00 - 20/06/2025 02:00","Denmark (DK)","3590.90","3925.00"
"20/06/2025 02:00 - 20/06/2025 03:00","Denmark (DK)","3495.96","3807.00"
"20/06/2025 03:00 - 20/06/2025 04:00","Denmark (DK)","3296.50","3737.00"
"20/06/2025 04:00 - 20/06/2025 05:00","Denmark (DK)","3188.03","3670.00"
"20/06/2025 05:00 - 20/06/2025 06:00","Denmark (DK)","3217.20","3652.00"
"20/06/2025 06:00 - 20/06/2025 07:00","Denmark (DK)","3704.55","3929.00"
"20/06/2025 07:00 - 20/06/2025 08:00","Denmark (DK)","4167.03","4298.00"
"20/06/2025 08:00 - 20/06/2025 09:00","Denmark (DK)","4467.29","4526.00"
"20/06/2025 09:00 - 20/06/2025 10:00","Denmark (DK)","4522.41","4596.00"
"20/06/2025 10:00 - 20/06/2025 11:00","Denmark (DK)","4761.41","4674.00"
"20/06/2025 11:00 - 20/06/2025 12:00","Denmark (DK)","4842.37","4684.00"
"20/06/2025 12:00 - 20/06/2025 13:00","Denmark (DK)","4830.24","4612.00"
"20/06/2025 13:00 - 20/06/2025 14:00","Denmark (DK)","4728.92","4531.00"
"20/06/2025 14:00 - 20/06/2025 15:00","Denmark (DK)","4530.91","4494.00"
"20/06/2025 15:00 - 20/06/2025 16:00","Denmark (DK)","4390.31","4400.00"
"20/06/2025 16:00 - 20/06/2025 17:00","Denmark (DK)","4260.37","4418.00"
"20/06/2025 17:00 - 20/06/2025 18:00","Denmark (DK)","4261.09","4390.00"
"20/06/2025 18:00 - 20/06/2025 19:00","Denmark (DK)","4155.14","4251.00"
"20/06/2025 19:00 - 20/06/2025 20:00","Denmark (DK)","4000.98","4077.00"
"20/06/2025 20:00 - 20/06/2025 21:00","Denmark (DK)","3826.05","3994.00"
"20/06/2025 21:00 - 20/06/2025 22:00","Denmark (DK)","3695.12","3937.00"
"20/06/2025 22:00 - 20/06/2025 23:00","Denmark (DK)","3548.02","3861.00"
"20/06/2025 23:00 - 21/06/2025 00:00","Denmark (DK)","3437.98","3721.00"
"21/06/2025 00:00 - 21/06/2025 01:00","Denmark (DK)","3325.83","3426.00"
"21/06/2025 01:00 - 21/06/2025 02:00","Denmark (DK)","3264.50","3232.00"
"21/06/2025 02:00 - 21/06/2025 03:00","Denmark (DK)","3206.03","3109.00"
"21/06/2025 03:00 - 21/06/2025 04:00","Denmark (DK)","3115.44","3031.00"
"21/06/2025 04:00 - 21/06/2025 05:00","Denmark (DK)","2981.65","2981.00"
"21/06/2025 05:00 - 21/06/2025 06:00","Denmark (DK)","2985.18","2997.00"
"21/06/2025 06:00 - 21/06/2025 07:00","Denmark (DK)","3058.14","2998.00"
"21/06/2025 07:00 - 21/06/2025 08:00","Denmark (DK)","3316.48","3203.00"
"21/06/2025 08:00 - 21/06/2025 09:00","Denmark (DK)","3603.22","3461.00"
"21/06/2025 09:00 - 21/06/2025 10:00","Denmark (DK)","3887.27","3725.00"
"21/06/2025 10:00 - 21/06/2025 11:00","Denmark (DK)","4127.32","3950.00"
"21/06/2025 11:00 - 21/06/2025 12:00","Denmark (DK)","4257.59","4032.00"
"21/06/2025 12:00 - 21/06/2025 13:00","Denmark (DK)","4399.18","4083.00"
"21/06/2025 13:00 - 21/06/2025 14:00","Denmark (DK)","4522.34","4182.00"
"21/06/2025 14:00 - 21/06/2025 15:00","Denmark (DK)","4398.98","4108.00"
"21/06/2025 15:00 - 21/06/2025 16:00","Denmark (DK)","4118.20","3999.00"
"21/06/2025 16:00 - 21/06/2025 17:00","Denmark (DK)","3999.45","3950.00"
"21/06/2025 17:00 - 21/06/2025 18:00","Denmark (DK)","3946.66","3964.00"
"21/06/2025 18:00 - 21/06/2025 19:00","Denmark (DK)","3859.48","3871.00"
"21/06/2025 19:00 - 21/06/2025 20:00","Denmark (DK)","3713.30","3732.00"
"21/06/2025 20:00 - 21/06/2025 21:00","Denmark (DK)","3599.07","3595.00"
"21/06/2025 21:00 - 21/06/2025 22:00","Denmark (DK)","3476.60","3492.00"
"21/06/2025 22:00 - 21/06/2025 23:00","Denmark (DK)","3421.76","3397.00"
"21/06/2025 23:00 - 22/06/2025 00:00","Denmark (DK)","3288.43","3296.00"
"22/06/2025 00:00 - 22/06/2025 01:00","Denmark (DK)","3149.27","3190.00"
"22/06/2025 01:00 - 22/06/2025 02:00","Denmark (DK)","3014.41","3121.00"
"22/06/2025 02:00 - 22/06/2025 03:00","Denmark (DK)","2894.43","3085.00"
"22/06/2025 03:00 - 22/06/2025 04:00","Denmark (DK)","2915.09","3045.00"
"22/06/2025 04:00 - 22/06/2025 05:00","Denmark (DK)","2884.60","2995.00"
"22/06/2025 05:00 - 22/06/2025 06:00","Denmark (DK)","2823.88","2968.00"
"22/06/2025 06:00 - 22/06/2025 07:00","Denmark (DK)","2896.14","3078.00"
"22/06/2025 07:00 - 22/06/2025 08:00","Denmark (DK)","3213.19","3332.00"
"22/06/2025 08:00 - 22/06/2025 09:00","Denmark (DK)","3570.66","3715.00"
"22/06/2025 09:00 - 22/06/2025 10:00","Denmark (DK)","3809.19","3857.00"
"22/06/2025 10:00 - 22/06/2025 11:00","Denmark (DK)","4171.60","4072.00"
"22/06/2025 11:00 - 22/06/2025 12:00","Denmark (DK)","4324.21","4157.00"
"22/06/2025 12:00 - 22/06/2025 13:00","Denmark (DK)","4275.22","4220.00"
"22/06/2025 13:00 - 22/06/2025 14:00","Denmark (DK)","4260.84","4202.00"
"22/06/2025 14:00 - 22/06/2025 15:00","Denmark (DK)","4308.87","4226.00"
"22/06/2025 15:00 - 22/06/2025 16:00","Denmark (DK)","4299.14","4196.00"
"22/06/2025 16:00 - 22/06/2025 17:00","Denmark (DK)","4300.66","4247.00"
"22/06/2025 17:00 - 22/06/2025 18:00","Denmark (DK)","4270.77","4281.00"
"22/06/2025 18:00 - 22/06/2025 19:00","Denmark (DK)","4355.89","4121.00"
"22/06/2025 19:00 - 22/06/2025 20:00","Denmark (DK)","4189.74","3897.00"
"22/06/2025 20:00 - 22/06/2025 21:00","Denmark (DK)","3905.48","3747.00"
"22/06/2025 21:00 - 22/06/2025 22:00","Denmark (DK)","3627.15","3621.00"
"22/06/2025 22:00 - 22/06/2025 23:00","Denmark (DK)","3465.74","3560.00"
"22/06/2025 23:00 - 23/06/2025 00:00","Denmark (DK)","3415.71","3481.00"
"23/06/2025 00:00 - 23/06/2025 01:00","Denmark (DK)","3350.94","3377.00"
"23/06/2025 01:00 - 23/06/2025 02:00","Denmark (DK)","3327.92","3296.00"
"23/06/2025 02:00 - 23/06/2025 03:00","Denmark (DK)","3420.01","3251.00"
"23/06/2025 03:00 - 23/06/2025 04:00","Denmark (DK)","3266.54","3224.00"
"23/06/2025 04:00 - 23/06/2025 05:00","Denmark (DK)","3191.04","3192.00"
"23/06/2025 05:00 - 23/06/2025 06:00","Denmark (DK)","3250.74","3297.00"
"23/06/2025 06:00 - 23/06/2025 07:00","Denmark (DK)","3594.47","3710.00"
"23/06/2025 07:00 - 23/06/2025 08:00","Denmark (DK)","4161.40","4154.00"
"23/06/2025 08:00 - 23/06/2025 09:00","Denmark (DK)","4592.61","4400.00"
"23/06/2025 09:00 - 23/06/2025 10:00","Denmark (DK)","4744.40","4506.00"
"23/06/2025 10:00 - 23/06/2025 11:00","Denmark (DK)","4955.94","4650.00"
"23/06/2025 11:00 - 23/06/2025 12:00","Denmark (DK)","4992.39","4711.00"
"23/06/2025 12:00 - 23/06/2025 13:00","Denmark (DK)","5060.81","4691.00"
"23/06/2025 13:00 - 23/06/2025 14:00","Denmark (DK)","5157.19","4721.00"
"23/06/2025 14:00 - 23/06/2025 15:00","Denmark (DK)","5075.15","4656.00"
"23/06/2025 15:00 - 23/06/2025 16:00","Denmark (DK)","4960.59","4494.00"
"23/06/2025 16:00 - 23/06/2025 17:00","Denmark (DK)","4839.53","4456.00"
"23/06/2025 17:00 - 23/06/2025 18:00","Denmark (DK)","4874.95","4564.00"
"23/06/2025 18:00 - 23/06/2025 19:00","Denmark (DK)","4623.78","4442.00"
"23/06/2025 19:00 - 23/06/2025 20:00","Denmark (DK)","4384.28","4244.00"
"23/06/2025 20:00 - 23/06/2025 21:00","Denmark (DK)","4172.21","4145.00"
"23/06/2025 21:00 - 23/06/2025 22:00","Denmark (DK)","4067.55","4028.00"
"23/06/2025 22:00 - 23/06/2025 23:00","Denmark (DK)","3923.49","3981.00"
"23/06/2025 23:00 - 24/06/2025 00:00","Denmark (DK)","3816.03","3903.00"
"24/06/2025 00:00 - 24/06/2025 01:00","Denmark (DK)","4014.70","3958.00"
"24/06/2025 01:00 - 24/06/2025 02:00","Denmark (DK)","3881.48","3820.00"
"24/06/2025 02:00 - 24/06/2025 03:00","Denmark (DK)","3667.32","3707.00"
"24/06/2025 03:00 - 24/06/2025 04:00","Denmark (DK)","3522.03","3664.00"
"24/06/2025 04:00 - 24/06/2025 05:00","Denmark (DK)","3418.17","3580.00"
"24/06/2025 05:00 - 24/06/2025 06:00","Denmark (DK)","3474.13","3657.00"
"24/06/2025 06:00 - 24/06/2025 07:00","Denmark (DK)","3916.32","3994.00"
"24/06/2025 07:00 - 24/06/2025 08:00","Denmark (DK)","4340.89","4239.00"
"24/06/2025 08:00 - 24/06/2025 09:00","Denmark (DK)","4663.25","4523.00"
"24/06/2025 09:00 - 24/06/2025 10:00","Denmark (DK)","4829.75","4718.00"
"24/06/2025 10:00 - 24/06/2025 11:00","Denmark (DK)","4991.50","4805.00"
"24/06/2025 11:00 - 24/06/2025 12:00","Denmark (DK)","5018.82","4921.00"
"24/06/2025 12:00 - 24/06/2025 13:00","Denmark (DK)","5083.36","4867.00"
"24/06/2025 13:00 - 24/06/2025 14:00","Denmark (DK)","4980.69","5016.00"
"24/06/2025 14:00 - 24/06/2025 15:00","Denmark (DK)","4865.04","4944.00"
"24/06/2025 15:00 - 24/06/2025 16:00","Denmark (DK)","4686.43","4705.00"
"24/06/2025 16:00 - 24/06/2025 17:00","Denmark (DK)","4744.66","4532.00"
"24/06/2025 17:00 - 24/06/2025 18:00","Denmark (DK)","4868.63","4524.00"
"24/06/2025 18:00 - 24/06/2025 19:00","Denmark (DK)","4704.06","4392.00"
"24/06/2025 19:00 - 24/06/2025 20:00","Denmark (DK)","4404.50","4308.00"
"24/06/2025 20:00 - 24/06/2025 21:00","Denmark (DK)","4122.20","4325.00"
"24/06/2025 21:00 - 24/06/2025 22:00","Denmark (DK)","3948.71","4328.00"
"24/06/2025 22:00 - 24/06/2025 23:00","Denmark (DK)","3776.76","4321.00"
"24/06/2025 23:00 - 25/06/2025 00:00","Denmark (DK)","3706.82","4267.00"
"25/06/2025 00:00 - 25/06/2025 01:00","Denmark (DK)","3655.48","4299.00"
"25/06/2025 01:00 - 25/06/2025 02:00","Denmark (DK)","3642.75","4153.00"
"25/06/2025 02:00 - 25/06/2025 03:00","Denmark (DK)","3498.51","4000.00"
"25/06/2025 03:00 - 25/06/2025 04:00","Denmark (DK)","3339.26","3913.00"
"25/06/2025 04:00 - 25/06/2025 05:00","Denmark (DK)","3337.98","3796.00"
"25/06/2025 05:00 - 25/06/2025 06:00","Denmark (DK)","3418.19","3801.00"
"25/06/2025 06:00 - 25/06/2025 07:00","Denmark (DK)","3729.60","3799.00"
"25/06/2025 07:00 - 25/06/2025 08:00","Denmark (DK)","4266.62","4127.00"
"25/06/2025 08:00 - 25/06/2025 09:00","Denmark (DK)","4610.25","4371.00"
"25/06/2025 09:00 - 25/06/2025 10:00","Denmark (DK)","4722.26","4447.00"
"25/06/2025 10:00 - 25/06/2025 11:00","Denmark (DK)","4911.75","4543.00"
"25/06/2025 11:00 - 25/06/2025 12:00","Denmark (DK)","4929.46","4631.00"
"25/06/2025 12:00 - 25/06/2025 13:00","Denmark (DK)","4860.71","4652.00"
"25/06/2025 13:00 - 25/06/2025 14:00","Denmark (DK)","4898.15","4691.00"
"25/06/2025 14:00 - 25/06/2025 15:00","Denmark (DK)","4746.58","4628.00"
"25/06/2025 15:00 - 25/06/2025 16:00","Denmark (DK)","4518.09","4447.00"
"25/06/2025 16:00 - 25/06/2025 17:00","Denmark (DK)","4626.50","4309.00"
"25/06/2025 17:00 - 25/06/2025 18:00","Denmark (DK)","4637.36","4306.00"
"25/06/2025 18:00 - 25/06/2025 19:00","Denmark (DK)","4480.88","4151.00"
"25/06/2025 19:00 - 25/06/2025 20:00","Denmark (DK)","4197.50","4028.00"
"25/06/2025 20:00 - 25/06/2025 21:00","Denmark (DK)","3950.10","3983.00"
"25/06/2025 21:00 - 25/06/2025 22:00","Denmark (DK)","3730.10","3954.00"
"25/06/2025 22:00 - 25/06/2025 23:00","Denmark (DK)","3668.25","3920.00"
"25/06/2025 23:00 - 26/06/2025 00:00","Denmark (DK)","3554.30","3856.00"
"26/06/2025 00:00 - 26/06/2025 01:00","Denmark (DK)","3440.38","3595.00"
"26/06/2025 01:00 - 26/06/2025 02:00","Denmark (DK)","3430.47","3392.00"
"26/06/2025 02:00 - 26/06/2025 03:00","Denmark (DK)","3382.95","3343.00"
"26/06/2025 03:00 - 26/06/2025 04:00","Denmark (DK)","3340.60","3353.00"
"26/06/2025 04:00 - 26/06/2025 05:00","Denmark (DK)","3251.50","3300.00"
"26/06/2025 05:00 - 26/06/2025 06:00","Denmark (DK)","3296.70","3303.00"
"26/06/2025 06:00 - 26/06/2025 07:00","Denmark (DK)","3667.10","3548.00"
"26/06/2025 07:00 - 26/06/2025 08:00","Denmark (DK)","4134.72","3970.00"
"26/06/2025 08:00 - 26/06/2025 09:00","Denmark (DK)","4357.29","4249.00"
"26/06/2025 09:00 - 26/06/2025 10:00","Denmark (DK)","4443.94","4347.00"
"26/06/2025 10:00 - 26/06/2025 11:00","Denmark (DK)","4510.20","4456.00"
"26/06/2025 11:00 - 26/06/2025 12:00","Denmark (DK)","4588.68","4529.00"
"26/06/2025 12:00 - 26/06/2025 13:00","Denmark (DK)","4513.72","4533.00"
"26/06/2025 13:00 - 26/06/2025 14:00","Denmark (DK)","4653.46","4559.00"
"26/06/2025 14:00 - 26/06/2025 15:00","Denmark (DK)","4681.60","4493.00"
"26/06/2025 15:00 - 26/06/2025 16:00","Denmark (DK)","4645.06","4326.00"
"26/06/2025 16:00 - 26/06/2025 17:00","Denmark (DK)","4597.05","4234.00"
"26/06/2025 17:00 - 26/06/2025 18:00","Denmark (DK)","4710.64","4315.00"
"26/06/2025 18:00 - 26/06/2025 19:00","Denmark (DK)","4584.99","4199.00"
"26/06/2025 19:00 - 26/06/2025 20:00","Denmark (DK)","4384.72","4100.00"
"26/06/2025 20:00 - 26/06/2025 21:00","Denmark (DK)","4135.49","4076.00"
"26/06/2025 21:00 - 26/06/2025 22:00","Denmark (DK)","3939.22","4070.00"
"26/06/2025 22:00 - 26/06/2025 23:00","Denmark (DK)","3778.50","4024.00"
"26/06/2025 23:00 - 27/06/2025 00:00","Denmark (DK)","3590.72","3919.00"
"27/06/2025 00:00 - 27/06/2025 01:00","Denmark (DK)","3523.32","3605.00"
"27/06/2025 01:00 - 27/06/2025 02:00","Denmark (DK)","3499.13","3514.00"
"27/06/2025 02:00 - 27/06/2025 03:00","Denmark (DK)","3494.85","3467.00"
"27/06/2025 03:00 - 27/06/2025 04:00","Denmark (DK)","3465.90","3366.00"
"27/06/2025 04:00 - 27/06/2025 05:00","Denmark (DK)","3413.86","3265.00"
"27/06/2025 05:00 - 27/06/2025 06:00","Denmark (DK)","3423.32","3284.00"
"27/06/2025 06:00 - 27/06/2025 07:00","Denmark (DK)","3735.50","3536.00"
"27/06/2025 07:00 - 27/06/2025 08:00","Denmark (DK)","4244.24","3897.00"
"27/06/2025 08:00 - 27/06/2025 09:00","Denmark (DK)","4523.75","4126.00"
"27/06/2025 09:00 - 27/06/2025 10:00","Denmark (DK)","4739.94","4217.00"
"27/06/2025 10:00 - 27/06/2025 11:00","Denmark (DK)","4902.82","4317.00"
"27/06/2025 11:00 - 27/06/2025 12:00","Denmark (DK)","4869.57","4373.00"
"27/06/2025 12:00 - 27/06/2025 13:00","Denmark (DK)","4809.38","4382.00"
"27/06/2025 13:00 - 27/06/2025 14:00","Denmark (DK)","4783.05","4345.00"
"27/06/2025 14:00 - 27/06/2025 15:00","Denmark (DK)","4762.01","4239.00"
"27/06/2025 15:00 - 27/06/2025 16:00","Denmark (DK)","4717.57","4161.00"
"27/06/2025 16:00 - 27/06/2025 17:00","Denmark (DK)","4667.61","4068.00"
"27/06/2025 17:00 - 27/06/2025 18:00","Denmark (DK)","4613.06","4103.00"
"27/06/2025 18:00 - 27/06/2025 19:00","Denmark (DK)","4377.48","3931.00"
"27/06/2025 19:00 - 27/06/2025 20:00","Denmark (DK)","4080.51","3742.00"
"27/06/2025 20:00 - 27/06/2025 21:00","Denmark (DK)","3840.02","3684.00"
"27/06/2025 21:00 - 27/06/2025 22:00","Denmark (DK)","3678.95","3625.00"
"27/06/2025 22:00 - 27/06/2025 23:00","Denmark (DK)","3576.04","3567.00"
"27/06/2025 23:00 - 28/06/2025 00:00","Denmark (DK)","3414.38","3435.00"
"28/06/2025 00:00 - 28/06/2025 01:00","Denmark (DK)","3285.43","3297.00"
"28/06/2025 01:00 - 28/06/2025 02:00","Denmark (DK)","3219.73","3093.00"
"28/06/2025 02:00 - 28/06/2025 03:00","Denmark (DK)","3139.11","2929.00"
"28/06/2025 03:00 - 28/06/2025 04:00","Denmark (DK)","3192.78","2822.00"
"28/06/2025 04:00 - 28/06/2025 05:00","Denmark (DK)","3123.96","2784.00"
"28/06/2025 05:00 - 28/06/2025 06:00","Denmark (DK)","3138.85","2788.00"
"28/06/2025 06:00 - 28/06/2025 07:00","Denmark (DK)","3125.49","3152.00"
"28/06/2025 07:00 - 28/06/2025 08:00","Denmark (DK)","3376.81","3368.00"
"28/06/2025 08:00 - 28/06/2025 09:00","Denmark (DK)","3671.58","3608.00"
"28/06/2025 09:00 - 28/06/2025 10:00","Denmark (DK)","4030.24","3804.00"
"28/06/2025 10:00 - 28/06/2025 11:00","Denmark (DK)","4280.44","4033.00"
"28/06/2025 11:00 - 28/06/2025 12:00","Denmark (DK)","4364.81","4130.00"
"28/06/2025 12:00 - 28/06/2025 13:00","Denmark (DK)","4256.86","4154.00"
"28/06/2025 13:00 - 28/06/2025 14:00","Denmark (DK)","4307.90","4181.00"
"28/06/2025 14:00 - 28/06/2025 15:00","Denmark (DK)","4215.37","4269.00"
"28/06/2025 15:00 - 28/06/2025 16:00","Denmark (DK)","4055.10","4140.00"
"28/06/2025 16:00 - 28/06/2025 17:00","Denmark (DK)","3999.38","4053.00"
"28/06/2025 17:00 - 28/06/2025 18:00","Denmark (DK)","4073.80","4059.00"
"28/06/2025 18:00 - 28/06/2025 19:00","Denmark (DK)","4088.59","4056.00"
"28/06/2025 19:00 - 28/06/2025 20:00","Denmark (DK)","3885.55","3861.00"
"28/06/2025 20:00 - 28/06/2025 21:00","Denmark (DK)","3712.89","3714.00"
"28/06/2025 21:00 - 28/06/2025 22:00","Denmark (DK)","3584.95","3587.00"
"28/06/2025 22:00 - 28/06/2025 23:00","Denmark (DK)","3521.32","3538.00"
"28/06/2025 23:00 - 29/06/2025 00:00","Denmark (DK)","3362.71","3478.00"
"29/06/2025 00:00 - 29/06/2025 01:00","Denmark (DK)","3326.97","3362.00"
"29/06/2025 01:00 - 29/06/2025 02:00","Denmark (DK)","3248.20","3245.00"
"29/06/2025 02:00 - 29/06/2025 03:00","Denmark (DK)","3112.11","3141.00"
"29/06/2025 03:00 - 29/06/2025 04:00","Denmark (DK)","3055.51","3076.00"
"29/06/2025 04:00 - 29/06/2025 05:00","Denmark (DK)","2956.76","3032.00"
"29/06/2025 05:00 - 29/06/2025 06:00","Denmark (DK)","2828.43","3036.00"
"29/06/2025 06:00 - 29/06/2025 07:00","Denmark (DK)","2844.51","2929.00"
"29/06/2025 07:00 - 29/06/2025 08:00","Denmark (DK)","3129.44","3134.00"
"29/06/2025 08:00 - 29/06/2025 09:00","Denmark (DK)","3457.48","3463.00"
"29/06/2025 09:00 - 29/06/2025 10:00","Denmark (DK)","3773.07","3737.00"
"29/06/2025 10:00 - 29/06/2025 11:00","Denmark (DK)","4016.81","3976.00"
"29/06/2025 11:00 - 29/06/2025 12:00","Denmark (DK)","3988.27","4112.00"
"29/06/2025 12:00 - 29/06/2025 13:00","Denmark (DK)","4245.66","4261.00"
"29/06/2025 13:00 - 29/06/2025 14:00","Denmark (DK)","4407.11","4297.00"
"29/06/2025 14:00 - 29/06/2025 15:00","Denmark (DK)","4372.84","4381.00"
"29/06/2025 15:00 - 29/06/2025 16:00","Denmark (DK)","4261.39","4316.00"
"29/06/2025 16:00 - 29/06/2025 17:00","Denmark (DK)","4020.02","4221.00"
"29/06/2025 17:00 - 29/06/2025 18:00","Denmark (DK)","4175.25","4128.00"
"29/06/2025 18:00 - 29/06/2025 19:00","Denmark (DK)","4219.48","4087.00"
"29/06/2025 19:00 - 29/06/2025 20:00","Denmark (DK)","3987.31","3922.00"
"29/06/2025 20:00 - 29/06/2025 21:00","Denmark (DK)","3807.57","3792.00"
"29/06/2025 21:00 - 29/06/2025 22:00","Denmark (DK)","3643.73","3645.00"
"29/06/2025 22:00 - 29/06/2025 23:00","Denmark (DK)","3515.01","3598.00"
"29/06/2025 23:00 - 30/06/2025 00:00","Denmark (DK)","3361.24","3507.00"
"30/06/2025 00:00 - 30/06/2025 01:00","Denmark (DK)","3367.30","3258.00"
"30/06/2025 01:00 - 30/06/2025 02:00","Denmark (DK)","3302.65","3175.00"
"30/06/2025 02:00 - 30/06/2025 03:00","Denmark (DK)","3153.71","3156.00"
"30/06/2025 03:00 - 30/06/2025 04:00","Denmark (DK)","3040.68","3176.00"
"30/06/2025 04:00 - 30/06/2025 05:00","Denmark (DK)","2943.55","3160.00"
"30/06/2025 05:00 - 30/06/2025 06:00","Denmark (DK)","3080.23","3209.00"
"30/06/2025 06:00 - 30/06/2025 07:00","Denmark (DK)","3490.20","3464.00"
"30/06/2025 07:00 - 30/06/2025 08:00","Denmark (DK)","3958.83","3950.00"
"30/06/2025 08:00 - 30/06/2025 09:00","Denmark (DK)","4286.28","4274.00"
"30/06/2025 09:00 - 30/06/2025 10:00","Denmark (DK)","4682.61","4420.00"
"30/06/2025 10:00 - 30/06/2025 11:00","Denmark (DK)","4786.30","4553.00"
"30/06/2025 11:00 - 30/06/2025 12:00","Denmark (DK)","4534.41","4588.00"
"30/06/2025 12:00 - 30/06/2025 13:00","Denmark (DK)","4635.50","4610.00"
"30/06/2025 13:00 - 30/06/2025 14:00","Denmark (DK)","4687.88","4657.00"
"30/06/2025 14:00 - 30/06/2025 15:00","Denmark (DK)","4573.72","4618.00"
"30/06/2025 15:00 - 30/06/2025 16:00","Denmark (DK)","4341.41","4498.00"
"30/06/2025 16:00 - 30/06/2025 17:00","Denmark (DK)","4318.16","4441.00"
"30/06/2025 17:00 - 30/06/2025 18:00","Denmark (DK)","4417.86","4517.00"
"30/06/2025 18:00 - 30/06/2025 19:00","Denmark (DK)","4345.94","4381.00"
"30/06/2025 19:00 - 30/06/2025 20:00","Denmark (DK)","4117.47","4145.00"
"30/06/2025 20:00 - 30/06/2025 21:00","Denmark (DK)","3922.53","3953.00"
"30/06/2025 21:00 - 30/06/2025 22:00","Denmark (DK)","3782.25","3796.00"
"30/06/2025 22:00 - 30/06/2025 23:00","Denmark (DK)","3722.20","3685.00"
"30/06/2025 23:00 - 01/07/2025 00:00","Denmark (DK)","3545.31","3542.00"
"01/07/2025 00:00 - 01/07/2025 01:00","Denmark (DK)","3461.49","3360.00"
"01/07/2025 01:00 - 01/07/2025 02:00","Denmark (DK)","3414.27","3301.00"
"01/07/2025 02:00 - 01/07/2025 03:00","Denmark (DK)","3414.42","3261.00"
"01/07/2025 03:00 - 01/07/2025 04:00","Denmark (DK)","3365.88","3193.00"
"01/07/2025 04:00 - 01/07/2025 05:00","Denmark (DK)","3231.76","3232.00"
"01/07/2025 05:00 - 01/07/2025 06:00","Denmark (DK)","3277.86","3293.00"
"01/07/2025 06:00 - 01/07/2025 07:00","Denmark (DK)","3689.31","3649.00"
"01/07/2025 07:00 - 01/07/2025 08:00","Denmark (DK)","4133.04","4069.00"
"01/07/2025 08:00 - 01/07/2025 09:00","Denmark (DK)","4317.16","4218.00"
"01/07/2025 09:00 - 01/07/2025 10:00","Denmark (DK)","4506.34","4361.00"
"01/07/2025 10:00 - 01/07/2025 11:00","Denmark (DK)","4616.40","4482.00"
"01/07/2025 11:00 - 01/07/2025 12:00","Denmark (DK)","4633.12","4475.00"
"01/07/2025 12:00 - 01/07/2025 13:00","Denmark (DK)","4751.14","4474.00"
"01/07/2025 13:00 - 01/07/2025 14:00","Denmark (DK)","4742.41","4474.00"
"01/07/2025 14:00 - 01/07/2025 15:00","Denmark (DK)","4633.66","4389.00"
"01/07/2025 15:00 - 01/07/2025 16:00","Denmark (DK)","4483.75","4292.00"
"01/07/2025 16:00 - 01/07/2025 17:00","Denmark (DK)","4390.69","4228.00"
"01/07/2025 17:00 - 01/07/2025 18:00","Denmark (DK)","4456.21","4335.00"
"01/07/2025 18:00 - 01/07/2025 19:00","Denmark (DK)","4324.52","4234.00"
"01/07/2025 19:00 - 01/07/2025 20:00","Denmark (DK)","4079.42","4088.00"
"01/07/2025 20:00 - 01/07/2025 21:00","Denmark (DK)","3902.40","3987.00"
"01/07/2025 21:00 - 01/07/2025 22:00","Denmark (DK)","3795.73","3925.00"
"01/07/2025 22:00 - 01/07/2025 23:00","Denmark (DK)","3692.42","3880.00"
"01/07/2025 23:00 - 02/07/2025 00:00","Denmark (DK)","3588.18","3786.00"
"02/07/2025 00:00 - 02/07/2025 01:00","Denmark (DK)","3517.28","3645.00"
"02/07/2025 01:00 - 02/07/2025 02:00","Denmark (DK)","3509.42","3530.00"
"02/07/2025 02:00 - 02/07/2025 03:00","Denmark (DK)","3525.75","3441.00"
"02/07/2025 03:00 - 02/07/2025 04:00","Denmark (DK)","3385.43","3349.00"
"02/07/2025 04:00 - 02/07/2025 05:00","Denmark (DK)","3273.70","3386.00"
"02/07/2025 05:00 - 02/07/2025 06:00","Denmark (DK)","3301.74","3393.00"
"02/07/2025 06:00 - 02/07/2025 07:00","Denmark (DK)","3725.14","3600.00"
"02/07/2025 07:00 - 02/07/2025 08:00","Denmark (DK)","4207.81","3977.00"
"02/07/2025 08:00 - 02/07/2025 09:00","Denmark (DK)","4404.87","4157.00"
"02/07/2025 09:00 - 02/07/2025 10:00","Denmark (DK)","4660.49","4332.00"
"02/07/2025 10:00 - 02/07/2025 11:00","Denmark (DK)","4808.23","4686.00"
"02/07/2025 11:00 - 02/07/2025 12:00","Denmark (DK)","4777.02","4788.00"
"02/07/2025 12:00 - 02/07/2025 13:00","Denmark (DK)","4909.32","4744.00"
"02/07/2025 13:00 - 02/07/2025 14:00","Denmark (DK)","4954.97","4689.00"
"02/07/2025 14:00 - 02/07/2025 15:00","Denmark (DK)","4815.62","4561.00"
"02/07/2025 15:00 - 02/07/2025 16:00","Denmark (DK)","4519.11","4663.00"
"02/07/2025 16:00 - 02/07/2025 17:00","Denmark (DK)","4380.77","4568.00"
"02/07/2025 17:00 - 02/07/2025 18:00","Denmark (DK)","4489.80","4619.00"
"02/07/2025 18:00 - 02/07/2025 19:00","Denmark (DK)","4630.17","4548.00"
"02/07/2025 19:00 - 02/07/2025 20:00","Denmark (DK)","4358.26","4444.00"
"02/07/2025 20:00 - 02/07/2025 21:00","Denmark (DK)","4137.83","4314.00"
"02/07/2025 21:00 - 02/07/2025 22:00","Denmark (DK)","3975.98","4194.00"
"02/07/2025 22:00 - 02/07/2025 23:00","Denmark (DK)","3886.45","4134.00"
"02/07/2025 23:00 - 03/07/2025 00:00","Denmark (DK)","3672.14","4036.00"
"03/07/2025 00:00 - 03/07/2025 01:00","Denmark (DK)","3642.62","3867.00"
"03/07/2025 01:00 - 03/07/2025 02:00","Denmark (DK)","3493.29","3722.00"
"03/07/2025 02:00 - 03/07/2025 03:00","Denmark (DK)","3436.34","3605.00"
"03/07/2025 03:00 - 03/07/2025 04:00","Denmark (DK)","3424.35","3532.00"
"03/07/2025 04:00 - 03/07/2025 05:00","Denmark (DK)","3481.29","3521.00"
"03/07/2025 05:00 - 03/07/2025 06:00","Denmark (DK)","3604.46","3531.00"
"03/07/2025 06:00 - 03/07/2025 07:00","Denmark (DK)","4027.57","3737.00"
"03/07/2025 07:00 - 03/07/2025 08:00","Denmark (DK)","4576.38","4233.00"
"03/07/2025 08:00 - 03/07/2025 09:00","Denmark (DK)","4887.22","4735.00"
"03/07/2025 09:00 - 03/07/2025 10:00","Denmark (DK)","5095.03","4881.00"
"03/07/2025 10:00 - 03/07/2025 11:00","Denmark (DK)","5308.46","4923.00"
"03/07/2025 11:00 - 03/07/2025 12:00","Denmark (DK)","5313.27","4856.00"
"03/07/2025 12:00 - 03/07/2025 13:00","Denmark (DK)","5268.19","4869.00"
"03/07/2025 13:00 - 03/07/2025 14:00","Denmark (DK)","5265.05","5187.00"
"03/07/2025 14:00 - 03/07/2025 15:00","Denmark (DK)","5108.60","5027.00"
"03/07/2025 15:00 - 03/07/2025 16:00","Denmark (DK)","5001.86","4779.00"
"03/07/2025 16:00 - 03/07/2025 17:00","Denmark (DK)","4821.99","4686.00"
"03/07/2025 17:00 - 03/07/2025 18:00","Denmark (DK)","4911.85","4951.00"
"03/07/2025 18:00 - 03/07/2025 19:00","Denmark (DK)","4754.75","4826.00"
"03/07/2025 19:00 - 03/07/2025 20:00","Denmark (DK)","4363.91","4642.00"
"03/07/2025 20:00 - 03/07/2025 21:00","Denmark (DK)","4045.67","4511.00"
"03/07/2025 21:00 - 03/07/2025 22:00","Denmark (DK)","3781.02","4423.00"
"03/07/2025 22:00 - 03/07/2025 23:00","Denmark (DK)","3636.66","4343.00"
"03/07/2025 23:00 - 04/07/2025 00:00","Denmark (DK)","3507.48","4248.00"
"04/07/2025 00:00 - 04/07/2025 01:00","Denmark (DK)","3381.57","4166.00"
"04/07/2025 01:00 - 04/07/2025 02:00","Denmark (DK)","3331.23","4062.00"
"04/07/2025 02:00 - 04/07/2025 03:00","Denmark (DK)","3261.61","3983.00"
"04/07/2025 03:00 - 04/07/2025 04:00","Denmark (DK)","3229.83","3914.00"
"04/07/2025 04:00 - 04/07/2025 05:00","Denmark (DK)","3152.22","3826.00"
"04/07/2025 05:00 - 04/07/2025 06:00","Denmark (DK)","3223.93","3837.00"
"04/07/2025 06:00 - 04/07/2025 07:00","Denmark (DK)","3545.25","4080.00"
"04/07/2025 07:00 - 04/07/2025 08:00","Denmark (DK)","4019.17","4430.00"
"04/07/2025 08:00 - 04/07/2025 09:00","Denmark (DK)","4306.24","4677.00"
"04/07/2025 09:00 - 04/07/2025 10:00","Denmark (DK)","4475.46","4591.00"
"04/07/2025 10:00 - 04/07/2025 11:00","Denmark (DK)","4791.07","4699.00"
"04/07/2025 11:00 - 04/07/2025 12:00","Denmark (DK)","4888.46","4622.00"
"04/07/2025 12:00 - 04/07/2025 13:00","Denmark (DK)","5061.39","4453.00"
"04/07/2025 13:00 - 04/07/2025 14:00","Denmark (DK)","5060.62","4380.00"
"04/07/2025 14:00 - 04/07/2025 15:00","Denmark (DK)","4875.09","4226.00"
"04/07/2025 15:00 - 04/07/2025 16:00","Denmark (DK)","4804.72","4147.00"
"04/07/2025 16:00 - 04/07/2025 17:00","Denmark (DK)","4700.01","4115.00"
"04/07/2025 17:00 - 04/07/2025 18:00","Denmark (DK)","4494.65","4268.00"
"04/07/2025 18:00 - 04/07/2025 19:00","Denmark (DK)","4313.67","4279.00"
"04/07/2025 19:00 - 04/07/2025 20:00","Denmark (DK)","4138.40","4070.00"
"04/07/2025 20:00 - 04/07/2025 21:00","Denmark (DK)","3812.98","3928.00"
"04/07/2025 21:00 - 04/07/2025 22:00","Denmark (DK)","3646.67","3837.00"
"04/07/2025 22:00 - 04/07/2025 23:00","Denmark (DK)","3605.05","3743.00"
"04/07/2025 23:00 - 05/07/2025 00:00","Denmark (DK)","3493.61","3622.00"
"05/07/2025 00:00 - 05/07/2025 01:00","Denmark (DK)","3354.52","3268.00"
"05/07/2025 01:00 - 05/07/2025 02:00","Denmark (DK)","3235.94","3104.00"
"05/07/2025 02:00 - 05/07/2025 03:00","Denmark (DK)","3212.33","2989.00"
"05/07/2025 03:00 - 05/07/2025 04:00","Denmark (DK)","3149.63","2905.00"
"05/07/2025 04:00 - 05/07/2025 05:00","Denmark (DK)","3158.18","2805.00"
"05/07/2025 05:00 - 05/07/2025 06:00","Denmark (DK)","3140.54","2788.00"
"05/07/2025 06:00 - 05/07/2025 07:00","Denmark (DK)","3202.36","3241.00"
"05/07/2025 07:00 - 05/07/2025 08:00","Denmark (DK)","3417.12","3488.00"
"05/07/2025 08:00 - 05/07/2025 09:00","Denmark (DK)","3707.09","3715.00"
"05/07/2025 09:00 - 05/07/2025 10:00","Denmark (DK)","4001.80","3882.00"
"05/07/2025 10:00 - 05/07/2025 11:00","Denmark (DK)","4315.41","4027.00"
"05/07/2025 11:00 - 05/07/2025 12:00","Denmark (DK)","4384.38","4156.00"
"05/07/2025 12:00 - 05/07/2025 13:00","Denmark (DK)","4417.64","4257.00"
"05/07/2025 13:00 - 05/07/2025 14:00","Denmark (DK)","4459.92","4327.00"
"05/07/2025 14:00 - 05/07/2025 15:00","Denmark (DK)","4337.19","4258.00"
"05/07/2025 15:00 - 05/07/2025 16:00","Denmark (DK)","4208.48","4167.00"
"05/07/2025 16:00 - 05/07/2025 17:00","Denmark (DK)","4176.39","4092.00"
"05/07/2025 17:00 - 05/07/2025 18:00","Denmark (DK)","4226.30","4131.00"
"05/07/2025 18:00 - 05/07/2025 19:00","Denmark (DK)","4116.50","4061.00"
"05/07/2025 19:00 - 05/07/2025 20:00","Denmark (DK)","3890.90","3915.00"
"05/07/2025 20:00 - 05/07/2025 21:00","Denmark (DK)","3668.07","3749.00"
"05/07/2025 21:00 - 05/07/2025 22:00","Denmark (DK)","3497.45","3639.00"
"05/07/2025 22:00 - 05/07/2025 23:00","Denmark (DK)","3342.71","3549.00"
"05/07/2025 23:00 - 06/07/2025 00:00","Denmark (DK)","3155.28","3458.00"
"06/07/2025 00:00 - 06/07/2025 01:00","Denmark (DK)","3078.44","3020.00"
"06/07/2025 01:00 - 06/07/2025 02:00","Denmark (DK)","3023.05","2905.00"
"06/07/2025 02:00 - 06/07/2025 03:00","Denmark (DK)","2947.50","2832.00"
"06/07/2025 03:00 - 06/07/2025 04:00","Denmark (DK)","2841.18","2782.00"
"06/07/2025 04:00 - 06/07/2025 05:00","Denmark (DK)","2761.05","2741.00"
"06/07/2025 05:00 - 06/07/2025 06:00","Denmark (DK)","2689.24","2703.00"
"06/07/2025 06:00 - 06/07/2025 07:00","Denmark (DK)","2793.75","2780.00"
"06/07/2025 07:00 - 06/07/2025 08:00","Denmark (DK)","3011.88","3022.00"
"06/07/2025 08:00 - 06/07/2025 09:00","Denmark (DK)","3369.07","3358.00"
"06/07/2025 09:00 - 06/07/2025 10:00","Denmark (DK)","3622.86","3617.00"
"06/07/2025 10:00 - 06/07/2025 11:00","Denmark (DK)","3890.98","3769.00"
"06/07/2025 11:00 - 06/07/2025 12:00","Denmark (DK)","4024.67","3914.00"
"06/07/2025 12:00 - 06/07/2025 13:00","Denmark (DK)","4103.15","3936.00"
"06/07/2025 13:00 - 06/07/2025 14:00","Denmark (DK)","4128.00","3965.00"
"06/07/2025 14:00 - 06/07/2025 15:00","Denmark (DK)","4089.38","3904.00"
"06/07/2025 15:00 - 06/07/2025 16:00","Denmark (DK)","3948.58","3839.00"
"06/07/2025 16:00 - 06/07/2025 17:00","Denmark (DK)","3866.91","3794.00"
"06/07/2025 17:00 - 06/07/2025 18:00","Denmark (DK)","3939.90","3901.00"
"06/07/2025 18:00 - 06/07/2025 19:00","Denmark (DK)","3993.54","3922.00"
"06/07/2025 19:00 - 06/07/2025 20:00","Denmark (DK)","3797.71","3779.00"
"06/07/2025 20:00 - 06/07/2025 21:00","Denmark (DK)","3603.78","3623.00"
"06/07/2025 21:00 - 06/07/2025 22:00","Denmark (DK)","3461.99","3476.00"
"06/07/2025 22:00 - 06/07/2025 23:00","Denmark (DK)","3399.22","3384.00"
"06/07/2025 23:00 - 07/07/2025 00:00","Denmark (DK)","3246.73","3265.00"
"07/07/2025 00:00 - 07/07/2025 01:00","Denmark (DK)","3091.41","3054.00"
"07/07/2025 01:00 - 07/07/2025 02:00","Denmark (DK)","3084.46","2899.00"
"07/07/2025 02:00 - 07/07/2025 03:00","Denmark (DK)","3069.76","2779.00"
"07/07/2025 03:00 - 07/07/2025 04:00","Denmark (DK)","3051.49","2706.00"
"07/07/2025 04:00 - 07/07/2025 05:00","Denmark (DK)","2975.66","2686.00"
"07/07/2025 05:00 - 07/07/2025 06:00","Denmark (DK)","3080.94","2825.00"
"07/07/2025 06:00 - 07/07/2025 07:00","Denmark (DK)","3441.71","3331.00"
"07/07/2025 07:00 - 07/07/2025 08:00","Denmark (DK)","3941.97","3718.00"
"07/07/2025 08:00 - 07/07/2025 09:00","Denmark (DK)","4259.55","4019.00"
"07/07/2025 09:00 - 07/07/2025 10:00","Denmark (DK)","4476.18","4181.00"
"07/07/2025 10:00 - 07/07/2025 11:00","Denmark (DK)","4579.02","4362.00"
"07/07/2025 11:00 - 07/07/2025 12:00","Denmark (DK)","4628.87","4410.00"
"07/07/2025 12:00 - 07/07/2025 13:00","Denmark (DK)","4645.03","4408.00"
"07/07/2025 13:00 - 07/07/2025 14:00","Denmark (DK)","4692.71","4457.00"
"07/07/2025 14:00 - 07/07/2025 15:00","Denmark (DK)","4752.62","4394.00"
"07/07/2025 15:00 - 07/07/2025 16:00","Denmark (DK)","4577.61","4255.00"
"07/07/2025 16:00 - 07/07/2025 17:00","Denmark (DK)","4552.31","4439.00"
"07/07/2025 17:00 - 07/07/2025 18:00","Denmark (DK)","4559.09","4512.00"
"07/07/2025 18:00 - 07/07/2025 19:00","Denmark (DK)","4445.25","4368.00"
"07/07/2025 19:00 - 07/07/2025 20:00","Denmark (DK)","4168.52","4192.00"
"07/07/2025 20:00 - 07/07/2025 21:00","Denmark (DK)","3942.94","4080.00"
"07/07/2025 21:00 - 07/07/2025 22:00","Denmark (DK)","3692.52","4010.00"
"07/07/2025 22:00 - 07/07/2025 23:00","Denmark (DK)","3581.73","3885.00"
"07/07/2025 23:00 - 08/07/2025 00:00","Denmark (DK)","3480.97","3732.00"
"08/07/2025 00:00 - 08/07/2025 01:00","Denmark (DK)","3281.96","3274.00"
"08/07/2025 01:00 - 08/07/2025 02:00","Denmark (DK)","3210.17","3162.00"
"08/07/2025 02:00 - 08/07/2025 03:00","Denmark (DK)","3263.32","3072.00"
"08/07/2025 03:00 - 08/07/2025 04:00","Denmark (DK)","3158.88","2989.00"
"08/07/2025 04:00 - 08/07/2025 05:00","Denmark (DK)","3085.02","2963.00"
"08/07/2025 05:00 - 08/07/2025 06:00","Denmark (DK)","3106.44","3029.00"
"08/07/2025 06:00 - 08/07/2025 07:00","Denmark (DK)","3520.10","3437.00"
"08/07/2025 07:00 - 08/07/2025 08:00","Denmark (DK)","3913.97","3823.00"
"08/07/2025 08:00 - 08/07/2025 09:00","Denmark (DK)","4193.45","4014.00"
"08/07/2025 09:00 - 08/07/2025 10:00","Denmark (DK)","4411.62","4129.00"
"08/07/2025 10:00 - 08/07/2025 11:00","Denmark (DK)","4645.98","4256.00"
"08/07/2025 11:00 - 08/07/2025 12:00","Denmark (DK)","4607.40","4329.00"
"08/07/2025 12:00 - 08/07/2025 13:00","Denmark (DK)","4663.20","4359.00"
"08/07/2025 13:00 - 08/07/2025 14:00","Denmark (DK)","4756.23","4400.00"
"08/07/2025 14:00 - 08/07/2025 15:00","Denmark (DK)","4767.29","4313.00"
"08/07/2025 15:00 - 08/07/2025 16:00","Denmark (DK)","4693.38","4186.00"
"08/07/2025 16:00 - 08/07/2025 17:00","Denmark (DK)","4510.46","4080.00"
"08/07/2025 17:00 - 08/07/2025 18:00","Denmark (DK)","4513.48","4120.00"
"08/07/2025 18:00 - 08/07/2025 19:00","Denmark (DK)","4327.14","3995.00"
"08/07/2025 19:00 - 08/07/2025 20:00","Denmark (DK)","4152.25","3829.00"
"08/07/2025 20:00 - 08/07/2025 21:00","Denmark (DK)","3898.10","3728.00"
"08/07/2025 21:00 - 08/07/2025 22:00","Denmark (DK)","3758.51","3641.00"
"08/07/2025 22:00 - 08/07/2025 23:00","Denmark (DK)","3656.60","3608.00"
"08/07/2025 23:00 - 09/07/2025 00:00","Denmark (DK)","3465.86","3522.00"
"09/07/2025 00:00 - 09/07/2025 01:00","Denmark (DK)","3384.02","3345.00"
"09/07/2025 01:00 - 09/07/2025 02:00","Denmark (DK)","3384.47","3260.00"
"09/07/2025 02:00 - 09/07/2025 03:00","Denmark (DK)","3325.46","3206.00"
"09/07/2025 03:00 - 09/07/2025 04:00","Denmark (DK)","3189.67","3155.00"
"09/07/2025 04:00 - 09/07/2025 05:00","Denmark (DK)","3079.09","3139.00"
"09/07/2025 05:00 - 09/07/2025 06:00","Denmark (DK)","3129.21","3151.00"
"09/07/2025 06:00 - 09/07/2025 07:00","Denmark (DK)","3473.34","3409.00"
"09/07/2025 07:00 - 09/07/2025 08:00","Denmark (DK)","3944.66","3767.00"
"09/07/2025 08:00 - 09/07/2025 09:00","Denmark (DK)","4184.85","3993.00"
"09/07/2025 09:00 - 09/07/2025 10:00","Denmark (DK)","4339.11","4143.00"
"09/07/2025 10:00 - 09/07/2025 11:00","Denmark (DK)","4458.59","4280.00"
"09/07/2025 11:00 - 09/07/2025 12:00","Denmark (DK)","4467.16","4361.00"
"09/07/2025 12:00 - 09/07/2025 13:00","Denmark (DK)","4462.24","4412.00"
"09/07/2025 13:00 - 09/07/2025 14:00","Denmark (DK)","4660.67","4506.00"
"09/07/2025 14:00 - 09/07/2025 15:00","Denmark (DK)","4567.63","4416.00"
"09/07/2025 15:00 - 09/07/2025 16:00","Denmark (DK)","4464.88","4282.00"
"09/07/2025 16:00 - 09/07/2025 17:00","Denmark (DK)","4397.11","4322.00"
"09/07/2025 17:00 - 09/07/2025 18:00","Denmark (DK)","4364.28","4429.00"
"09/07/2025 18:00 - 09/07/2025 19:00","Denmark (DK)","4391.18","4306.00"
"09/07/2025 19:00 - 09/07/2025 20:00","Denmark (DK)","4187.15","4222.00"
"09/07/2025 20:00 - 09/07/2025 21:00","Denmark (DK)","3921.72","4121.00"
"09/07/2025 21:00 - 09/07/2025 22:00","Denmark (DK)","3789.23","4028.00"
"09/07/2025 22:00 - 09/07/2025 23:00","Denmark (DK)","3646.15","3969.00"
"09/07/2025 23:00 - 10/07/2025 00:00","Denmark (DK)","3479.09","3829.00"
"10/07/2025 00:00 - 10/07/2025 01:00","Denmark (DK)","3381.33","3420.00"
"10/07/2025 01:00 - 10/07/2025 02:00","Denmark (DK)","3332.77","3295.00"
"10/07/2025 02:00 - 10/07/2025 03:00","Denmark (DK)","3314.01","3238.00"
"10/07/2025 03:00 - 10/07/2025 04:00","Denmark (DK)","3231.14","3176.00"
"10/07/2025 04:00 - 10/07/2025 05:00","Denmark (DK)","3108.50","3139.00"
"10/07/2025 05:00 - 10/07/2025 06:00","Denmark (DK)","3143.40","3147.00"
"10/07/2025 06:00 - 10/07/2025 07:00","Denmark (DK)","3514.56","3387.00"
"10/07/2025 07:00 - 10/07/2025 08:00","Denmark (DK)","3961.67","3721.00"
"10/07/2025 08:00 - 10/07/2025 09:00","Denmark (DK)","4290.93","3997.00"
"10/07/2025 09:00 - 10/07/2025 10:00","Denmark (DK)","4445.95","4128.00"
"10/07/2025 10:00 - 10/07/2025 11:00","Denmark (DK)","4628.63","4252.00"
"10/07/2025 11:00 - 10/07/2025 12:00","Denmark (DK)","4601.79","4290.00"
"10/07/2025 12:00 - 10/07/2025 13:00","Denmark (DK)","4653.98","4302.00"
"10/07/2025 13:00 - 10/07/2025 14:00","Denmark (DK)","4686.05","4370.00"
"10/07/2025 14:00 - 10/07/2025 15:00","Denmark (DK)","4661.02","4280.00"
"10/07/2025 15:00 - 10/07/2025 16:00","Denmark (DK)","4509.16","4140.00"
"10/07/2025 16:00 - 10/07/2025 17:00","Denmark (DK)","4463.34","4186.00"
"10/07/2025 17:00 - 10/07/2025 18:00","Denmark (DK)","4411.11","4526.00"
"10/07/2025 18:00 - 10/07/2025 19:00","Denmark (DK)","4285.67","4410.00"
"10/07/2025 19:00 - 10/07/2025 20:00","Denmark (DK)","4086.25","4226.00"
"10/07/2025 20:00 - 10/07/2025 21:00","Denmark (DK)","3884.04","4129.00"
"10/07/2025 21:00 - 10/07/2025 22:00","Denmark (DK)","3747.06","4080.00"
"10/07/2025 22:00 - 10/07/2025 23:00","Denmark (DK)","3616.16","4045.00"
"10/07/2025 23:00 - 11/07/2025 00:00","Denmark (DK)","3489.12","3939.00"
"11/07/2025 00:00 - 11/07/2025 01:00","Denmark (DK)","3379.81","3483.00"
"11/07/2025 01:00 - 11/07/2025 02:00","Denmark (DK)","3320.66","3317.00"
"11/07/2025 02:00 - 11/07/2025 03:00","Denmark (DK)","3298.41","3192.00"
"11/07/2025 03:00 - 11/07/2025 04:00","Denmark (DK)","3225.57","3141.00"
"11/07/2025 04:00 - 11/07/2025 05:00","Denmark (DK)","3158.88","3120.00"
"11/07/2025 05:00 - 11/07/2025 06:00","Denmark (DK)","3162.26","3156.00"
"11/07/2025 06:00 - 11/07/2025 07:00","Denmark (DK)","3486.07","3398.00"
"11/07/2025 07:00 - 11/07/2025 08:00","Denmark (DK)","3939.28","3692.00"
"11/07/2025 08:00 - 11/07/2025 09:00","Denmark (DK)","4246.94","3910.00"
"11/07/2025 09:00 - 11/07/2025 10:00","Denmark (DK)","4376.16","4012.00"
"11/07/2025 10:00 - 11/07/2025 11:00","Denmark (DK)","4514.66","4093.00"
"11/07/2025 11:00 - 11/07/2025 12:00","Denmark (DK)","4598.33","4090.00"
"11/07/2025 12:00 - 11/07/2025 13:00","Denmark (DK)","4569.58","4016.00"
"11/07/2025 13:00 - 11/07/2025 14:00","Denmark (DK)","4595.79","3942.00"
"11/07/2025 14:00 - 11/07/2025 15:00","Denmark (DK)","4433.41","3863.00"
"11/07/2025 15:00 - 11/07/2025 16:00","Denmark (DK)","4262.61","3761.00"
"11/07/2025 16:00 - 11/07/2025 17:00","Denmark (DK)","4213.08","3725.00"
"11/07/2025 17:00 - 11/07/2025 18:00","Denmark (DK)","4196.71","3828.00"
"11/07/2025 18:00 - 11/07/2025 19:00","Denmark (DK)","4052.56","3795.00"
"11/07/2025 19:00 - 11/07/2025 20:00","Denmark (DK)","3805.13","3660.00"
"11/07/2025 20:00 - 11/07/2025 21:00","Denmark (DK)","3518.61","3601.00"
"11/07/2025 21:00 - 11/07/2025 22:00","Denmark (DK)","3501.70","3517.00"
"11/07/2025 22:00 - 11/07/2025 23:00","Denmark (DK)","3448.57","3457.00"
"11/07/2025 23:00 - 12/07/2025 00:00","Denmark (DK)","3300.87","3332.00"
"12/07/2025 00:00 - 12/07/2025 01:00","Denmark (DK)","3103.16","3074.00"
"12/07/2025 01:00 - 12/07/2025 02:00","Denmark (DK)","3115.24","2924.00"
"12/07/2025 02:00 - 12/07/2025 03:00","Denmark (DK)","2994.51","2783.00"
"12/07/2025 03:00 - 12/07/2025 04:00","Denmark (DK)","2956.05","2682.00"
"12/07/2025 04:00 - 12/07/2025 05:00","Denmark (DK)","2925.43","2629.00"
"12/07/2025 05:00 - 12/07/2025 06:00","Denmark (DK)","2899.38","2594.00"
"12/07/2025 06:00 - 12/07/2025 07:00","Denmark (DK)","2950.66","2899.00"
"12/07/2025 07:00 - 12/07/2025 08:00","Denmark (DK)","3142.68","3148.00"
"12/07/2025 08:00 - 12/07/2025 09:00","Denmark (DK)","3379.61","3380.00"
"12/07/2025 09:00 - 12/07/2025 10:00","Denmark (DK)","3755.09","3585.00"
"12/07/2025 10:00 - 12/07/2025 11:00","Denmark (DK)","4115.37","3992.00"
"12/07/2025 11:00 - 12/07/2025 12:00","Denmark (DK)","4317.28","4170.00"
"12/07/2025 12:00 - 12/07/2025 13:00","Denmark (DK)","4382.08","4124.00"
"12/07/2025 13:00 - 12/07/2025 14:00","Denmark (DK)","4383.26","4057.00"
"12/07/2025 14:00 - 12/07/2025 15:00","Denmark (DK)","4254.19","4282.00"
"12/07/2025 15:00 - 12/07/2025 16:00","Denmark (DK)","4175.56","4169.00"
"12/07/2025 16:00 - 12/07/2025 17:00","Denmark (DK)","4030.73","4091.00"
"12/07/2025 17:00 - 12/07/2025 18:00","Denmark (DK)","3956.71","4080.00"
"12/07/2025 18:00 - 12/07/2025 19:00","Denmark (DK)","3904.95","3948.00"
"12/07/2025 19:00 - 12/07/2025 20:00","Denmark (DK)","3709.71","3746.00"
"12/07/2025 20:00 - 12/07/2025 21:00","Denmark (DK)","3577.23","3587.00"
"12/07/2025 21:00 - 12/07/2025 22:00","Denmark (DK)","3400.61","3442.00"
"12/07/2025 22:00 - 12/07/2025 23:00","Denmark (DK)","3337.79","3379.00"
"12/07/2025 23:00 - 13/07/2025 00:00","Denmark (DK)","3227.46","3309.00"
"13/07/2025 00:00 - 13/07/2025 01:00","Denmark (DK)","3136.01","3210.00"
"13/07/2025 01:00 - 13/07/2025 02:00","Denmark (DK)","3022.54","3109.00"
"13/07/2025 02:00 - 13/07/2025 03:00","Denmark (DK)","2864.30","3015.00"
"13/07/2025 03:00 - 13/07/2025 04:00","Denmark (DK)","2806.93","2954.00"
"13/07/2025 04:00 - 13/07/2025 05:00","Denmark (DK)","2750.89","2906.00"
"13/07/2025 05:00 - 13/07/2025 06:00","Denmark (DK)","2661.66","2872.00"
"13/07/2025 06:00 - 13/07/2025 07:00","Denmark (DK)","2722.94","2772.00"
"13/07/2025 07:00 - 13/07/2025 08:00","Denmark (DK)","2941.32","2971.00"
"13/07/2025 08:00 - 13/07/2025 09:00","Denmark (DK)","3244.26","3315.00"
"13/07/2025 09:00 - 13/07/2025 10:00","Denmark (DK)","3520.94","3518.00"
"13/07/2025 10:00 - 13/07/2025 11:00","Denmark (DK)","3917.98","3748.00"
"13/07/2025 11:00 - 13/07/2025 12:00","Denmark (DK)","4077.81","4006.00"
"13/07/2025 12:00 - 13/07/2025 13:00","Denmark (DK)","4177.35","4052.00"
"13/07/2025 13:00 - 13/07/2025 14:00","Denmark (DK)","4347.04","4146.00"
"13/07/2025 14:00 - 13/07/2025 15:00","Denmark (DK)","4160.43","4185.00"
"13/07/2025 15:00 - 13/07/2025 16:00","Denmark (DK)","4087.77","4121.00"
"13/07/2025 16:00 - 13/07/2025 17:00","Denmark (DK)","4013.00","4013.00"
"13/07/2025 17:00 - 13/07/2025 18:00","Denmark (DK)","3970.20","3944.00"
"13/07/2025 18:00 - 13/07/2025 19:00","Denmark (DK)","3902.08","3833.00"
"13/07/2025 19:00 - 13/07/2025 20:00","Denmark (DK)","3699.17","3660.00"
"13/07/2025 20:00 - 13/07/2025 21:00","Denmark (DK)","3531.46","3472.00"
"13/07/2025 21:00 - 13/07/2025 22:00","Denmark (DK)","3417.95","3367.00"
"13/07/2025 22:00 - 13/07/2025 23:00","Denmark (DK)","3331.24","3331.00"
"13/07/2025 23:00 - 14/07/2025 00:00","Denmark (DK)","3168.61","3255.00"
"14/07/2025 00:00 - 14/07/2025 01:00","Denmark (DK)","3100.09","3101.00"
"14/07/2025 01:00 - 14/07/2025 02:00","Denmark (DK)","3062.33","3010.00"
"14/07/2025 02:00 - 14/07/2025 03:00","Denmark (DK)","3045.02","2987.00"
"14/07/2025 03:00 - 14/07/2025 04:00","Denmark (DK)","2989.31","3026.00"
"14/07/2025 04:00 - 14/07/2025 05:00","Denmark (DK)","2915.30","3021.00"
"14/07/2025 05:00 - 14/07/2025 06:00","Denmark (DK)","2943.31","3048.00"
"14/07/2025 06:00 - 14/07/2025 07:00","Denmark (DK)","3231.48","3282.00"
"14/07/2025 07:00 - 14/07/2025 08:00","Denmark (DK)","3590.37","3591.00"
"14/07/2025 08:00 - 14/07/2025 09:00","Denmark (DK)","3881.17","3833.00"
"14/07/2025 09:00 - 14/07/2025 10:00","Denmark (DK)","4081.99","3995.00"
"14/07/2025 10:00 - 14/07/2025 11:00","Denmark (DK)","4175.57","4123.00"
"14/07/2025 11:00 - 14/07/2025 12:00","Denmark (DK)","4285.66","4220.00"
"14/07/2025 12:00 - 14/07/2025 13:00","Denmark (DK)","4307.48","4324.00"
"14/07/2025 13:00 - 14/07/2025 14:00","Denmark (DK)","4403.81","4333.00"
"14/07/2025 14:00 - 14/07/2025 15:00","Denmark (DK)","4393.88","4340.00"
"14/07/2025 15:00 - 14/07/2025 16:00","Denmark (DK)","4248.84","4112.00"
"14/07/2025 16:00 - 14/07/2025 17:00","Denmark (DK)","4177.29","3950.00"
"14/07/2025 17:00 - 14/07/2025 18:00","Denmark (DK)","4190.72","4000.00"
"14/07/2025 18:00 - 14/07/2025 19:00","Denmark (DK)","4159.77","3910.00"
"14/07/2025 19:00 - 14/07/2025 20:00","Denmark (DK)","3982.00","3787.00"
"14/07/2025 20:00 - 14/07/2025 21:00","Denmark (DK)","3831.19","3744.00"
"14/07/2025 21:00 - 14/07/2025 22:00","Denmark (DK)","3645.95","3733.00"
"14/07/2025 22:00 - 14/07/2025 23:00","Denmark (DK)","3538.61","3727.00"
"14/07/2025 23:00 - 15/07/2025 00:00","Denmark (DK)","3371.36","3629.00"
"15/07/2025 00:00 - 15/07/2025 01:00","Denmark (DK)","3255.74","3211.00"
"15/07/2025 01:00 - 15/07/2025 02:00","Denmark (DK)","3169.27","3086.00"
"15/07/2025 02:00 - 15/07/2025 03:00","Denmark (DK)","3124.63","3000.00"
"15/07/2025 03:00 - 15/07/2025 04:00","Denmark (DK)","3078.93","2955.00"
"15/07/2025 04:00 - 15/07/2025 05:00","Denmark (DK)","3024.90","2905.00"
"15/07/2025 05:00 - 15/07/2025 06:00","Denmark (DK)","3038.90","2911.00"
"15/07/2025 06:00 - 15/07/2025 07:00","Denmark (DK)","3325.03","3111.00"
"15/07/2025 07:00 - 15/07/2025 08:00","Denmark (DK)","3674.72","3393.00"
"15/07/2025 08:00 - 15/07/2025 09:00","Denmark (DK)","3941.10","3710.00"
"15/07/2025 09:00 - 15/07/2025 10:00","Denmark (DK)","4132.55","3913.00"
"15/07/2025 10:00 - 15/07/2025 11:00","Denmark (DK)","4243.72","4062.00"
"15/07/2025 11:00 - 15/07/2025 12:00","Denmark (DK)","4336.99","4136.00"
"15/07/2025 12:00 - 15/07/2025 13:00","Denmark (DK)","4358.80","4304.00"
"15/07/2025 13:00 - 15/07/2025 14:00","Denmark (DK)","4456.52","4295.00"
"15/07/2025 14:00 - 15/07/2025 15:00","Denmark (DK)","4440.76","4203.00"
"15/07/2025 15:00 - 15/07/2025 16:00","Denmark (DK)","4374.27","4073.00"
"15/07/2025 16:00 - 15/07/2025 17:00","Denmark (DK)","4306.57","4042.00"
"15/07/2025 17:00 - 15/07/2025 18:00","Denmark (DK)","4327.57","3977.00"
"15/07/2025 18:00 - 15/07/2025 19:00","Denmark (DK)","4206.98","3878.00"
"15/07/2025 19:00 - 15/07/2025 20:00","Denmark (DK)","3975.80","3758.00"
"15/07/2025 20:00 - 15/07/2025 21:00","Denmark (DK)","3770.39","3716.00"
"15/07/2025 21:00 - 15/07/2025 22:00","Denmark (DK)","3613.77","3707.00"
"15/07/2025 22:00 - 15/07/2025 23:00","Denmark (DK)","3461.08","3691.00"
"15/07/2025 23:00 - 16/07/2025 00:00","Denmark (DK)","3279.35","3590.00"
"16/07/2025 00:00 - 16/07/2025 01:00","Denmark (DK)","3222.67","3253.00"
"16/07/2025 01:00 - 16/07/2025 02:00","Denmark (DK)","3185.13","3132.00"
"16/07/2025 02:00 - 16/07/2025 03:00","Denmark (DK)","3152.52","3048.00"
"16/07/2025 03:00 - 16/07/2025 04:00","Denmark (DK)","3099.85","3000.00"
"16/07/2025 04:00 - 16/07/2025 05:00","Denmark (DK)","3038.90","2957.00"
"16/07/2025 05:00 - 16/07/2025 06:00","Denmark (DK)","3025.95","2969.00"
"16/07/2025 06:00 - 16/07/2025 07:00","Denmark (DK)","3239.92","3130.00"
"16/07/2025 07:00 - 16/07/2025 08:00","Denmark (DK)","3631.13","3360.00"
"16/07/2025 08:00 - 16/07/2025 09:00","Denmark (DK)","3865.28","3639.00"
"16/07/2025 09:00 - 16/07/2025 10:00","Denmark (DK)","4007.57","3876.00"
"16/07/2025 10:00 - 16/07/2025 11:00","Denmark (DK)","4157.45","4034.00"
"16/07/2025 11:00 - 16/07/2025 12:00","Denmark (DK)","4150.97","4134.00"
"16/07/2025 12:00 - 16/07/2025 13:00","Denmark (DK)","4159.28","4097.00"
"16/07/2025 13:00 - 16/07/2025 14:00","Denmark (DK)","4328.24","4059.00"
"16/07/2025 14:00 - 16/07/2025 15:00","Denmark (DK)","4320.62","4021.00"
"16/07/2025 15:00 - 16/07/2025 16:00","Denmark (DK)","4221.85","3960.00"
"16/07/2025 16:00 - 16/07/2025 17:00","Denmark (DK)","4145.11","3930.00"
"16/07/2025 17:00 - 16/07/2025 18:00","Denmark (DK)","4167.63","3871.00"
"16/07/2025 18:00 - 16/07/2025 19:00","Denmark (DK)","4110.33","3791.00"
"16/07/2025 19:00 - 16/07/2025 20:00","Denmark (DK)","3899.01","3666.00"
"16/07/2025 20:00 - 16/07/2025 21:00","Denmark (DK)","3690.43","3607.00"
"16/07/2025 21:00 - 16/07/2025 22:00","Denmark (DK)","3514.68","3596.00"
"16/07/2025 22:00 - 16/07/2025 23:00","Denmark (DK)","3419.65","3594.00"
"16/07/2025 23:00 - 17/07/2025 00:00","Denmark (DK)","3247.32","3461.00"
"17/07/2025 00:00 - 17/07/2025 01:00","Denmark (DK)","3155.35","3282.00"
"17/07/2025 01:00 - 17/07/2025 02:00","Denmark (DK)","3083.53","3173.00"
"17/07/2025 02:00 - 17/07/2025 03:00","Denmark (DK)","3063.28","3102.00"
"17/07/2025 03:00 - 17/07/2025 04:00","Denmark (DK)","3055.97","3045.00"
"17/07/2025 04:00 - 17/07/2025 05:00","Denmark (DK)","2990.95","3011.00"
"17/07/2025 05:00 - 17/07/2025 06:00","Denmark (DK)","2958.35","3018.00"
"17/07/2025 06:00 - 17/07/2025 07:00","Denmark (DK)","3211.19","3157.00"
"17/07/2025 07:00 - 17/07/2025 08:00","Denmark (DK)","3565.79","3380.00"
"17/07/2025 08:00 - 17/07/2025 09:00","Denmark (DK)","3879.64","3700.00"
"17/07/2025 09:00 - 17/07/2025 10:00","Denmark (DK)","4101.08","4053.00"
"17/07/2025 10:00 - 17/07/2025 11:00","Denmark (DK)","4284.42","4138.00"
"17/07/2025 11:00 - 17/07/2025 12:00","Denmark (DK)","4417.64","4103.00"
"17/07/2025 12:00 - 17/07/2025 13:00","Denmark (DK)","4382.08","4085.00"
"17/07/2025 13:00 - 17/07/2025 14:00","Denmark (DK)","4482.95","4404.00"
"17/07/2025 14:00 - 17/07/2025 15:00","Denmark (DK)","4473.78","4344.00"
"17/07/2025 15:00 - 17/07/2025 16:00","Denmark (DK)","4443.77","4316.00"
"17/07/2025 16:00 - 17/07/2025 17:00","Denmark (DK)","4343.35","4174.00"
"17/07/2025 17:00 - 17/07/2025 18:00","Denmark (DK)","4347.77","4142.00"
"17/07/2025 18:00 - 17/07/2025 19:00","Denmark (DK)","4222.11","4032.00"
"17/07/2025 19:00 - 17/07/2025 20:00","Denmark (DK)","3965.84","3910.00"
"17/07/2025 20:00 - 17/07/2025 21:00","Denmark (DK)","3786.70","3866.00"
"17/07/2025 21:00 - 17/07/2025 22:00","Denmark (DK)","3631.91","3846.00"
"17/07/2025 22:00 - 17/07/2025 23:00","Denmark (DK)","3530.07","3840.00"
"17/07/2025 23:00 - 18/07/2025 00:00","Denmark (DK)","3344.82","3720.00"
"18/07/2025 00:00 - 18/07/2025 01:00","Denmark (DK)","3288.63","3221.00"
"18/07/2025 01:00 - 18/07/2025 02:00","Denmark (DK)","3230.56","3051.00"
"18/07/2025 02:00 - 18/07/2025 03:00","Denmark (DK)","3178.50","2981.00"
"18/07/2025 03:00 - 18/07/2025 04:00","Denmark (DK)","3059.77","2964.00"
"18/07/2025 04:00 - 18/07/2025 05:00","Denmark (DK)","2981.59","2946.00"
"18/07/2025 05:00 - 18/07/2025 06:00","Denmark (DK)","2973.53","2939.00"
"18/07/2025 06:00 - 18/07/2025 07:00","Denmark (DK)","3263.19","3093.00"
"18/07/2025 07:00 - 18/07/2025 08:00","Denmark (DK)","3608.49","3344.00"
"18/07/2025 08:00 - 18/07/2025 09:00","Denmark (DK)","3914.20","3595.00"
"18/07/2025 09:00 - 18/07/2025 10:00","Denmark (DK)","4102.71","3770.00"
"18/07/2025 10:00 - 18/07/2025 11:00","Denmark (DK)","4309.23","3950.00"
"18/07/2025 11:00 - 18/07/2025 12:00","Denmark (DK)","4326.07","3965.00"
"18/07/2025 12:00 - 18/07/2025 13:00","Denmark (DK)","4305.22","3909.00"
"18/07/2025 13:00 - 18/07/2025 14:00","Denmark (DK)","4395.70","3847.00"
"18/07/2025 14:00 - 18/07/2025 15:00","Denmark (DK)","4295.25","3735.00"
"18/07/2025 15:00 - 18/07/2025 16:00","Denmark (DK)","4261.47","3608.00"
"18/07/2025 16:00 - 18/07/2025 17:00","Denmark (DK)","4265.21","3584.00"
"18/07/2025 17:00 - 18/07/2025 18:00","Denmark (DK)","4213.19","3680.00"
"18/07/2025 18:00 - 18/07/2025 19:00","Denmark (DK)","4052.20","3625.00"
"18/07/2025 19:00 - 18/07/2025 20:00","Denmark (DK)","3852.58","3520.00"
"18/07/2025 20:00 - 18/07/2025 21:00","Denmark (DK)","3689.63","3577.00"
"18/07/2025 21:00 - 18/07/2025 22:00","Denmark (DK)","3534.63","3550.00"
"18/07/2025 22:00 - 18/07/2025 23:00","Denmark (DK)","3476.52","3497.00"
"18/07/2025 23:00 - 19/07/2025 00:00","Denmark (DK)","3308.79","3369.00"
"19/07/2025 00:00 - 19/07/2025 01:00","Denmark (DK)","3212.62","3229.00"
"19/07/2025 01:00 - 19/07/2025 02:00","Denmark (DK)","3046.37","3014.00"
"19/07/2025 02:00 - 19/07/2025 03:00","Denmark (DK)","2937.91","2849.00"
"19/07/2025 03:00 - 19/07/2025 04:00","Denmark (DK)","2912.94","2784.00"
"19/07/2025 04:00 - 19/07/2025 05:00","Denmark (DK)","2902.32","2700.00"
"19/07/2025 05:00 - 19/07/2025 06:00","Denmark (DK)","2854.82","2682.00"
"19/07/2025 06:00 - 19/07/2025 07:00","Denmark (DK)","2901.52","2936.00"
"19/07/2025 07:00 - 19/07/2025 08:00","Denmark (DK)","3099.08","3132.00"
"19/07/2025 08:00 - 19/07/2025 09:00","Denmark (DK)","3372.63","3341.00"
"19/07/2025 09:00 - 19/07/2025 10:00","Denmark (DK)","3665.37","3549.00"
"19/07/2025 10:00 - 19/07/2025 11:00","Denmark (DK)","4009.66","3775.00"
"19/07/2025 11:00 - 19/07/2025 12:00","Denmark (DK)","4211.36","4039.00"
"19/07/2025 12:00 - 19/07/2025 13:00","Denmark (DK)","4342.25","4065.00"
"19/07/2025 13:00 - 19/07/2025 14:00","Denmark (DK)","4267.44","3959.00"
"19/07/2025 14:00 - 19/07/2025 15:00","Denmark (DK)","4159.83","3876.00"
"19/07/2025 15:00 - 19/07/2025 16:00","Denmark (DK)","3949.82","3789.00"
"19/07/2025 16:00 - 19/07/2025 17:00","Denmark (DK)","3891.67","3835.00"
"19/07/2025 17:00 - 19/07/2025 18:00","Denmark (DK)","3803.80","3831.00"
"19/07/2025 18:00 - 19/07/2025 19:00","Denmark (DK)","3813.40","3815.00"
"19/07/2025 19:00 - 19/07/2025 20:00","Denmark (DK)","3637.71","3673.00"
"19/07/2025 20:00 - 19/07/2025 21:00","Denmark (DK)","3462.66","3534.00"
"19/07/2025 21:00 - 19/07/2025 22:00","Denmark (DK)","3309.32","3392.00"
"19/07/2025 22:00 - 19/07/2025 23:00","Denmark (DK)","3338.68","3327.00"
"19/07/2025 23:00 - 20/07/2025 00:00","Denmark (DK)","3204.55","3218.00"
"20/07/2025 00:00 - 20/07/2025 01:00","Denmark (DK)","3168.83","3072.00"
"20/07/2025 01:00 - 20/07/2025 02:00","Denmark (DK)","3057.24","2951.00"
"20/07/2025 02:00 - 20/07/2025 03:00","Denmark (DK)","2937.50","2901.00"
"20/07/2025 03:00 - 20/07/2025 04:00","Denmark (DK)","2831.65","2886.00"
"20/07/2025 04:00 - 20/07/2025 05:00","Denmark (DK)","2768.10","2898.00"
"20/07/2025 05:00 - 20/07/2025 06:00","Denmark (DK)","2661.16","2869.00"
"20/07/2025 06:00 - 20/07/2025 07:00","Denmark (DK)","2738.00","2753.00"
"20/07/2025 07:00 - 20/07/2025 08:00","Denmark (DK)","2934.25","2903.00"
"20/07/2025 08:00 - 20/07/2025 09:00","Denmark (DK)","3222.51","3163.00"
"20/07/2025 09:00 - 20/07/2025 10:00","Denmark (DK)","3617.78","3406.00"
"20/07/2025 10:00 - 20/07/2025 11:00","Denmark (DK)","3855.75","3594.00"
"20/07/2025 11:00 - 20/07/2025 12:00","Denmark (DK)","4019.02","3694.00"
"20/07/2025 12:00 - 20/07/2025 13:00","Denmark (DK)","4255.80","3730.00"
"20/07/2025 13:00 - 20/07/2025 14:00","Denmark (DK)","4191.92","3768.00"
"20/07/2025 14:00 - 20/07/2025 15:00","Denmark (DK)","4159.98","3788.00"
"20/07/2025 15:00 - 20/07/2025 16:00","Denmark (DK)","4080.39","3761.00"
"20/07/2025 16:00 - 20/07/2025 17:00","Denmark (DK)","4001.22","3684.00"
"20/07/2025 17:00 - 20/07/2025 18:00","Denmark (DK)","3930.83","3772.00"
"20/07/2025 18:00 - 20/07/2025 19:00","Denmark (DK)","3859.76","3741.00"
"20/07/2025 19:00 - 20/07/2025 20:00","Denmark (DK)","3671.50","3534.00"
"20/07/2025 20:00 - 20/07/2025 21:00","Denmark (DK)","3522.91","3394.00"
"20/07/2025 21:00 - 20/07/2025 22:00","Denmark (DK)","3431.87","3332.00"
"20/07/2025 22:00 - 20/07/2025 23:00","Denmark (DK)","3406.69","3306.00"
"20/07/2025 23:00 - 21/07/2025 00:00","Denmark (DK)","3238.73","3258.00"
"21/07/2025 00:00 - 21/07/2025 01:00","Denmark (DK)","3211.44","3304.00"
"21/07/2025 01:00 - 21/07/2025 02:00","Denmark (DK)","3222.01","3234.00"
"21/07/2025 02:00 - 21/07/2025 03:00","Denmark (DK)","3154.73","3192.00"
"21/07/2025 03:00 - 21/07/2025 04:00","Denmark (DK)","3156.56","3192.00"
"21/07/2025 04:00 - 21/07/2025 05:00","Denmark (DK)","3058.64","3229.00"
"21/07/2025 05:00 - 21/07/2025 06:00","Denmark (DK)","2975.23","3295.00"
"21/07/2025 06:00 - 21/07/2025 07:00","Denmark (DK)","3267.01","3171.00"
"21/07/2025 07:00 - 21/07/2025 08:00","Denmark (DK)","3638.95","3387.00"
"21/07/2025 08:00 - 21/07/2025 09:00","Denmark (DK)","3961.71","3631.00"
"21/07/2025 09:00 - 21/07/2025 10:00","Denmark (DK)","4207.83","3890.00"
"21/07/2025 10:00 - 21/07/2025 11:00","Denmark (DK)","4356.01","4276.00"
"21/07/2025 11:00 - 21/07/2025 12:00","Denmark (DK)","4385.81","4300.00"
"21/07/2025 12:00 - 21/07/2025 13:00","Denmark (DK)","4422.52","4286.00"
"21/07/2025 13:00 - 21/07/2025 14:00","Denmark (DK)","4389.38","4219.00"
"21/07/2025 14:00 - 21/07/2025 15:00","Denmark (DK)","4342.31","4300.00"
"21/07/2025 15:00 - 21/07/2025 16:00","Denmark (DK)","4270.09","4189.00"
"21/07/2025 16:00 - 21/07/2025 17:00","Denmark (DK)","4211.80","4036.00"
"21/07/2025 17:00 - 21/07/2025 18:00","Denmark (DK)","4343.38","4090.00"
"21/07/2025 18:00 - 21/07/2025 19:00","Denmark (DK)","4265.10","4070.00"
"21/07/2025 19:00 - 21/07/2025 20:00","Denmark (DK)","4020.24","3898.00"
"21/07/2025 20:00 - 21/07/2025 21:00","Denmark (DK)","3741.38","3873.00"
"21/07/2025 21:00 - 21/07/2025 22:00","Denmark (DK)","3628.76","3913.00"
"21/07/2025 22:00 - 21/07/2025 23:00","Denmark (DK)","3536.65","3913.00"
"21/07/2025 23:00 - 22/07/2025 00:00","Denmark (DK)","3347.87","3802.00"
"22/07/2025 00:00 - 22/07/2025 01:00","Denmark (DK)","3226.62","3679.00"
"22/07/2025 01:00 - 22/07/2025 02:00","Denmark (DK)","3185.86","3475.00"
"22/07/2025 02:00 - 22/07/2025 03:00","Denmark (DK)","3133.47","3337.00"
"22/07/2025 03:00 - 22/07/2025 04:00","Denmark (DK)","3055.24","3306.00"
"22/07/2025 04:00 - 22/07/2025 05:00","Denmark (DK)","3045.53","3290.00"
"22/07/2025 05:00 - 22/07/2025 06:00","Denmark (DK)","3051.48","3325.00"
"22/07/2025 06:00 - 22/07/2025 07:00","Denmark (DK)","3319.40","3463.00"
"22/07/2025 07:00 - 22/07/2025 08:00","Denmark (DK)","3678.13","3452.00"
"22/07/2025 08:00 - 22/07/2025 09:00","Denmark (DK)","3950.95","3717.00"
"22/07/2025 09:00 - 22/07/2025 10:00","Denmark (DK)","4170.25","4071.00"
"22/07/2025 10:00 - 22/07/2025 11:00","Denmark (DK)","4347.21","4130.00"
"22/07/2025 11:00 - 22/07/2025 12:00","Denmark (DK)","4392.02","4201.00"
"22/07/2025 12:00 - 22/07/2025 13:00","Denmark (DK)","4586.42","4279.00"
"22/07/2025 13:00 - 22/07/2025 14:00","Denmark (DK)","4763.87","4208.00"
"22/07/2025 14:00 - 22/07/2025 15:00","Denmark (DK)","4825.27","4081.00"
"22/07/2025 15:00 - 22/07/2025 16:00","Denmark (DK)","4741.79","3952.00"
"22/07/2025 16:00 - 22/07/2025 17:00","Denmark (DK)","4559.77","3908.00"
"22/07/2025 17:00 - 22/07/2025 18:00","Denmark (DK)","4556.29","3977.00"
"22/07/2025 18:00 - 22/07/2025 19:00","Denmark (DK)","4394.75","3947.00"
"22/07/2025 19:00 - 22/07/2025 20:00","Denmark (DK)","4079.20","3824.00"
"22/07/2025 20:00 - 22/07/2025 21:00","Denmark (DK)","3845.57","3769.00"
"22/07/2025 21:00 - 22/07/2025 22:00","Denmark (DK)","3696.56","3770.00"
"22/07/2025 22:00 - 22/07/2025 23:00","Denmark (DK)","3505.87","3754.00"
"22/07/2025 23:00 - 23/07/2025 00:00","Denmark (DK)","3417.11","3666.00"
"23/07/2025 00:00 - 23/07/2025 01:00","Denmark (DK)","3441.18","3878.00"
"23/07/2025 01:00 - 23/07/2025 02:00","Denmark (DK)","3355.63","3694.00"
"23/07/2025 02:00 - 23/07/2025 03:00","Denmark (DK)","3306.15","3556.00"
"23/07/2025 03:00 - 23/07/2025 04:00","Denmark (DK)","3143.50","3518.00"
"23/07/2025 04:00 - 23/07/2025 05:00","Denmark (DK)","3035.74","3501.00"
"23/07/2025 05:00 - 23/07/2025 06:00","Denmark (DK)","2987.83","3538.00"
"23/07/2025 06:00 - 23/07/2025 07:00","Denmark (DK)","3190.33","3697.00"
"23/07/2025 07:00 - 23/07/2025 08:00","Denmark (DK)","3572.08","3545.00"
"23/07/2025 08:00 - 23/07/2025 09:00","Denmark (DK)","3865.82","3607.00"
"23/07/2025 09:00 - 23/07/2025 10:00","Denmark (DK)","4071.62","3775.00"
"23/07/2025 10:00 - 23/07/2025 11:00","Denmark (DK)","4262.27","4123.00"
"23/07/2025 11:00 - 23/07/2025 12:00","Denmark (DK)","4381.19","4192.00"
"23/07/2025 12:00 - 23/07/2025 13:00","Denmark (DK)","4499.89","4109.00"
"23/07/2025 13:00 - 23/07/2025 14:00","Denmark (DK)","4611.24","4011.00"
"23/07/2025 14:00 - 23/07/2025 15:00","Denmark (DK)","4557.18","3947.00"
"23/07/2025 15:00 - 23/07/2025 16:00","Denmark (DK)","4432.15","3863.00"
"23/07/2025 16:00 - 23/07/2025 17:00","Denmark (DK)","4338.41","4046.00"
"23/07/2025 17:00 - 23/07/2025 18:00","Denmark (DK)","4364.13","4391.00"
"23/07/2025 18:00 - 23/07/2025 19:00","Denmark (DK)","4246.20","4283.00"
"23/07/2025 19:00 - 23/07/2025 20:00","Denmark (DK)","4038.82","4183.00"
"23/07/2025 20:00 - 23/07/2025 21:00","Denmark (DK)","3808.11","4158.00"
"23/07/2025 21:00 - 23/07/2025 22:00","Denmark (DK)","3657.80","4185.00"
"23/07/2025 22:00 - 23/07/2025 23:00","Denmark (DK)","3563.09","4175.00"
"23/07/2025 23:00 - 24/07/2025 00:00","Denmark (DK)","3378.26","4066.00"
"24/07/2025 00:00 - 24/07/2025 01:00","Denmark (DK)","3312.49","3417.00"
"24/07/2025 01:00 - 24/07/2025 02:00","Denmark (DK)","3246.13","3246.00"
"24/07/2025 02:00 - 24/07/2025 03:00","Denmark (DK)","3140.94","3139.00"
"24/07/2025 03:00 - 24/07/2025 04:00","Denmark (DK)","3052.65","3100.00"
"24/07/2025 04:00 - 24/07/2025 05:00","Denmark (DK)","2939.77","3128.00"
"24/07/2025 05:00 - 24/07/2025 06:00","Denmark (DK)","3002.17","3180.00"
"24/07/2025 06:00 - 24/07/2025 07:00","Denmark (DK)","3309.13","3296.00"
"24/07/2025 07:00 - 24/07/2025 08:00","Denmark (DK)","3670.17","3406.00"
"24/07/2025 08:00 - 24/07/2025 09:00","Denmark (DK)","4016.49","3593.00"
"24/07/2025 09:00 - 24/07/2025 10:00","Denmark (DK)","4211.47","3768.00"
"24/07/2025 10:00 - 24/07/2025 11:00","Denmark (DK)","4325.69","3872.00"
"24/07/2025 11:00 - 24/07/2025 12:00","Denmark (DK)","4410.95","4252.00"
"24/07/2025 12:00 - 24/07/2025 13:00","Denmark (DK)","4316.61","4319.00"
"24/07/2025 13:00 - 24/07/2025 14:00","Denmark (DK)","4308.82","4213.00"
"24/07/2025 14:00 - 24/07/2025 15:00","Denmark (DK)","4363.40","4286.00"
"24/07/2025 15:00 - 24/07/2025 16:00","Denmark (DK)","4326.87","4207.00"
"24/07/2025 16:00 - 24/07/2025 17:00","Denmark (DK)","4217.09","4091.00"
"24/07/2025 17:00 - 24/07/2025 18:00","Denmark (DK)","4157.31","4167.00"
"24/07/2025 18:00 - 24/07/2025 19:00","Denmark (DK)","4231.80","4132.00"
"24/07/2025 19:00 - 24/07/2025 20:00","Denmark (DK)","4053.82","3999.00"
"24/07/2025 20:00 - 24/07/2025 21:00","Denmark (DK)","3830.66","3927.00"
"24/07/2025 21:00 - 24/07/2025 22:00","Denmark (DK)","3672.71","3967.00"
"24/07/2025 22:00 - 24/07/2025 23:00","Denmark (DK)","3577.47","3980.00"
"24/07/2025 23:00 - 25/07/2025 00:00","Denmark (DK)","3402.60","3904.00"
"25/07/2025 00:00 - 25/07/2025 01:00","Denmark (DK)","3291.09","3690.00"
"25/07/2025 01:00 - 25/07/2025 02:00","Denmark (DK)","3167.92","3542.00"
"25/07/2025 02:00 - 25/07/2025 03:00","Denmark (DK)","3203.56","3434.00"
"25/07/2025 03:00 - 25/07/2025 04:00","Denmark (DK)","3175.28","3363.00"
"25/07/2025 04:00 - 25/07/2025 05:00","Denmark (DK)","3079.54","3354.00"
"25/07/2025 05:00 - 25/07/2025 06:00","Denmark (DK)","3038.60","3402.00"
"25/07/2025 06:00 - 25/07/2025 07:00","Denmark (DK)","3260.78","3520.00"
"25/07/2025 07:00 - 25/07/2025 08:00","Denmark (DK)","3604.31","3612.00"
"25/07/2025 08:00 - 25/07/2025 09:00","Denmark (DK)","3947.89","3849.00"
"25/07/2025 09:00 - 25/07/2025 10:00","Denmark (DK)","4136.60","4075.00"
"25/07/2025 10:00 - 25/07/2025 11:00","Denmark (DK)","4300.15","4113.00"
"25/07/2025 11:00 - 25/07/2025 12:00","Denmark (DK)","4365.50","4023.00"
"25/07/2025 12:00 - 25/07/2025 13:00","Denmark (DK)","4338.44","3910.00"
"25/07/2025 13:00 - 25/07/2025 14:00","Denmark (DK)","4307.17","3860.00"
"25/07/2025 14:00 - 25/07/2025 15:00","Denmark (DK)","4223.16","3875.00"
"25/07/2025 15:00 - 25/07/2025 16:00","Denmark (DK)","4330.56","4139.00"
"25/07/2025 16:00 - 25/07/2025 17:00","Denmark (DK)","4258.48","4292.00"
"25/07/2025 17:00 - 25/07/2025 18:00","Denmark (DK)","4267.99","4361.00"
"25/07/2025 18:00 - 25/07/2025 19:00","Denmark (DK)","4203.33","4186.00"
"25/07/2025 19:00 - 25/07/2025 20:00","Denmark (DK)","3908.07","3952.00"
"25/07/2025 20:00 - 25/07/2025 21:00","Denmark (DK)","3691.37","3878.00"
"25/07/2025 21:00 - 25/07/2025 22:00","Denmark (DK)","3571.74","3881.00"
"25/07/2025 22:00 - 25/07/2025 23:00","Denmark (DK)","3435.57","3819.00"
"25/07/2025 23:00 - 26/07/2025 00:00","Denmark (DK)","3259.14","3658.00"
"26/07/2025 00:00 - 26/07/2025 01:00","Denmark (DK)","3159.66","3370.00"
"26/07/2025 01:00 - 26/07/2025 02:00","Denmark (DK)","3067.21","3122.00"
"26/07/2025 02:00 - 26/07/2025 03:00","Denmark (DK)","3012.75","2926.00"
"26/07/2025 03:00 - 26/07/2025 04:00","Denmark (DK)","2949.41","2815.00"
"26/07/2025 04:00 - 26/07/2025 05:00","Denmark (DK)","2936.40","2760.00"
"26/07/2025 05:00 - 26/07/2025 06:00","Denmark (DK)","2866.94","2729.00"
"26/07/2025 06:00 - 26/07/2025 07:00","Denmark (DK)","2836.60","2896.00"
"26/07/2025 07:00 - 26/07/2025 08:00","Denmark (DK)","3042.78","3094.00"
"26/07/2025 08:00 - 26/07/2025 09:00","Denmark (DK)","3303.49","3307.00"
"26/07/2025 09:00 - 26/07/2025 10:00","Denmark (DK)","3524.82","3466.00"
"26/07/2025 10:00 - 26/07/2025 11:00","Denmark (DK)","3712.26","3579.00"
"26/07/2025 11:00 - 26/07/2025 12:00","Denmark (DK)","3831.06","3649.00"
"26/07/2025 12:00 - 26/07/2025 13:00","Denmark (DK)","3886.82","3702.00"
"26/07/2025 13:00 - 26/07/2025 14:00","Denmark (DK)","3953.32","3740.00"
"26/07/2025 14:00 - 26/07/2025 15:00","Denmark (DK)","3835.32","3756.00"
"26/07/2025 15:00 - 26/07/2025 16:00","Denmark (DK)","3788.63","3730.00"
"26/07/2025 16:00 - 26/07/2025 17:00","Denmark (DK)","3767.90","3701.00"
"26/07/2025 17:00 - 26/07/2025 18:00","Denmark (DK)","3841.63","3786.00"
"26/07/2025 18:00 - 26/07/2025 19:00","Denmark (DK)","3816.85","3774.00"
"26/07/2025 19:00 - 26/07/2025 20:00","Denmark (DK)","3654.35","3630.00"
"26/07/2025 20:00 - 26/07/2025 21:00","Denmark (DK)","3491.34","3481.00"
"26/07/2025 21:00 - 26/07/2025 22:00","Denmark (DK)","3373.63","3373.00"
"26/07/2025 22:00 - 26/07/2025 23:00","Denmark (DK)","3306.30","3308.00"
"26/07/2025 23:00 - 27/07/2025 00:00","Denmark (DK)","3150.38","3201.00"
"27/07/2025 00:00 - 27/07/2025 01:00","Denmark (DK)","3032.96","3064.00"
"27/07/2025 01:00 - 27/07/2025 02:00","Denmark (DK)","2945.18","2924.00"
"27/07/2025 02:00 - 27/07/2025 03:00","Denmark (DK)","2879.64","2833.00"
"27/07/2025 03:00 - 27/07/2025 04:00","Denmark (DK)","2853.53","2779.00"
"27/07/2025 04:00 - 27/07/2025 05:00","Denmark (DK)","2811.42","2753.00"
"27/07/2025 05:00 - 27/07/2025 06:00","Denmark (DK)","2750.26","2721.00"
"27/07/2025 06:00 - 27/07/2025 07:00","Denmark (DK)","2781.82","2797.00"
"27/07/2025 07:00 - 27/07/2025 08:00","Denmark (DK)","2965.58","3002.00"
"27/07/2025 08:00 - 27/07/2025 09:00","Denmark (DK)","3254.57","3283.00"
"27/07/2025 09:00 - 27/07/2025 10:00","Denmark (DK)","3426.15","3576.00"
"27/07/2025 10:00 - 27/07/2025 11:00","Denmark (DK)","3631.40","3801.00"
"27/07/2025 11:00 - 27/07/2025 12:00","Denmark (DK)","3733.21","3907.00"
"27/07/2025 12:00 - 27/07/2025 13:00","Denmark (DK)","3846.45","4084.00"
"27/07/2025 13:00 - 27/07/2025 14:00","Denmark (DK)","4058.42","4135.00"
"27/07/2025 14:00 - 27/07/2025 15:00","Denmark (DK)","4100.22","4128.00"
"27/07/2025 15:00 - 27/07/2025 16:00","Denmark (DK)","3962.83","4028.00"
"27/07/2025 16:00 - 27/07/2025 17:00","Denmark (DK)","3899.94","3976.00"
"27/07/2025 17:00 - 27/07/2025 18:00","Denmark (DK)","3944.44","4022.00"
"27/07/2025 18:00 - 27/07/2025 19:00","Denmark (DK)","3972.43","3857.00"
"27/07/2025 19:00 - 27/07/2025 20:00","Denmark (DK)","3771.46","3738.00"
"27/07/2025 20:00 - 27/07/2025 21:00","Denmark (DK)","3605.83","3534.00"
"27/07/2025 21:00 - 27/07/2025 22:00","Denmark (DK)","3483.03","3421.00"
"27/07/2025 22:00 - 27/07/2025 23:00","Denmark (DK)","3398.89","3329.00"
"27/07/2025 23:00 - 28/07/2025 00:00","Denmark (DK)","3202.68","3256.00"
"28/07/2025 00:00 - 28/07/2025 01:00","Denmark (DK)","3111.86","3212.00"
"28/07/2025 01:00 - 28/07/2025 02:00","Denmark (DK)","3026.26","3054.00"
"28/07/2025 02:00 - 28/07/2025 03:00","Denmark (DK)","2998.11","3024.00"
"28/07/2025 03:00 - 28/07/2025 04:00","Denmark (DK)","3016.96","3074.00"
"28/07/2025 04:00 - 28/07/2025 05:00","Denmark (DK)","2959.51","3084.00"
"28/07/2025 05:00 - 28/07/2025 06:00","Denmark (DK)","2980.71","3075.00"
"28/07/2025 06:00 - 28/07/2025 07:00","Denmark (DK)","3248.08","3137.00"
"28/07/2025 07:00 - 28/07/2025 08:00","Denmark (DK)","3670.45","3411.00"
"28/07/2025 08:00 - 28/07/2025 09:00","Denmark (DK)","4040.44","3774.00"
"28/07/2025 09:00 - 28/07/2025 10:00","Denmark (DK)","4200.64","4162.00"
"28/07/2025 10:00 - 28/07/2025 11:00","Denmark (DK)","4331.75","4278.00"
"28/07/2025 11:00 - 28/07/2025 12:00","Denmark (DK)","4519.92","4315.00"
"28/07/2025 12:00 - 28/07/2025 13:00","Denmark (DK)","4541.46","4272.00"
"28/07/2025 13:00 - 28/07/2025 14:00","Denmark (DK)","4528.37","4260.00"
"28/07/2025 14:00 - 28/07/2025 15:00","Denmark (DK)","4487.56","4397.00"
"28/07/2025 15:00 - 28/07/2025 16:00","Denmark (DK)","4384.84","4317.00"
"28/07/2025 16:00 - 28/07/2025 17:00","Denmark (DK)","4448.27","4256.00"
"28/07/2025 17:00 - 28/07/2025 18:00","Denmark (DK)","4392.48","4372.00"
"28/07/2025 18:00 - 28/07/2025 19:00","Denmark (DK)","4276.41","4355.00"
"28/07/2025 19:00 - 28/07/2025 20:00","Denmark (DK)","4063.76","4200.00"
"28/07/2025 20:00 - 28/07/2025 21:00","Denmark (DK)","3872.20","4093.00"
"28/07/2025 21:00 - 28/07/2025 22:00","Denmark (DK)","3680.37","4073.00"
"28/07/2025 22:00 - 28/07/2025 23:00","Denmark (DK)","3609.07","4052.00"
"28/07/2025 23:00 - 29/07/2025 00:00","Denmark (DK)","3449.99","3931.00"
"29/07/2025 00:00 - 29/07/2025 01:00","Denmark (DK)","3330.97","3721.00"
"29/07/2025 01:00 - 29/07/2025 02:00","Denmark (DK)","3311.72","3562.00"
"29/07/2025 02:00 - 29/07/2025 03:00","Denmark (DK)","3269.71","3465.00"
"29/07/2025 03:00 - 29/07/2025 04:00","Denmark (DK)","3193.13","3421.00"
"29/07/2025 04:00 - 29/07/2025 05:00","Denmark (DK)","3123.13","3443.00"
"29/07/2025 05:00 - 29/07/2025 06:00","Denmark (DK)","3144.12","3505.00"
"29/07/2025 06:00 - 29/07/2025 07:00","Denmark (DK)","3374.29","3676.00"
"29/07/2025 07:00 - 29/07/2025 08:00","Denmark (DK)","3832.46","3898.00"
"29/07/2025 08:00 - 29/07/2025 09:00","Denmark (DK)","4216.61","4146.00"
"29/07/2025 09:00 - 29/07/2025 10:00","Denmark (DK)","4472.44","4273.00"
"29/07/2025 10:00 - 29/07/2025 11:00","Denmark (DK)","4625.24","4429.00"
"29/07/2025 11:00 - 29/07/2025 12:00","Denmark (DK)","4682.22","4545.00"
"29/07/2025 12:00 - 29/07/2025 13:00","Denmark (DK)","4703.04","4574.00"
"29/07/2025 13:00 - 29/07/2025 14:00","Denmark (DK)","4708.69","4661.00"
"29/07/2025 14:00 - 29/07/2025 15:00","Denmark (DK)","4613.43","4585.00"
"29/07/2025 15:00 - 29/07/2025 16:00","Denmark (DK)","4534.67","4509.00"
"29/07/2025 16:00 - 29/07/2025 17:00","Denmark (DK)","4531.72","4438.00"
"29/07/2025 17:00 - 29/07/2025 18:00","Denmark (DK)","4582.46","4531.00"
"29/07/2025 18:00 - 29/07/2025 19:00","Denmark (DK)","4402.90","4457.00"
"29/07/2025 19:00 - 29/07/2025 20:00","Denmark (DK)","4061.72","4266.00"
"29/07/2025 20:00 - 29/07/2025 21:00","Denmark (DK)","3934.59","4219.00"
"29/07/2025 21:00 - 29/07/2025 22:00","Denmark (DK)","3724.08","4250.00"
"29/07/2025 22:00 - 29/07/2025 23:00","Denmark (DK)","3606.76","4223.00"
"29/07/2025 23:00 - 30/07/2025 00:00","Denmark (DK)","3355.30","4091.00"
"30/07/2025 00:00 - 30/07/2025 01:00","Denmark (DK)","3223.68","3406.00"
"30/07/2025 01:00 - 30/07/2025 02:00","Denmark (DK)","3183.32","3301.00"
"30/07/2025 02:00 - 30/07/2025 03:00","Denmark (DK)","3088.86","3215.00"
"30/07/2025 03:00 - 30/07/2025 04:00","Denmark (DK)","3069.68","3142.00"
"30/07/2025 04:00 - 30/07/2025 05:00","Denmark (DK)","3091.97","3124.00"
"30/07/2025 05:00 - 30/07/2025 06:00","Denmark (DK)","3093.04","3072.00"
"30/07/2025 06:00 - 30/07/2025 07:00","Denmark (DK)","3353.35","3204.00"
"30/07/2025 07:00 - 30/07/2025 08:00","Denmark (DK)","3757.54","3656.00"
"30/07/2025 08:00 - 30/07/2025 09:00","Denmark (DK)","4044.78","3915.00"
"30/07/2025 09:00 - 30/07/2025 10:00","Denmark (DK)","4292.39","4028.00"
"30/07/2025 10:00 - 30/07/2025 11:00","Denmark (DK)","4441.89","4237.00"
"30/07/2025 11:00 - 30/07/2025 12:00","Denmark (DK)","4494.36","4437.00"
"30/07/2025 12:00 - 30/07/2025 13:00","Denmark (DK)","4590.73","4385.00"
"30/07/2025 13:00 - 30/07/2025 14:00","Denmark (DK)","4627.78","4521.00"
"30/07/2025 14:00 - 30/07/2025 15:00","Denmark (DK)","4522.64","4524.00"
"30/07/2025 15:00 - 30/07/2025 16:00","Denmark (DK)","4384.60","4385.00"
"30/07/2025 16:00 - 30/07/2025 17:00","Denmark (DK)","4395.06","4257.00"
"30/07/2025 17:00 - 30/07/2025 18:00","Denmark (DK)","4356.50","4269.00"
"30/07/2025 18:00 - 30/07/2025 19:00","Denmark (DK)","4284.75","4186.00"
"30/07/2025 19:00 - 30/07/2025 20:00","Denmark (DK)","4053.24","4036.00"
"30/07/2025 20:00 - 30/07/2025 21:00","Denmark (DK)","3859.47","3961.00"
"30/07/2025 21:00 - 30/07/2025 22:00","Denmark (DK)","3722.02","3946.00"
"30/07/2025 22:00 - 30/07/2025 23:00","Denmark (DK)","3659.37","3918.00"
"30/07/2025 23:00 - 31/07/2025 00:00","Denmark (DK)","3445.47","3804.00"
"31/07/2025 00:00 - 31/07/2025 01:00","Denmark (DK)","3415.95","3325.00"
"31/07/2025 01:00 - 31/07/2025 02:00","Denmark (DK)","3441.10","3257.00"
"31/07/2025 02:00 - 31/07/2025 03:00","Denmark (DK)","3314.68","3210.00"
"31/07/2025 03:00 - 31/07/2025 04:00","Denmark (DK)","3161.16","3159.00"
"31/07/2025 04:00 - 31/07/2025 05:00","Denmark (DK)","3042.14","3143.00"
"31/07/2025 05:00 - 31/07/2025 06:00","Denmark (DK)","3065.97","3182.00"
"31/07/2025 06:00 - 31/07/2025 07:00","Denmark (DK)","3394.04","3314.00"
"31/07/2025 07:00 - 31/07/2025 08:00","Denmark (DK)","3772.43","3623.00"
"31/07/2025 08:00 - 31/07/2025 09:00","Denmark (DK)","4093.99","3892.00"
"31/07/2025 09:00 - 31/07/2025 10:00","Denmark (DK)","4272.91","4038.00"
"31/07/2025 10:00 - 31/07/2025 11:00","Denmark (DK)","4432.81","4134.00"
"31/07/2025 11:00 - 31/07/2025 12:00","Denmark (DK)","4468.41","4424.00"
"31/07/2025 12:00 - 31/07/2025 13:00","Denmark (DK)","4430.27","4417.00"
"31/07/2025 13:00 - 31/07/2025 14:00","Denmark (DK)","4465.92","4396.00"
"31/07/2025 14:00 - 31/07/2025 15:00","Denmark (DK)","4391.97","4312.00"
"31/07/2025 15:00 - 31/07/2025 16:00","Denmark (DK)","4317.75","4217.00"
"31/07/2025 16:00 - 31/07/2025 17:00","Denmark (DK)","4392.01","4165.00"
"31/07/2025 17:00 - 31/07/2025 18:00","Denmark (DK)","4437.08","4428.00"
"31/07/2025 18:00 - 31/07/2025 19:00","Denmark (DK)","4312.38","4303.00"
"31/07/2025 19:00 - 31/07/2025 20:00","Denmark (DK)","4099.08","4120.00"
"31/07/2025 20:00 - 31/07/2025 21:00","Denmark (DK)","3898.12","4057.00"
"31/07/2025 21:00 - 31/07/2025 22:00","Denmark (DK)","3793.60","4065.00"
"31/07/2025 22:00 - 31/07/2025 23:00","Denmark (DK)","3651.27","4017.00"
"31/07/2025 23:00 - 01/08/2025 00:00","Denmark (DK)","3427.26","3876.00"
"01/08/2025 00:00 - 01/08/2025 01:00","Denmark (DK)","3346.05","3542.00"
"01/08/2025 01:00 - 01/08/2025 02:00","Denmark (DK)","3325.34","3360.00"
"01/08/2025 02:00 - 01/08/2025 03:00","Denmark (DK)","3265.09","3244.00"
"01/08/2025 03:00 - 01/08/2025 04:00","Denmark (DK)","3165.20","3173.00"
"01/08/2025 04:00 - 01/08/2025 05:00","Denmark (DK)","3083.28","3137.00"
"01/08/2025 05:00 - 01/08/2025 06:00","Denmark (DK)","3084.94","3193.00"
"01/08/2025 06:00 - 01/08/2025 07:00","Denmark (DK)","3417.20","3345.00"
"01/08/2025 07:00 - 01/08/2025 08:00","Denmark (DK)","3838.57","3677.00"
"01/08/2025 08:00 - 01/08/2025 09:00","Denmark (DK)","4157.75","4062.00"
"01/08/2025 09:00 - 01/08/2025 10:00","Denmark (DK)","4343.53","4161.00"
"01/08/2025 10:00 - 01/08/2025 11:00","Denmark (DK)","4433.62","4152.00"
"01/08/2025 11:00 - 01/08/2025 12:00","Denmark (DK)","4560.57","4285.00"
"01/08/2025 12:00 - 01/08/2025 13:00","Denmark (DK)","4606.65","4400.00"
"01/08/2025 13:00 - 01/08/2025 14:00","Denmark (DK)","4549.71","4299.00"
"01/08/2025 14:00 - 01/08/2025 15:00","Denmark (DK)","4533.12","4130.00"
"01/08/2025 15:00 - 01/08/2025 16:00","Denmark (DK)","4450.15","4294.00"
"01/08/2025 16:00 - 01/08/2025 17:00","Denmark (DK)","4343.54","4431.00"
"01/08/2025 17:00 - 01/08/2025 18:00","Denmark (DK)","4284.41","4431.00"
"01/08/2025 18:00 - 01/08/2025 19:00","Denmark (DK)","4292.48","4274.00"
"01/08/2025 19:00 - 01/08/2025 20:00","Denmark (DK)","4069.54","4047.00"
"01/08/2025 20:00 - 01/08/2025 21:00","Denmark (DK)","3806.15","3956.00"
"01/08/2025 21:00 - 01/08/2025 22:00","Denmark (DK)","3677.74","3941.00"
"01/08/2025 22:00 - 01/08/2025 23:00","Denmark (DK)","3545.94","3867.00"
"01/08/2025 23:00 - 02/08/2025 00:00","Denmark (DK)","3398.33","3708.00"
"02/08/2025 00:00 - 02/08/2025 01:00","Denmark (DK)","3278.49","3242.00"
"02/08/2025 01:00 - 02/08/2025 02:00","Denmark (DK)","3163.80","3045.00"
"02/08/2025 02:00 - 02/08/2025 03:00","Denmark (DK)","3097.42","2879.00"
"02/08/2025 03:00 - 02/08/2025 04:00","Denmark (DK)","3067.06","2734.00"
"02/08/2025 04:00 - 02/08/2025 05:00","Denmark (DK)","3055.80","2663.00"
"02/08/2025 05:00 - 02/08/2025 06:00","Denmark (DK)","2976.07","2611.00"
"02/08/2025 06:00 - 02/08/2025 07:00","Denmark (DK)","3055.00","2957.00"
"02/08/2025 07:00 - 02/08/2025 08:00","Denmark (DK)","3254.34","3233.00"
"02/08/2025 08:00 - 02/08/2025 09:00","Denmark (DK)","3520.22","3498.00"
"02/08/2025 09:00 - 02/08/2025 10:00","Denmark (DK)","3750.12","3679.00"
"02/08/2025 10:00 - 02/08/2025 11:00","Denmark (DK)","4099.15","3838.00"
"02/08/2025 11:00 - 02/08/2025 12:00","Denmark (DK)","4288.94","3866.00"
"02/08/2025 12:00 - 02/08/2025 13:00","Denmark (DK)","4392.62","3886.00"
"02/08/2025 13:00 - 02/08/2025 14:00","Denmark (DK)","4414.48","4148.00"
"02/08/2025 14:00 - 02/08/2025 15:00","Denmark (DK)","4277.88","4063.00"
"02/08/2025 15:00 - 02/08/2025 16:00","Denmark (DK)","4189.68","4121.00"
"02/08/2025 16:00 - 02/08/2025 17:00","Denmark (DK)","4132.43","4073.00"
"02/08/2025 17:00 - 02/08/2025 18:00","Denmark (DK)","4092.55","4125.00"
"02/08/2025 18:00 - 02/08/2025 19:00","Denmark (DK)","4031.87","4102.00"
"02/08/2025 19:00 - 02/08/2025 20:00","Denmark (DK)","3795.64","3937.00"
"02/08/2025 20:00 - 02/08/2025 21:00","Denmark (DK)","3639.98","3792.00"
"02/08/2025 21:00 - 02/08/2025 22:00","Denmark (DK)","3566.79","3712.00"
"02/08/2025 22:00 - 02/08/2025 23:00","Denmark (DK)","3479.89","3649.00"
"02/08/2025 23:00 - 03/08/2025 00:00","Denmark (DK)","3244.13","3526.00"
"03/08/2025 00:00 - 03/08/2025 01:00","Denmark (DK)","3136.59","3207.00"
"03/08/2025 01:00 - 03/08/2025 02:00","Denmark (DK)","3073.06","3051.00"
"03/08/2025 02:00 - 03/08/2025 03:00","Denmark (DK)","2966.42","2961.00"
"03/08/2025 03:00 - 03/08/2025 04:00","Denmark (DK)","2924.79","2904.00"
"03/08/2025 04:00 - 03/08/2025 05:00","Denmark (DK)","2932.56","2879.00"
"03/08/2025 05:00 - 03/08/2025 06:00","Denmark (DK)","2892.24","2856.00"
"03/08/2025 06:00 - 03/08/2025 07:00","Denmark (DK)","2929.91","2931.00"
"03/08/2025 07:00 - 03/08/2025 08:00","Denmark (DK)","3179.31","3177.00"
"03/08/2025 08:00 - 03/08/2025 09:00","Denmark (DK)","3583.42","3483.00"
"03/08/2025 09:00 - 03/08/2025 10:00","Denmark (DK)","3910.97","3768.00"
"03/08/2025 10:00 - 03/08/2025 11:00","Denmark (DK)","4081.81","3928.00"
"03/08/2025 11:00 - 03/08/2025 12:00","Denmark (DK)","4312.18","4126.00"
"03/08/2025 12:00 - 03/08/2025 13:00","Denmark (DK)","4427.56","4347.00"
"03/08/2025 13:00 - 03/08/2025 14:00","Denmark (DK)","4467.01","4418.00"
"03/08/2025 14:00 - 03/08/2025 15:00","Denmark (DK)","4440.75","4453.00"
"03/08/2025 15:00 - 03/08/2025 16:00","Denmark (DK)","4330.69","4376.00"
"03/08/2025 16:00 - 03/08/2025 17:00","Denmark (DK)","4383.96","4318.00"
"03/08/2025 17:00 - 03/08/2025 18:00","Denmark (DK)","4392.29","4325.00"
"03/08/2025 18:00 - 03/08/2025 19:00","Denmark (DK)","4223.44","4267.00"
"03/08/2025 19:00 - 03/08/2025 20:00","Denmark (DK)","3963.61","4066.00"
"03/08/2025 20:00 - 03/08/2025 21:00","Denmark (DK)","3734.80","3912.00"
"03/08/2025 21:00 - 03/08/2025 22:00","Denmark (DK)","3660.34","3855.00"
"03/08/2025 22:00 - 03/08/2025 23:00","Denmark (DK)","3509.90","3794.00"
"03/08/2025 23:00 - 04/08/2025 00:00","Denmark (DK)","3298.19","3737.00"
"04/08/2025 00:00 - 04/08/2025 01:00","Denmark (DK)","3314.67","3473.00"
"04/08/2025 01:00 - 04/08/2025 02:00","Denmark (DK)","3324.06","3292.00"
"04/08/2025 02:00 - 04/08/2025 03:00","Denmark (DK)","3264.59","3285.00"
"04/08/2025 03:00 - 04/08/2025 04:00","Denmark (DK)","3077.00","3328.00"
"04/08/2025 04:00 - 04/08/2025 05:00","Denmark (DK)","3061.47","3353.00"
"04/08/2025 05:00 - 04/08/2025 06:00","Denmark (DK)","3165.57","3479.00"
"04/08/2025 06:00 - 04/08/2025 07:00","Denmark (DK)","3559.44","3446.00"
"04/08/2025 07:00 - 04/08/2025 08:00","Denmark (DK)","4014.97","3753.00"
"04/08/2025 08:00 - 04/08/2025 09:00","Denmark (DK)","4401.45","4119.00"
"04/08/2025 09:00 - 04/08/2025 10:00","Denmark (DK)","4581.42","4259.00"
"04/08/2025 10:00 - 04/08/2025 11:00","Denmark (DK)","4805.73","4435.00"
"04/08/2025 11:00 - 04/08/2025 12:00","Denmark (DK)","4927.79","4491.00"
"04/08/2025 12:00 - 04/08/2025 13:00","Denmark (DK)","4980.32","4485.00"
"04/08/2025 13:00 - 04/08/2025 14:00","Denmark (DK)","5033.94","4543.00"
"04/08/2025 14:00 - 04/08/2025 15:00","Denmark (DK)","4926.88","4479.00"
"04/08/2025 15:00 - 04/08/2025 16:00","Denmark (DK)","4837.01","4641.00"
"04/08/2025 16:00 - 04/08/2025 17:00","Denmark (DK)","4851.56","4690.00"
"04/08/2025 17:00 - 04/08/2025 18:00","Denmark (DK)","4887.18","4724.00"
"04/08/2025 18:00 - 04/08/2025 19:00","Denmark (DK)","4746.98","4516.00"
"04/08/2025 19:00 - 04/08/2025 20:00","Denmark (DK)","4578.35","4479.00"
"04/08/2025 20:00 - 04/08/2025 21:00","Denmark (DK)","4389.85","4514.00"
"04/08/2025 21:00 - 04/08/2025 22:00","Denmark (DK)","4343.73","4498.00"
"04/08/2025 22:00 - 04/08/2025 23:00","Denmark (DK)","4086.90","4425.00"
"04/08/2025 23:00 - 05/08/2025 00:00","Denmark (DK)","3811.57","4268.00"
"05/08/2025 00:00 - 05/08/2025 01:00","Denmark (DK)","3879.55","3984.00"
"05/08/2025 01:00 - 05/08/2025 02:00","Denmark (DK)","3760.31","3792.00"
"05/08/2025 02:00 - 05/08/2025 03:00","Denmark (DK)","3735.06","3680.00"
"05/08/2025 03:00 - 05/08/2025 04:00","Denmark (DK)","3548.93","3610.00"
"05/08/2025 04:00 - 05/08/2025 05:00","Denmark (DK)","3557.51","3549.00"
"05/08/2025 05:00 - 05/08/2025 06:00","Denmark (DK)","3590.00","3524.00"
"05/08/2025 06:00 - 05/08/2025 07:00","Denmark (DK)","3846.01","3791.00"
"05/08/2025 07:00 - 05/08/2025 08:00","Denmark (DK)","4263.45","4166.00"
"05/08/2025 08:00 - 05/08/2025 09:00","Denmark (DK)","4596.91","4442.00"
"05/08/2025 09:00 - 05/08/2025 10:00","Denmark (DK)","4868.09","4692.00"
"05/08/2025 10:00 - 05/08/2025 11:00","Denmark (DK)","5029.31","4968.00"
"05/08/2025 11:00 - 05/08/2025 12:00","Denmark (DK)","5211.60","5094.00"
"05/08/2025 12:00 - 05/08/2025 13:00","Denmark (DK)","5158.68","5188.00"
"05/08/2025 13:00 - 05/08/2025 14:00","Denmark (DK)","5265.05","5108.00"
"05/08/2025 14:00 - 05/08/2025 15:00","Denmark (DK)","5123.39","4866.00"
"05/08/2025 15:00 - 05/08/2025 16:00","Denmark (DK)","5008.57","4630.00"
"05/08/2025 16:00 - 05/08/2025 17:00","Denmark (DK)","4985.28","4910.00"
"05/08/2025 17:00 - 05/08/2025 18:00","Denmark (DK)","5000.88","4936.00"
"05/08/2025 18:00 - 05/08/2025 19:00","Denmark (DK)","4949.40","4765.00"
"05/08/2025 19:00 - 05/08/2025 20:00","Denmark (DK)","4723.49","4601.00"
"05/08/2025 20:00 - 05/08/2025 21:00","Denmark (DK)","4336.04","4604.00"
"05/08/2025 21:00 - 05/08/2025 22:00","Denmark (DK)","4217.59","4646.00"
"05/08/2025 22:00 - 05/08/2025 23:00","Denmark (DK)","4103.92","4623.00"
"05/08/2025 23:00 - 06/08/2025 00:00","Denmark (DK)","3862.56","4476.00"
"06/08/2025 00:00 - 06/08/2025 01:00","Denmark (DK)","4061.67","4271.00"
"06/08/2025 01:00 - 06/08/2025 02:00","Denmark (DK)","3920.86","4096.00"
"06/08/2025 02:00 - 06/08/2025 03:00","Denmark (DK)","3765.15","3985.00"
"06/08/2025 03:00 - 06/08/2025 04:00","Denmark (DK)","3679.97","3906.00"
"06/08/2025 04:00 - 06/08/2025 05:00","Denmark (DK)","3546.57","3892.00"
"06/08/2025 05:00 - 06/08/2025 06:00","Denmark (DK)","3593.12","3927.00"
"06/08/2025 06:00 - 06/08/2025 07:00","Denmark (DK)","3911.93","4170.00"
"06/08/2025 07:00 - 06/08/2025 08:00","Denmark (DK)","4358.20","4255.00"
"06/08/2025 08:00 - 06/08/2025 09:00","Denmark (DK)","4660.08","4473.00"
"06/08/2025 09:00 - 06/08/2025 10:00","Denmark (DK)","4939.37","4579.00"
"06/08/2025 10:00 - 06/08/2025 11:00","Denmark (DK)","4963.95","4632.00"
"06/08/2025 11:00 - 06/08/2025 12:00","Denmark (DK)","5067.62","4616.00"
"06/08/2025 12:00 - 06/08/2025 13:00","Denmark (DK)","5084.60","4653.00"
"06/08/2025 13:00 - 06/08/2025 14:00","Denmark (DK)","5140.07","4706.00"
"06/08/2025 14:00 - 06/08/2025 15:00","Denmark (DK)","5033.10","4793.00"
"06/08/2025 15:00 - 06/08/2025 16:00","Denmark (DK)","4940.03","4796.00"
"06/08/2025 16:00 - 06/08/2025 17:00","Denmark (DK)","4991.41","4825.00"
"06/08/2025 17:00 - 06/08/2025 18:00","Denmark (DK)","4883.37","4961.00"
"06/08/2025 18:00 - 06/08/2025 19:00","Denmark (DK)","4821.68","4795.00"
"06/08/2025 19:00 - 06/08/2025 20:00","Denmark (DK)","4493.74","4706.00"
"06/08/2025 20:00 - 06/08/2025 21:00","Denmark (DK)","4188.19","4550.00"
"06/08/2025 21:00 - 06/08/2025 22:00","Denmark (DK)","3967.16","4661.00"
"06/08/2025 22:00 - 06/08/2025 23:00","Denmark (DK)","3772.55","4638.00"
"06/08/2025 23:00 - 07/08/2025 00:00","Denmark (DK)","3544.72","4494.00"
"07/08/2025 00:00 - 07/08/2025 01:00","Denmark (DK)","3443.21","4476.00"
"07/08/2025 01:00 - 07/08/2025 02:00","Denmark (DK)","3304.94","4296.00"
"07/08/2025 02:00 - 07/08/2025 03:00","Denmark (DK)","3326.84","4148.00"
"07/08/2025 03:00 - 07/08/2025 04:00","Denmark (DK)","3252.02","4025.00"
"07/08/2025 04:00 - 07/08/2025 05:00","Denmark (DK)","3200.20","3992.00"
"07/08/2025 05:00 - 07/08/2025 06:00","Denmark (DK)","3221.51","3999.00"
"07/08/2025 06:00 - 07/08/2025 07:00","Denmark (DK)","3606.34","3797.00"
"07/08/2025 07:00 - 07/08/2025 08:00","Denmark (DK)","4089.98","3922.00"
"07/08/2025 08:00 - 07/08/2025 09:00","Denmark (DK)","4418.04","4168.00"
"07/08/2025 09:00 - 07/08/2025 10:00","Denmark (DK)","4584.44","4302.00"
"07/08/2025 10:00 - 07/08/2025 11:00","Denmark (DK)","4828.80","4460.00"
"07/08/2025 11:00 - 07/08/2025 12:00","Denmark (DK)","5064.88","4500.00"
"07/08/2025 12:00 - 07/08/2025 13:00","Denmark (DK)","5045.65","4507.00"
"07/08/2025 13:00 - 07/08/2025 14:00","Denmark (DK)","5039.25","4534.00"
"07/08/2025 14:00 - 07/08/2025 15:00","Denmark (DK)","4972.40","4444.00"
"07/08/2025 15:00 - 07/08/2025 16:00","Denmark (DK)","4754.43","4527.00"
"07/08/2025 16:00 - 07/08/2025 17:00","Denmark (DK)","4769.22","4669.00"
"07/08/2025 17:00 - 07/08/2025 18:00","Denmark (DK)","4671.25","4741.00"
"07/08/2025 18:00 - 07/08/2025 19:00","Denmark (DK)","4612.72","4531.00"
"07/08/2025 19:00 - 07/08/2025 20:00","Denmark (DK)","4367.90","4357.00"
"07/08/2025 20:00 - 07/08/2025 21:00","Denmark (DK)","4095.37","4286.00"
"07/08/2025 21:00 - 07/08/2025 22:00","Denmark (DK)","3949.51","4281.00"
"07/08/2025 22:00 - 07/08/2025 23:00","Denmark (DK)","3735.36","4164.00"
"07/08/2025 23:00 - 08/08/2025 00:00","Denmark (DK)","3541.11","4003.00"
"08/08/2025 00:00 - 08/08/2025 01:00","Denmark (DK)","3426.84","3857.00"
"08/08/2025 01:00 - 08/08/2025 02:00","Denmark (DK)","3375.97","3745.00"
"08/08/2025 02:00 - 08/08/2025 03:00","Denmark (DK)","3334.31","3686.00"
"08/08/2025 03:00 - 08/08/2025 04:00","Denmark (DK)","3274.20","3715.00"
"08/08/2025 04:00 - 08/08/2025 05:00","Denmark (DK)","3207.63","3747.00"
"08/08/2025 05:00 - 08/08/2025 06:00","Denmark (DK)","3212.78","3772.00"
"08/08/2025 06:00 - 08/08/2025 07:00","Denmark (DK)","3625.53","3905.00"
"08/08/2025 07:00 - 08/08/2025 08:00","Denmark (DK)","4081.70","4185.00"
"08/08/2025 08:00 - 08/08/2025 09:00","Denmark (DK)","4367.84","4455.00"
"08/08/2025 09:00 - 08/08/2025 10:00","Denmark (DK)","4551.34","4608.00"
"08/08/2025 10:00 - 08/08/2025 11:00","Denmark (DK)","4755.25","4757.00"
"08/08/2025 11:00 - 08/08/2025 12:00","Denmark (DK)","4837.00","4826.00"
"08/08/2025 12:00 - 08/08/2025 13:00","Denmark (DK)","4855.47","4810.00"
"08/08/2025 13:00 - 08/08/2025 14:00","Denmark (DK)","4803.98","4771.00"
"08/08/2025 14:00 - 08/08/2025 15:00","Denmark (DK)","4683.14","4597.00"
"08/08/2025 15:00 - 08/08/2025 16:00","Denmark (DK)","4522.40","4531.00"
"08/08/2025 16:00 - 08/08/2025 17:00","Denmark (DK)","4420.86","4478.00"
"08/08/2025 17:00 - 08/08/2025 18:00","Denmark (DK)","4425.45","4480.00"
"08/08/2025 18:00 - 08/08/2025 19:00","Denmark (DK)","4250.36","4333.00"
"08/08/2025 19:00 - 08/08/2025 20:00","Denmark (DK)","4029.23","4146.00"
"08/08/2025 20:00 - 08/08/2025 21:00","Denmark (DK)","3849.54","3978.00"
"08/08/2025 21:00 - 08/08/2025 22:00","Denmark (DK)","3721.57","3891.00"
"08/08/2025 22:00 - 08/08/2025 23:00","Denmark (DK)","3530.20","3770.00"
"08/08/2025 23:00 - 09/08/2025 00:00","Denmark (DK)","3322.52","3573.00"
"09/08/2025 00:00 - 09/08/2025 01:00","Denmark (DK)","3289.54","3345.00"
"09/08/2025 01:00 - 09/08/2025 02:00","Denmark (DK)","3212.33","3136.00"
"09/08/2025 02:00 - 09/08/2025 03:00","Denmark (DK)","3101.91","2997.00"
"09/08/2025 03:00 - 09/08/2025 04:00","Denmark (DK)","3016.57","2898.00"
"09/08/2025 04:00 - 09/08/2025 05:00","Denmark (DK)","2974.15","2851.00"
"09/08/2025 05:00 - 09/08/2025 06:00","Denmark (DK)","2926.80","2867.00"
"09/08/2025 06:00 - 09/08/2025 07:00","Denmark (DK)","2975.09","2920.00"
"09/08/2025 07:00 - 09/08/2025 08:00","Denmark (DK)","3194.93","3129.00"
"09/08/2025 08:00 - 09/08/2025 09:00","Denmark (DK)","3479.74","3393.00"
"09/08/2025 09:00 - 09/08/2025 10:00","Denmark (DK)","3826.74","3618.00"
"09/08/2025 10:00 - 09/08/2025 11:00","Denmark (DK)","4152.12","3765.00"
"09/08/2025 11:00 - 09/08/2025 12:00","Denmark (DK)","4239.19","3851.00"
"09/08/2025 12:00 - 09/08/2025 13:00","Denmark (DK)","4365.78","3943.00"
"09/08/2025 13:00 - 09/08/2025 14:00","Denmark (DK)","4379.27","4022.00"
"09/08/2025 14:00 - 09/08/2025 15:00","Denmark (DK)","4296.29","4009.00"
"09/08/2025 15:00 - 09/08/2025 16:00","Denmark (DK)","4207.28","3988.00"
"09/08/2025 16:00 - 09/08/2025 17:00","Denmark (DK)","4049.99","4116.00"
"09/08/2025 17:00 - 09/08/2025 18:00","Denmark (DK)","4215.97","4168.00"
"09/08/2025 18:00 - 09/08/2025 19:00","Denmark (DK)","4081.52","4069.00"
"09/08/2025 19:00 - 09/08/2025 20:00","Denmark (DK)","3823.18","3845.00"
"09/08/2025 20:00 - 09/08/2025 21:00","Denmark (DK)","3642.45","3661.00"
"09/08/2025 21:00 - 09/08/2025 22:00","Denmark (DK)","3522.84","3588.00"
"09/08/2025 22:00 - 09/08/2025 23:00","Denmark (DK)","3364.34","3483.00"
"09/08/2025 23:00 - 10/08/2025 00:00","Denmark (DK)","3194.44","3332.00"
"10/08/2025 00:00 - 10/08/2025 01:00","Denmark (DK)","3138.37","3172.00"
"10/08/2025 01:00 - 10/08/2025 02:00","Denmark (DK)","3064.45","3046.00"
"10/08/2025 02:00 - 10/08/2025 03:00","Denmark (DK)","2974.00","2990.00"
"10/08/2025 03:00 - 10/08/2025 04:00","Denmark (DK)","2919.59","2944.00"
"10/08/2025 04:00 - 10/08/2025 05:00","Denmark (DK)","2861.18","2919.00"
"10/08/2025 05:00 - 10/08/2025 06:00","Denmark (DK)","2773.44","2876.00"
"10/08/2025 06:00 - 10/08/2025 07:00","Denmark (DK)","2816.53","2842.00"
"10/08/2025 07:00 - 10/08/2025 08:00","Denmark (DK)","3018.88","3010.00"
"10/08/2025 08:00 - 10/08/2025 09:00","Denmark (DK)","3436.81","3343.00"
"10/08/2025 09:00 - 10/08/2025 10:00","Denmark (DK)","3922.26","3622.00"
"10/08/2025 10:00 - 10/08/2025 11:00","Denmark (DK)","4285.83","3892.00"
"10/08/2025 11:00 - 10/08/2025 12:00","Denmark (DK)","4470.67","4053.00"
"10/08/2025 12:00 - 10/08/2025 13:00","Denmark (DK)","4556.14","4172.00"
"10/08/2025 13:00 - 10/08/2025 14:00","Denmark (DK)","4642.87","4307.00"
"10/08/2025 14:00 - 10/08/2025 15:00","Denmark (DK)","4652.68","4293.00"
"10/08/2025 15:00 - 10/08/2025 16:00","Denmark (DK)","4470.70","4411.00"
"10/08/2025 16:00 - 10/08/2025 17:00","Denmark (DK)","4361.89","4298.00"
"10/08/2025 17:00 - 10/08/2025 18:00","Denmark (DK)","4381.97","4340.00"
"10/08/2025 18:00 - 10/08/2025 19:00","Denmark (DK)","4140.77","4212.00"
"10/08/2025 19:00 - 10/08/2025 20:00","Denmark (DK)","3948.03","4002.00"
"10/08/2025 20:00 - 10/08/2025 21:00","Denmark (DK)","3747.92","3844.00"
"10/08/2025 21:00 - 10/08/2025 22:00","Denmark (DK)","3637.95","3811.00"
"10/08/2025 22:00 - 10/08/2025 23:00","Denmark (DK)","3488.82","3746.00"
"10/08/2025 23:00 - 11/08/2025 00:00","Denmark (DK)","3269.99","3688.00"
"11/08/2025 00:00 - 11/08/2025 01:00","Denmark (DK)","3213.45","3560.00"
"11/08/2025 01:00 - 11/08/2025 02:00","Denmark (DK)","3222.97","3528.00"
"11/08/2025 02:00 - 11/08/2025 03:00","Denmark (DK)","3173.84","3528.00"
"11/08/2025 03:00 - 11/08/2025 04:00","Denmark (DK)","3074.17","3526.00"
"11/08/2025 04:00 - 11/08/2025 05:00","Denmark (DK)","3027.89","3559.00"
"11/08/2025 05:00 - 11/08/2025 06:00","Denmark (DK)","3153.30","3667.00"
"11/08/2025 06:00 - 11/08/2025 07:00","Denmark (DK)","3608.64","3950.00"
"11/08/2025 07:00 - 11/08/2025 08:00","Denmark (DK)","4102.34","4319.00"
"11/08/2025 08:00 - 11/08/2025 09:00","Denmark (DK)","4357.96","4609.00"
"11/08/2025 09:00 - 11/08/2025 10:00","Denmark (DK)","4527.12","4739.00"
"11/08/2025 10:00 - 11/08/2025 11:00","Denmark (DK)","4736.34","4861.00"
"11/08/2025 11:00 - 11/08/2025 12:00","Denmark (DK)","4953.44","4824.00"
"11/08/2025 12:00 - 11/08/2025 13:00","Denmark (DK)","4955.38","4767.00"
"11/08/2025 13:00 - 11/08/2025 14:00","Denmark (DK)","4998.89","4735.00"
"11/08/2025 14:00 - 11/08/2025 15:00","Denmark (DK)","4984.06","4588.00"
"11/08/2025 15:00 - 11/08/2025 16:00","Denmark (DK)","4717.22","4400.00"
"11/08/2025 16:00 - 11/08/2025 17:00","Denmark (DK)","4596.83","4381.00"
"11/08/2025 17:00 - 11/08/2025 18:00","Denmark (DK)","4665.28","4547.00"
"11/08/2025 18:00 - 11/08/2025 19:00","Denmark (DK)","4521.35","4413.00"
"11/08/2025 19:00 - 11/08/2025 20:00","Denmark (DK)","4322.35","4254.00"
"11/08/2025 20:00 - 11/08/2025 21:00","Denmark (DK)","4124.66","4183.00"
"11/08/2025 21:00 - 11/08/2025 22:00","Denmark (DK)","4009.00","4220.00"
"11/08/2025 22:00 - 11/08/2025 23:00","Denmark (DK)","3753.63","4130.00"
"11/08/2025 23:00 - 12/08/2025 00:00","Denmark (DK)","3525.34","3933.00"
"12/08/2025 00:00 - 12/08/2025 01:00","Denmark (DK)","3483.77","3652.00"
"12/08/2025 01:00 - 12/08/2025 02:00","Denmark (DK)","3425.06","3486.00"
"12/08/2025 02:00 - 12/08/2025 03:00","Denmark (DK)","3400.04","3393.00"
"12/08/2025 03:00 - 12/08/2025 04:00","Denmark (DK)","3305.94","3350.00"
"12/08/2025 04:00 - 12/08/2025 05:00","Denmark (DK)","3231.58","3348.00"
"12/08/2025 05:00 - 12/08/2025 06:00","Denmark (DK)","3315.37","3428.00"
"12/08/2025 06:00 - 12/08/2025 07:00","Denmark (DK)","3746.92","3567.00"
"12/08/2025 07:00 - 12/08/2025 08:00","Denmark (DK)","4222.62","3922.00"
"12/08/2025 08:00 - 12/08/2025 09:00","Denmark (DK)","4536.13","4193.00"
"12/08/2025 09:00 - 12/08/2025 10:00","Denmark (DK)","4647.41","4306.00"
"12/08/2025 10:00 - 12/08/2025 11:00","Denmark (DK)","4748.60","4439.00"
"12/08/2025 11:00 - 12/08/2025 12:00","Denmark (DK)","4868.18","4577.00"
"12/08/2025 12:00 - 12/08/2025 13:00","Denmark (DK)","4910.93","4671.00"
"12/08/2025 13:00 - 12/08/2025 14:00","Denmark (DK)","4957.41","4665.00"
"12/08/2025 14:00 - 12/08/2025 15:00","Denmark (DK)","4936.62","4531.00"
"12/08/2025 15:00 - 12/08/2025 16:00","Denmark (DK)","4711.22","4595.00"
"12/08/2025 16:00 - 12/08/2025 17:00","Denmark (DK)","4643.94","4704.00"
"12/08/2025 17:00 - 12/08/2025 18:00","Denmark (DK)","4711.89","4706.00"
"12/08/2025 18:00 - 12/08/2025 19:00","Denmark (DK)","4634.46","4542.00"
"12/08/2025 19:00 - 12/08/2025 20:00","Denmark (DK)","4411.22","4328.00"
"12/08/2025 20:00 - 12/08/2025 21:00","Denmark (DK)","4217.58","4224.00"
"12/08/2025 21:00 - 12/08/2025 22:00","Denmark (DK)","4096.09","4242.00"
"12/08/2025 22:00 - 12/08/2025 23:00","Denmark (DK)","3829.62","4130.00"
"12/08/2025 23:00 - 13/08/2025 00:00","Denmark (DK)","3612.46","3955.00"
"13/08/2025 00:00 - 13/08/2025 01:00","Denmark (DK)","3523.15","3679.00"
"13/08/2025 01:00 - 13/08/2025 02:00","Denmark (DK)","3468.97","3564.00"
"13/08/2025 02:00 - 13/08/2025 03:00","Denmark (DK)","3420.40","3520.00"
"13/08/2025 03:00 - 13/08/2025 04:00","Denmark (DK)","3318.44","3508.00"
"13/08/2025 04:00 - 13/08/2025 05:00","Denmark (DK)","3226.50","3511.00"
"13/08/2025 05:00 - 13/08/2025 06:00","Denmark (DK)","3318.30","3583.00"
"13/08/2025 06:00 - 13/08/2025 07:00","Denmark (DK)","3722.53","3698.00"
"13/08/2025 07:00 - 13/08/2025 08:00","Denmark (DK)","4200.43","4210.00"
"13/08/2025 08:00 - 13/08/2025 09:00","Denmark (DK)","4456.98","4441.00"
"13/08/2025 09:00 - 13/08/2025 10:00","Denmark (DK)","4614.69","4539.00"
"13/08/2025 10:00 - 13/08/2025 11:00","Denmark (DK)","4720.90","4606.00"
"13/08/2025 11:00 - 13/08/2025 12:00","Denmark (DK)","4732.08","4589.00"
"13/08/2025 12:00 - 13/08/2025 13:00","Denmark (DK)","4792.86","4569.00"
"13/08/2025 13:00 - 13/08/2025 14:00","Denmark (DK)","4871.37","4644.00"
"13/08/2025 14:00 - 13/08/2025 15:00","Denmark (DK)","4983.05","4571.00"
"13/08/2025 15:00 - 13/08/2025 16:00","Denmark (DK)","4939.88","4793.00"
"13/08/2025 16:00 - 13/08/2025 17:00","Denmark (DK)","4887.21","4823.00"
"13/08/2025 17:00 - 13/08/2025 18:00","Denmark (DK)","4938.62","4789.00"
"13/08/2025 18:00 - 13/08/2025 19:00","Denmark (DK)","4749.41","4570.00"
"13/08/2025 19:00 - 13/08/2025 20:00","Denmark (DK)","4402.12","4390.00"
"13/08/2025 20:00 - 13/08/2025 21:00","Denmark (DK)","4225.42","4299.00"
"13/08/2025 21:00 - 13/08/2025 22:00","Denmark (DK)","4127.41","4336.00"
"13/08/2025 22:00 - 13/08/2025 23:00","Denmark (DK)","3895.12","4188.00"
"13/08/2025 23:00 - 14/08/2025 00:00","Denmark (DK)","3654.36","3997.00"
"14/08/2025 00:00 - 14/08/2025 01:00","Denmark (DK)","3653.44","3857.00"
"14/08/2025 01:00 - 14/08/2025 02:00","Denmark (DK)","3554.48","3720.00"
"14/08/2025 02:00 - 14/08/2025 03:00","Denmark (DK)","3555.04","3645.00"
"14/08/2025 03:00 - 14/08/2025 04:00","Denmark (DK)","3442.38","3574.00"
"14/08/2025 04:00 - 14/08/2025 05:00","Denmark (DK)","3316.47","3577.00"
"14/08/2025 05:00 - 14/08/2025 06:00","Denmark (DK)","3376.26","3687.00"
"14/08/2025 06:00 - 14/08/2025 07:00","Denmark (DK)","3820.87","3686.00"
"14/08/2025 07:00 - 14/08/2025 08:00","Denmark (DK)","4341.21","4129.00"
"14/08/2025 08:00 - 14/08/2025 09:00","Denmark (DK)","4577.60","4381.00"
"14/08/2025 09:00 - 14/08/2025 10:00","Denmark (DK)","4889.74","4478.00"
"14/08/2025 10:00 - 14/08/2025 11:00","Denmark (DK)","5016.41","4580.00"
"14/08/2025 11:00 - 14/08/2025 12:00","Denmark (DK)","4988.35","4577.00"
"14/08/2025 12:00 - 14/08/2025 13:00","Denmark (DK)","5161.81","4555.00"
"14/08/2025 13:00 - 14/08/2025 14:00","Denmark (DK)","5237.94","4605.00"
"14/08/2025 14:00 - 14/08/2025 15:00","Denmark (DK)","5299.62","4523.00"
"14/08/2025 15:00 - 14/08/2025 16:00","Denmark (DK)","4865.24","4599.00"
"14/08/2025 16:00 - 14/08/2025 17:00","Denmark (DK)","4746.56","4824.00"
"14/08/2025 17:00 - 14/08/2025 18:00","Denmark (DK)","4783.58","4887.00"
"14/08/2025 18:00 - 14/08/2025 19:00","Denmark (DK)","4631.38","4721.00"
"14/08/2025 19:00 - 14/08/2025 20:00","Denmark (DK)","4378.94","4573.00"
"14/08/2025 20:00 - 14/08/2025 21:00","Denmark (DK)","4258.31","4530.00"
"14/08/2025 21:00 - 14/08/2025 22:00","Denmark (DK)","4219.60","4598.00"
"14/08/2025 22:00 - 14/08/2025 23:00","Denmark (DK)","3969.71","4476.00"
"14/08/2025 23:00 - 15/08/2025 00:00","Denmark (DK)","3713.95","4306.00"
"15/08/2025 00:00 - 15/08/2025 01:00","Denmark (DK)","3640.94","3792.00"
"15/08/2025 01:00 - 15/08/2025 02:00","Denmark (DK)","3553.38","3670.00"
"15/08/2025 02:00 - 15/08/2025 03:00","Denmark (DK)","3549.54","3568.00"
"15/08/2025 03:00 - 15/08/2025 04:00","Denmark (DK)","3481.25","3504.00"
"15/08/2025 04:00 - 15/08/2025 05:00","Denmark (DK)","3375.91","3485.00"
"15/08/2025 05:00 - 15/08/2025 06:00","Denmark (DK)","3437.92","3577.00"
"15/08/2025 06:00 - 15/08/2025 07:00","Denmark (DK)","3836.95","3793.00"
"15/08/2025 07:00 - 15/08/2025 08:00","Denmark (DK)","4331.84","4075.00"
"15/08/2025 08:00 - 15/08/2025 09:00","Denmark (DK)","4609.28","4317.00"
"15/08/2025 09:00 - 15/08/2025 10:00","Denmark (DK)","4720.09","4427.00"
"15/08/2025 10:00 - 15/08/2025 11:00","Denmark (DK)","4920.43","4525.00"
"15/08/2025 11:00 - 15/08/2025 12:00","Denmark (DK)","5168.77","4518.00"
"15/08/2025 12:00 - 15/08/2025 13:00","Denmark (DK)","5203.79","4419.00"
"15/08/2025 13:00 - 15/08/2025 14:00","Denmark (DK)","5125.22","4357.00"
"15/08/2025 14:00 - 15/08/2025 15:00","Denmark (DK)","4928.10","4220.00"
"15/08/2025 15:00 - 15/08/2025 16:00","Denmark (DK)","4705.78","4106.00"
"15/08/2025 16:00 - 15/08/2025 17:00","Denmark (DK)","4620.85","4068.00"
"15/08/2025 17:00 - 15/08/2025 18:00","Denmark (DK)","4554.78","4156.00"
"15/08/2025 18:00 - 15/08/2025 19:00","Denmark (DK)","4485.04","4078.00"
"15/08/2025 19:00 - 15/08/2025 20:00","Denmark (DK)","4281.83","3949.00"
"15/08/2025 20:00 - 15/08/2025 21:00","Denmark (DK)","4123.34","3925.00"
"15/08/2025 21:00 - 15/08/2025 22:00","Denmark (DK)","4005.69","3987.00"
"15/08/2025 22:00 - 15/08/2025 23:00","Denmark (DK)","3796.57","3890.00"
"15/08/2025 23:00 - 16/08/2025 00:00","Denmark (DK)","3625.85","3623.00"
"16/08/2025 00:00 - 16/08/2025 01:00","Denmark (DK)","3470.04","3400.00"
"16/08/2025 01:00 - 16/08/2025 02:00","Denmark (DK)","3417.16","3242.00"
"16/08/2025 02:00 - 16/08/2025 03:00","Denmark (DK)","3295.34","3133.00"
"16/08/2025 03:00 - 16/08/2025 04:00","Denmark (DK)","3201.06","3078.00"
"16/08/2025 04:00 - 16/08/2025 05:00","Denmark (DK)","3093.31","3088.00"
"16/08/2025 05:00 - 16/08/2025 06:00","Denmark (DK)","2975.19","3118.00"
"16/08/2025 06:00 - 16/08/2025 07:00","Denmark (DK)","3023.12","3177.00"
"16/08/2025 07:00 - 16/08/2025 08:00","Denmark (DK)","3253.05","3404.00"
"16/08/2025 08:00 - 16/08/2025 09:00","Denmark (DK)","3544.34","3562.00"
"16/08/2025 09:00 - 16/08/2025 10:00","Denmark (DK)","3785.58","3723.00"
"16/08/2025 10:00 - 16/08/2025 11:00","Denmark (DK)","4022.79","3903.00"
"16/08/2025 11:00 - 16/08/2025 12:00","Denmark (DK)","4219.63","4136.00"
"16/08/2025 12:00 - 16/08/2025 13:00","Denmark (DK)","4310.82","4195.00"
"16/08/2025 13:00 - 16/08/2025 14:00","Denmark (DK)","4291.91","4265.00"
"16/08/2025 14:00 - 16/08/2025 15:00","Denmark (DK)","4177.65","4210.00"
"16/08/2025 15:00 - 16/08/2025 16:00","Denmark (DK)","4165.74","4127.00"
"16/08/2025 16:00 - 16/08/2025 17:00","Denmark (DK)","4143.45","4091.00"
"16/08/2025 17:00 - 16/08/2025 18:00","Denmark (DK)","4083.28","4173.00"
"16/08/2025 18:00 - 16/08/2025 19:00","Denmark (DK)","3981.14","4095.00"
"16/08/2025 19:00 - 16/08/2025 20:00","Denmark (DK)","3818.85","3892.00"
"16/08/2025 20:00 - 16/08/2025 21:00","Denmark (DK)","3669.05","3702.00"
"16/08/2025 21:00 - 16/08/2025 22:00","Denmark (DK)","3611.62","3610.00"
"16/08/2025 22:00 - 16/08/2025 23:00","Denmark (DK)","3454.69","3442.00"
"16/08/2025 23:00 - 17/08/2025 00:00","Denmark (DK)","3265.21","3270.00"
"17/08/2025 00:00 - 17/08/2025 01:00","Denmark (DK)","3167.56","3100.00"
"17/08/2025 01:00 - 17/08/2025 02:00","Denmark (DK)","3122.20","2976.00"
"17/08/2025 02:00 - 17/08/2025 03:00","Denmark (DK)","3031.53","2948.00"
"17/08/2025 03:00 - 17/08/2025 04:00","Denmark (DK)","2913.88","2942.00"
"17/08/2025 04:00 - 17/08/2025 05:00","Denmark (DK)","2816.87","2885.00"
"17/08/2025 05:00 - 17/08/2025 06:00","Denmark (DK)","2785.95","2812.00"
"17/08/2025 06:00 - 17/08/2025 07:00","Denmark (DK)","2839.94","2814.00"
"17/08/2025 07:00 - 17/08/2025 08:00","Denmark (DK)","3091.06","3052.00"
"17/08/2025 08:00 - 17/08/2025 09:00","Denmark (DK)","3388.35","3356.00"
"17/08/2025 09:00 - 17/08/2025 10:00","Denmark (DK)","3690.73","3588.00"
"17/08/2025 10:00 - 17/08/2025 11:00","Denmark (DK)","4009.14","3798.00"
"17/08/2025 11:00 - 17/08/2025 12:00","Denmark (DK)","4200.16","4066.00"
"17/08/2025 12:00 - 17/08/2025 13:00","Denmark (DK)","4246.06","4268.00"
"17/08/2025 13:00 - 17/08/2025 14:00","Denmark (DK)","4243.01","4340.00"
"17/08/2025 14:00 - 17/08/2025 15:00","Denmark (DK)","4183.51","4297.00"
"17/08/2025 15:00 - 17/08/2025 16:00","Denmark (DK)","4116.03","4106.00"
"17/08/2025 16:00 - 17/08/2025 17:00","Denmark (DK)","4098.56","4073.00"
"17/08/2025 17:00 - 17/08/2025 18:00","Denmark (DK)","4141.58","4179.00"
"17/08/2025 18:00 - 17/08/2025 19:00","Denmark (DK)","4118.41","4143.00"
"17/08/2025 19:00 - 17/08/2025 20:00","Denmark (DK)","3968.69","3953.00"
"17/08/2025 20:00 - 17/08/2025 21:00","Denmark (DK)","3823.79","3823.00"
"17/08/2025 21:00 - 17/08/2025 22:00","Denmark (DK)","3751.73","3805.00"
"17/08/2025 22:00 - 17/08/2025 23:00","Denmark (DK)","3587.70","3704.00"
"17/08/2025 23:00 - 18/08/2025 00:00","Denmark (DK)","3380.10","3624.00"
"18/08/2025 00:00 - 18/08/2025 01:00","Denmark (DK)","3370.47","3421.00"
"18/08/2025 01:00 - 18/08/2025 02:00","Denmark (DK)","3341.12","3386.00"
"18/08/2025 02:00 - 18/08/2025 03:00","Denmark (DK)","3256.07","3374.00"
"18/08/2025 03:00 - 18/08/2025 04:00","Denmark (DK)","3174.09","3436.00"
"18/08/2025 04:00 - 18/08/2025 05:00","Denmark (DK)","3118.48","3473.00"
"18/08/2025 05:00 - 18/08/2025 06:00","Denmark (DK)","3262.82","3591.00"
"18/08/2025 06:00 - 18/08/2025 07:00","Denmark (DK)","3709.42","3836.00"
"18/08/2025 07:00 - 18/08/2025 08:00","Denmark (DK)","4203.05","4181.00"
"18/08/2025 08:00 - 18/08/2025 09:00","Denmark (DK)","4511.90","4463.00"
"18/08/2025 09:00 - 18/08/2025 10:00","Denmark (DK)","4680.20","4575.00"
"18/08/2025 10:00 - 18/08/2025 11:00","Denmark (DK)","4830.76","4677.00"
"18/08/2025 11:00 - 18/08/2025 12:00","Denmark (DK)","4937.77","4683.00"
"18/08/2025 12:00 - 18/08/2025 13:00","Denmark (DK)","4898.83","4655.00"
"18/08/2025 13:00 - 18/08/2025 14:00","Denmark (DK)","4939.19","4678.00"
"18/08/2025 14:00 - 18/08/2025 15:00","Denmark (DK)","4820.96","4603.00"
"18/08/2025 15:00 - 18/08/2025 16:00","Denmark (DK)","4682.76","4514.00"
"18/08/2025 16:00 - 18/08/2025 17:00","Denmark (DK)","4661.19","4638.00"
"18/08/2025 17:00 - 18/08/2025 18:00","Denmark (DK)","4754.94","4803.00"
"18/08/2025 18:00 - 18/08/2025 19:00","Denmark (DK)","4644.37","4604.00"
"18/08/2025 19:00 - 18/08/2025 20:00","Denmark (DK)","4405.18","4452.00"
"18/08/2025 20:00 - 18/08/2025 21:00","Denmark (DK)","4252.50","4416.00"
"18/08/2025 21:00 - 18/08/2025 22:00","Denmark (DK)","4138.35","4463.00"
"18/08/2025 22:00 - 18/08/2025 23:00","Denmark (DK)","3891.55","4362.00"
"18/08/2025 23:00 - 19/08/2025 00:00","Denmark (DK)","3673.15","4164.00"
"19/08/2025 00:00 - 19/08/2025 01:00","Denmark (DK)","3574.10","3908.00"
"19/08/2025 01:00 - 19/08/2025 02:00","Denmark (DK)","3518.37","3700.00"
"19/08/2025 02:00 - 19/08/2025 03:00","Denmark (DK)","3522.21","3601.00"
"19/08/2025 03:00 - 19/08/2025 04:00","Denmark (DK)","3404.01","3561.00"
"19/08/2025 04:00 - 19/08/2025 05:00","Denmark (DK)","3316.38","3562.00"
"19/08/2025 05:00 - 19/08/2025 06:00","Denmark (DK)","3405.78","3646.00"
"19/08/2025 06:00 - 19/08/2025 07:00","Denmark (DK)","3844.11","3699.00"
"19/08/2025 07:00 - 19/08/2025 08:00","Denmark (DK)","4345.82","4010.00"
"19/08/2025 08:00 - 19/08/2025 09:00","Denmark (DK)","4593.01","4277.00"
"19/08/2025 09:00 - 19/08/2025 10:00","Denmark (DK)","4694.45","4387.00"
"19/08/2025 10:00 - 19/08/2025 11:00","Denmark (DK)","4737.10","4497.00"
"19/08/2025 11:00 - 19/08/2025 12:00","Denmark (DK)","4797.96","4609.00"
"19/08/2025 12:00 - 19/08/2025 13:00","Denmark (DK)","4824.55","4759.00"
"19/08/2025 13:00 - 19/08/2025 14:00","Denmark (DK)","4974.66","4768.00"
"19/08/2025 14:00 - 19/08/2025 15:00","Denmark (DK)","4899.04","4891.00"
"19/08/2025 15:00 - 19/08/2025 16:00","Denmark (DK)","4741.03","4769.00"
"19/08/2025 16:00 - 19/08/2025 17:00","Denmark (DK)","4797.63","4699.00"
"19/08/2025 17:00 - 19/08/2025 18:00","Denmark (DK)","4852.88","4689.00"
"19/08/2025 18:00 - 19/08/2025 19:00","Denmark (DK)","4660.42","4523.00"
"19/08/2025 19:00 - 19/08/2025 20:00","Denmark (DK)","4335.09","4359.00"
"19/08/2025 20:00 - 19/08/2025 21:00","Denmark (DK)","4210.50","4306.00"
"19/08/2025 21:00 - 19/08/2025 22:00","Denmark (DK)","4209.82","4315.00"
"19/08/2025 22:00 - 19/08/2025 23:00","Denmark (DK)","3974.59","4161.00"
"19/08/2025 23:00 - 20/08/2025 00:00","Denmark (DK)","3857.01","3975.00"
"20/08/2025 00:00 - 20/08/2025 01:00","Denmark (DK)","3779.83","3807.00"
"20/08/2025 01:00 - 20/08/2025 02:00","Denmark (DK)","3651.83","3680.00"
"20/08/2025 02:00 - 20/08/2025 03:00","Denmark (DK)","3702.97","3616.00"
"20/08/2025 03:00 - 20/08/2025 04:00","Denmark (DK)","3564.66","3584.00"
"20/08/2025 04:00 - 20/08/2025 05:00","Denmark (DK)","3500.27","3593.00"
"20/08/2025 05:00 - 20/08/2025 06:00","Denmark (DK)","3514.36","3717.00"
"20/08/2025 06:00 - 20/08/2025 07:00","Denmark (DK)","3918.12","3936.00"
"20/08/2025 07:00 - 20/08/2025 08:00","Denmark (DK)","4313.75","4252.00"
"20/08/2025 08:00 - 20/08/2025 09:00","Denmark (DK)","4484.97","4502.00"
"20/08/2025 09:00 - 20/08/2025 10:00","Denmark (DK)","4594.47","4559.00"
"20/08/2025 10:00 - 20/08/2025 11:00","Denmark (DK)","4686.66","4611.00"
"20/08/2025 11:00 - 20/08/2025 12:00","Denmark (DK)","4718.63","4616.00"
"20/08/2025 12:00 - 20/08/2025 13:00","Denmark (DK)","4789.53","4629.00"
"20/08/2025 13:00 - 20/08/2025 14:00","Denmark (DK)","4844.25","4687.00"
"20/08/2025 14:00 - 20/08/2025 15:00","Denmark (DK)","4755.88","4693.00"
"20/08/2025 15:00 - 20/08/2025 16:00","Denmark (DK)","4527.87","4625.00"
"20/08/2025 16:00 - 20/08/2025 17:00","Denmark (DK)","4459.17","4554.00"
"20/08/2025 17:00 - 20/08/2025 18:00","Denmark (DK)","4574.24","4585.00"
"20/08/2025 18:00 - 20/08/2025 19:00","Denmark (DK)","4446.66","4451.00"
"20/08/2025 19:00 - 20/08/2025 20:00","Denmark (DK)","4337.34","4339.00"
"20/08/2025 20:00 - 20/08/2025 21:00","Denmark (DK)","4170.27","4371.00"
"20/08/2025 21:00 - 20/08/2025 22:00","Denmark (DK)","4061.28","4456.00"
"20/08/2025 22:00 - 20/08/2025 23:00","Denmark (DK)","3864.59","4350.00"
"20/08/2025 23:00 - 21/08/2025 00:00","Denmark (DK)","3681.72","4165.00"
"21/08/2025 00:00 - 21/08/2025 01:00","Denmark (DK)","3667.35","3957.00"
"21/08/2025 01:00 - 21/08/2025 02:00","Denmark (DK)","3780.09","3778.00"
"21/08/2025 02:00 - 21/08/2025 03:00","Denmark (DK)","3667.16","3678.00"
"21/08/2025 03:00 - 21/08/2025 04:00","Denmark (DK)","3499.64","3658.00"
"21/08/2025 04:00 - 21/08/2025 05:00","Denmark (DK)","3345.70","3703.00"
"21/08/2025 05:00 - 21/08/2025 06:00","Denmark (DK)","3473.93","3851.00"
"21/08/2025 06:00 - 21/08/2025 07:00","Denmark (DK)","3940.07","3985.00"
"21/08/2025 07:00 - 21/08/2025 08:00","Denmark (DK)","4401.00","4152.00"
"21/08/2025 08:00 - 21/08/2025 09:00","Denmark (DK)","4610.78","4462.00"
"21/08/2025 09:00 - 21/08/2025 10:00","Denmark (DK)","4580.99","4645.00"
"21/08/2025 10:00 - 21/08/2025 11:00","Denmark (DK)","4728.63","4802.00"
"21/08/2025 11:00 - 21/08/2025 12:00","Denmark (DK)","4866.15","4782.00"
"21/08/2025 12:00 - 21/08/2025 13:00","Denmark (DK)","4971.54","4708.00"
"21/08/2025 13:00 - 21/08/2025 14:00","Denmark (DK)","4978.90","4721.00"
"21/08/2025 14:00 - 21/08/2025 15:00","Denmark (DK)","4829.79","4678.00"
"21/08/2025 15:00 - 21/08/2025 16:00","Denmark (DK)","4709.54","4730.00"
"21/08/2025 16:00 - 21/08/2025 17:00","Denmark (DK)","4581.16","4704.00"
"21/08/2025 17:00 - 21/08/2025 18:00","Denmark (DK)","4675.33","4731.00"
"21/08/2025 18:00 - 21/08/2025 19:00","Denmark (DK)","4551.79","4468.00"
"21/08/2025 19:00 - 21/08/2025 20:00","Denmark (DK)","4365.93","4344.00"
"21/08/2025 20:00 - 21/08/2025 21:00","Denmark (DK)","4185.16","4378.00"
"21/08/2025 21:00 - 21/08/2025 22:00","Denmark (DK)","4103.46","4458.00"
"21/08/2025 22:00 - 21/08/2025 23:00","Denmark (DK)","3868.09","4345.00"
"21/08/2025 23:00 - 22/08/2025 00:00","Denmark (DK)","3646.85","4149.00"
"22/08/2025 00:00 - 22/08/2025 01:00","Denmark (DK)","3571.56","3853.00"
"22/08/2025 01:00 - 22/08/2025 02:00","Denmark (DK)","3615.75","3662.00"
"22/08/2025 02:00 - 22/08/2025 03:00","Denmark (DK)","3636.43","3520.00"
"22/08/2025 03:00 - 22/08/2025 04:00","Denmark (DK)","3619.89","3616.00"
"22/08/2025 04:00 - 22/08/2025 05:00","Denmark (DK)","3510.38","3645.00"
"22/08/2025 05:00 - 22/08/2025 06:00","Denmark (DK)","3607.96","3691.00"
"22/08/2025 06:00 - 22/08/2025 07:00","Denmark (DK)","4021.47","3693.00"
"22/08/2025 07:00 - 22/08/2025 08:00","Denmark (DK)","4516.36","3937.00"
"22/08/2025 08:00 - 22/08/2025 09:00","Denmark (DK)","4781.15","4186.00"
"22/08/2025 09:00 - 22/08/2025 10:00","Denmark (DK)","4939.01","4317.00"
"22/08/2025 10:00 - 22/08/2025 11:00","Denmark (DK)","5184.23","4455.00"
"22/08/2025 11:00 - 22/08/2025 12:00","Denmark (DK)","5189.80","4487.00"
"22/08/2025 12:00 - 22/08/2025 13:00","Denmark (DK)","5136.58","4412.00"
"22/08/2025 13:00 - 22/08/2025 14:00","Denmark (DK)","5135.02","4346.00"
"22/08/2025 14:00 - 22/08/2025 15:00","Denmark (DK)","4981.12","4446.00"
"22/08/2025 15:00 - 22/08/2025 16:00","Denmark (DK)","4819.77","4843.00"
"22/08/2025 16:00 - 22/08/2025 17:00","Denmark (DK)","4686.09","4772.00"
"22/08/2025 17:00 - 22/08/2025 18:00","Denmark (DK)","4642.06","4758.00"
"22/08/2025 18:00 - 22/08/2025 19:00","Denmark (DK)","4552.69","4583.00"
"22/08/2025 19:00 - 22/08/2025 20:00","Denmark (DK)","4271.79","4427.00"
"22/08/2025 20:00 - 22/08/2025 21:00","Denmark (DK)","4072.68","4414.00"
"22/08/2025 21:00 - 22/08/2025 22:00","Denmark (DK)","3899.63","4496.00"
"22/08/2025 22:00 - 22/08/2025 23:00","Denmark (DK)","3730.96","4306.00"
"22/08/2025 23:00 - 23/08/2025 00:00","Denmark (DK)","3545.36","4068.00"
"23/08/2025 00:00 - 23/08/2025 01:00","Denmark (DK)","3532.52","3349.00"
"23/08/2025 01:00 - 23/08/2025 02:00","Denmark (DK)","3477.03","3202.00"
"23/08/2025 02:00 - 23/08/2025 03:00","Denmark (DK)","3295.12","3062.00"
"23/08/2025 03:00 - 23/08/2025 04:00","Denmark (DK)","3255.02","2964.00"
"23/08/2025 04:00 - 23/08/2025 05:00","Denmark (DK)","3156.19","2924.00"
"23/08/2025 05:00 - 23/08/2025 06:00","Denmark (DK)","3029.58","2950.00"
"23/08/2025 06:00 - 23/08/2025 07:00","Denmark (DK)","3121.00","3069.00"
"23/08/2025 07:00 - 23/08/2025 08:00","Denmark (DK)","3314.70","3402.00"
"23/08/2025 08:00 - 23/08/2025 09:00","Denmark (DK)","3565.38","3701.00"
"23/08/2025 09:00 - 23/08/2025 10:00","Denmark (DK)","3821.59","3988.00"
"23/08/2025 10:00 - 23/08/2025 11:00","Denmark (DK)","4262.29","4180.00"
"23/08/2025 11:00 - 23/08/2025 12:00","Denmark (DK)","4414.59","4278.00"
"23/08/2025 12:00 - 23/08/2025 13:00","Denmark (DK)","4381.50","4345.00"
"23/08/2025 13:00 - 23/08/2025 14:00","Denmark (DK)","4349.13","4350.00"
"23/08/2025 14:00 - 23/08/2025 15:00","Denmark (DK)","4316.49","4247.00"
"23/08/2025 15:00 - 23/08/2025 16:00","Denmark (DK)","4136.45","4157.00"
"23/08/2025 16:00 - 23/08/2025 17:00","Denmark (DK)","4007.45","4076.00"
"23/08/2025 17:00 - 23/08/2025 18:00","Denmark (DK)","3969.02","4142.00"
"23/08/2025 18:00 - 23/08/2025 19:00","Denmark (DK)","3940.02","4037.00"
"23/08/2025 19:00 - 23/08/2025 20:00","Denmark (DK)","3834.41","3853.00"
"23/08/2025 20:00 - 23/08/2025 21:00","Denmark (DK)","3663.43","3720.00"
"23/08/2025 21:00 - 23/08/2025 22:00","Denmark (DK)","3732.93","3638.00"
"23/08/2025 22:00 - 23/08/2025 23:00","Denmark (DK)","3595.61","3475.00"
"23/08/2025 23:00 - 24/08/2025 00:00","Denmark (DK)","3372.17","3307.00"
"24/08/2025 00:00 - 24/08/2025 01:00","Denmark (DK)","3221.04","3229.00"
"24/08/2025 01:00 - 24/08/2025 02:00","Denmark (DK)","3103.49","3051.00"
"24/08/2025 02:00 - 24/08/2025 03:00","Denmark (DK)","3097.20","2958.00"
"24/08/2025 03:00 - 24/08/2025 04:00","Denmark (DK)","3038.32","2869.00"
"24/08/2025 04:00 - 24/08/2025 05:00","Denmark (DK)","2970.73","2795.00"
"24/08/2025 05:00 - 24/08/2025 06:00","Denmark (DK)","2943.24","2800.00"
"24/08/2025 06:00 - 24/08/2025 07:00","Denmark (DK)","2982.55","2849.00"
"24/08/2025 07:00 - 24/08/2025 08:00","Denmark (DK)","3115.73","3258.00"
"24/08/2025 08:00 - 24/08/2025 09:00","Denmark (DK)","3410.39","3564.00"
"24/08/2025 09:00 - 24/08/2025 10:00","Denmark (DK)","3946.45","3749.00"
"24/08/2025 10:00 - 24/08/2025 11:00","Denmark (DK)","4233.88","3931.00"
"24/08/2025 11:00 - 24/08/2025 12:00","Denmark (DK)","4308.41","4044.00"
"24/08/2025 12:00 - 24/08/2025 13:00","Denmark (DK)","4434.07","4142.00"
"24/08/2025 13:00 - 24/08/2025 14:00","Denmark (DK)","4305.71","4190.00"
"24/08/2025 14:00 - 24/08/2025 15:00","Denmark (DK)","4251.21","4185.00"
"24/08/2025 15:00 - 24/08/2025 16:00","Denmark (DK)","4248.57","4079.00"
"24/08/2025 16:00 - 24/08/2025 17:00","Denmark (DK)","4404.08","4066.00"
"24/08/2025 17:00 - 24/08/2025 18:00","Denmark (DK)","4444.99","4247.00"
"24/08/2025 18:00 - 24/08/2025 19:00","Denmark (DK)","4311.04","4161.00"
"24/08/2025 19:00 - 24/08/2025 20:00","Denmark (DK)","4126.05","3911.00"
"24/08/2025 20:00 - 24/08/2025 21:00","Denmark (DK)","3942.21","3753.00"
"24/08/2025 21:00 - 24/08/2025 22:00","Denmark (DK)","3775.51","3675.00"
"24/08/2025 22:00 - 24/08/2025 23:00","Denmark (DK)","3581.12","3522.00"
"24/08/2025 23:00 - 25/08/2025 00:00","Denmark (DK)","3320.64","3412.00"
"25/08/2025 00:00 - 25/08/2025 01:00","Denmark (DK)","3355.66","3480.00"
"25/08/2025 01:00 - 25/08/2025 02:00","Denmark (DK)","3335.40","3454.00"
"25/08/2025 02:00 - 25/08/2025 03:00","Denmark (DK)","3330.07","3470.00"
"25/08/2025 03:00 - 25/08/2025 04:00","Denmark (DK)","3273.94","3531.00"
"25/08/2025 04:00 - 25/08/2025 05:00","Denmark (DK)","3211.21","3566.00"
"25/08/2025 05:00 - 25/08/2025 06:00","Denmark (DK)","3350.43","3680.00"
"25/08/2025 06:00 - 25/08/2025 07:00","Denmark (DK)","3811.04","3811.00"
"25/08/2025 07:00 - 25/08/2025 08:00","Denmark (DK)","4286.41","4093.00"
"25/08/2025 08:00 - 25/08/2025 09:00","Denmark (DK)","4584.91","4384.00"
"25/08/2025 09:00 - 25/08/2025 10:00","Denmark (DK)","4736.72","4499.00"
"25/08/2025 10:00 - 25/08/2025 11:00","Denmark (DK)","4763.85","4603.00"
"25/08/2025 11:00 - 25/08/2025 12:00","Denmark (DK)","4862.91","4658.00"
"25/08/2025 12:00 - 25/08/2025 13:00","Denmark (DK)","4945.92","4730.00"
"25/08/2025 13:00 - 25/08/2025 14:00","Denmark (DK)","5098.67","4735.00"
"25/08/2025 14:00 - 25/08/2025 15:00","Denmark (DK)","5019.40","4631.00"
"25/08/2025 15:00 - 25/08/2025 16:00","Denmark (DK)","4760.10","4804.00"
"25/08/2025 16:00 - 25/08/2025 17:00","Denmark (DK)","4745.94","4673.00"
"25/08/2025 17:00 - 25/08/2025 18:00","Denmark (DK)","4722.33","4777.00"
"25/08/2025 18:00 - 25/08/2025 19:00","Denmark (DK)","4569.68","4613.00"
"25/08/2025 19:00 - 25/08/2025 20:00","Denmark (DK)","4165.86","4442.00"
"25/08/2025 20:00 - 25/08/2025 21:00","Denmark (DK)","4017.47","4417.00"
"25/08/2025 21:00 - 25/08/2025 22:00","Denmark (DK)","3999.63","4401.00"
"25/08/2025 22:00 - 25/08/2025 23:00","Denmark (DK)","3732.64","4238.00"
"25/08/2025 23:00 - 26/08/2025 00:00","Denmark (DK)","3577.46","4055.00"
"26/08/2025 00:00 - 26/08/2025 01:00","Denmark (DK)","3496.50","3718.00"
"26/08/2025 01:00 - 26/08/2025 02:00","Denmark (DK)","3441.13","3624.00"
"26/08/2025 02:00 - 26/08/2025 03:00","Denmark (DK)","3385.31","3559.00"
"26/08/2025 03:00 - 26/08/2025 04:00","Denmark (DK)","3343.86","3510.00"
"26/08/2025 04:00 - 26/08/2025 05:00","Denmark (DK)","3288.72","3496.00"
"26/08/2025 05:00 - 26/08/2025 06:00","Denmark (DK)","3346.99","3612.00"
"26/08/2025 06:00 - 26/08/2025 07:00","Denmark (DK)","3824.44","3720.00"
"26/08/2025 07:00 - 26/08/2025 08:00","Denmark (DK)","4355.97","4091.00"
"26/08/2025 08:00 - 26/08/2025 09:00","Denmark (DK)","4595.57","4354.00"
"26/08/2025 09:00 - 26/08/2025 10:00","Denmark (DK)","4714.60","4480.00"
"26/08/2025 10:00 - 26/08/2025 11:00","Denmark (DK)","4863.10","4616.00"
"26/08/2025 11:00 - 26/08/2025 12:00","Denmark (DK)","4878.70","4656.00"
"26/08/2025 12:00 - 26/08/2025 13:00","Denmark (DK)","4853.36","4691.00"
"26/08/2025 13:00 - 26/08/2025 14:00","Denmark (DK)","4867.67","4710.00"
"26/08/2025 14:00 - 26/08/2025 15:00","Denmark (DK)","4686.66","4680.00"
"26/08/2025 15:00 - 26/08/2025 16:00","Denmark (DK)","4553.64","4561.00"
"26/08/2025 16:00 - 26/08/2025 17:00","Denmark (DK)","4515.14","4517.00"
"26/08/2025 17:00 - 26/08/2025 18:00","Denmark (DK)","4746.01","4651.00"
"26/08/2025 18:00 - 26/08/2025 19:00","Denmark (DK)","4648.99","4515.00"
"26/08/2025 19:00 - 26/08/2025 20:00","Denmark (DK)","4388.62","4341.00"
"26/08/2025 20:00 - 26/08/2025 21:00","Denmark (DK)","4170.99","4273.00"
"26/08/2025 21:00 - 26/08/2025 22:00","Denmark (DK)","4092.43","4215.00"
"26/08/2025 22:00 - 26/08/2025 23:00","Denmark (DK)","3807.12","4015.00"
"26/08/2025 23:00 - 27/08/2025 00:00","Denmark (DK)","3569.26","3838.00"
"27/08/2025 00:00 - 27/08/2025 01:00","Denmark (DK)","3475.97","3735.00"
"27/08/2025 01:00 - 27/08/2025 02:00","Denmark (DK)","3586.83","3614.00"
"27/08/2025 02:00 - 27/08/2025 03:00","Denmark (DK)","3558.16","3533.00"
"27/08/2025 03:00 - 27/08/2025 04:00","Denmark (DK)","3454.19","3462.00"
"27/08/2025 04:00 - 27/08/2025 05:00","Denmark (DK)","3331.71","3446.00"
"27/08/2025 05:00 - 27/08/2025 06:00","Denmark (DK)","3471.62","3611.00"
"27/08/2025 06:00 - 27/08/2025 07:00","Denmark (DK)","3948.03","3968.00"
"27/08/2025 07:00 - 27/08/2025 08:00","Denmark (DK)","4460.20","4374.00"
"27/08/2025 08:00 - 27/08/2025 09:00","Denmark (DK)","4718.32","4616.00"
"27/08/2025 09:00 - 27/08/2025 10:00","Denmark (DK)","4820.98","4761.00"
"27/08/2025 10:00 - 27/08/2025 11:00","Denmark (DK)","4900.57","4883.00"
"27/08/2025 11:00 - 27/08/2025 12:00","Denmark (DK)","4986.44","4916.00"
"27/08/2025 12:00 - 27/08/2025 13:00","Denmark (DK)","5053.25","4973.00"
"27/08/2025 13:00 - 27/08/2025 14:00","Denmark (DK)","5108.57","5064.00"
"27/08/2025 14:00 - 27/08/2025 15:00","Denmark (DK)","4923.05","4970.00"
"27/08/2025 15:00 - 27/08/2025 16:00","Denmark (DK)","4760.79","4772.00"
"27/08/2025 16:00 - 27/08/2025 17:00","Denmark (DK)","4736.26","4667.00"
"27/08/2025 17:00 - 27/08/2025 18:00","Denmark (DK)","4887.97","4762.00"
"27/08/2025 18:00 - 27/08/2025 19:00","Denmark (DK)","4737.65","4612.00"
"27/08/2025 19:00 - 27/08/2025 20:00","Denmark (DK)","4444.10","4455.00"
"27/08/2025 20:00 - 27/08/2025 21:00","Denmark (DK)","4249.26","4454.00"
"27/08/2025 21:00 - 27/08/2025 22:00","Denmark (DK)","4130.24","4417.00"
"27/08/2025 22:00 - 27/08/2025 23:00","Denmark (DK)","3892.88","4192.00"
"27/08/2025 23:00 - 28/08/2025 00:00","Denmark (DK)","3673.91","4008.00"
"28/08/2025 00:00 - 28/08/2025 01:00","Denmark (DK)","3610.08","3804.00"
"28/08/2025 01:00 - 28/08/2025 02:00","Denmark (DK)","3598.19","3675.00"
"28/08/2025 02:00 - 28/08/2025 03:00","Denmark (DK)","3607.22","3557.00"
"28/08/2025 03:00 - 28/08/2025 04:00","Denmark (DK)","3486.88","3476.00"
"28/08/2025 04:00 - 28/08/2025 05:00","Denmark (DK)","3370.98","3470.00"
"28/08/2025 05:00 - 28/08/2025 06:00","Denmark (DK)","3447.34","3598.00"
"28/08/2025 06:00 - 28/08/2025 07:00","Denmark (DK)","3911.53","3813.00"
"28/08/2025 07:00 - 28/08/2025 08:00","Denmark (DK)","4387.41","4215.00"
"28/08/2025 08:00 - 28/08/2025 09:00","Denmark (DK)","4708.13","4474.00"
"28/08/2025 09:00 - 28/08/2025 10:00","Denmark (DK)","4794.59","4567.00"
"28/08/2025 10:00 - 28/08/2025 11:00","Denmark (DK)","4866.50","4696.00"
"28/08/2025 11:00 - 28/08/2025 12:00","Denmark (DK)","4882.92","4884.00"
"28/08/2025 12:00 - 28/08/2025 13:00","Denmark (DK)","4886.87","4873.00"
"28/08/2025 13:00 - 28/08/2025 14:00","Denmark (DK)","5051.50","4969.00"
"28/08/2025 14:00 - 28/08/2025 15:00","Denmark (DK)","4931.80","4981.00"
"28/08/2025 15:00 - 28/08/2025 16:00","Denmark (DK)","4871.91","4750.00"
"28/08/2025 16:00 - 28/08/2025 17:00","Denmark (DK)","4855.17","4709.00"
"28/08/2025 17:00 - 28/08/2025 18:00","Denmark (DK)","4843.44","4806.00"
"28/08/2025 18:00 - 28/08/2025 19:00","Denmark (DK)","4708.92","4674.00"
"28/08/2025 19:00 - 28/08/2025 20:00","Denmark (DK)","4501.63","4506.00"
"28/08/2025 20:00 - 28/08/2025 21:00","Denmark (DK)","4365.68","4550.00"
"28/08/2025 21:00 - 28/08/2025 22:00","Denmark (DK)","4160.76","4490.00"
"28/08/2025 22:00 - 28/08/2025 23:00","Denmark (DK)","3947.90","4271.00"
"28/08/2025 23:00 - 29/08/2025 00:00","Denmark (DK)","3738.38","4072.00"
"29/08/2025 00:00 - 29/08/2025 01:00","Denmark (DK)","3752.97","3865.00"
"29/08/2025 01:00 - 29/08/2025 02:00","Denmark (DK)","3655.76","3729.00"
"29/08/2025 02:00 - 29/08/2025 03:00","Denmark (DK)","3648.21","3631.00"
"29/08/2025 03:00 - 29/08/2025 04:00","Denmark (DK)","3531.51","3536.00"
"29/08/2025 04:00 - 29/08/2025 05:00","Denmark (DK)","3375.93","3503.00"
"29/08/2025 05:00 - 29/08/2025 06:00","Denmark (DK)","3380.59","3617.00"
"29/08/2025 06:00 - 29/08/2025 07:00","Denmark (DK)","3808.81","3610.00"
"29/08/2025 07:00 - 29/08/2025 08:00","Denmark (DK)","4372.97","3919.00"
"29/08/2025 08:00 - 29/08/2025 09:00","Denmark (DK)","4726.48","4212.00"
"29/08/2025 09:00 - 29/08/2025 10:00","Denmark (DK)","4944.45","4319.00"
"29/08/2025 10:00 - 29/08/2025 11:00","Denmark (DK)","5048.90","4422.00"
"29/08/2025 11:00 - 29/08/2025 12:00","Denmark (DK)","5168.73","4406.00"
"29/08/2025 12:00 - 29/08/2025 13:00","Denmark (DK)","4871.66","4314.00"
"29/08/2025 13:00 - 29/08/2025 14:00","Denmark (DK)","4937.71","4220.00"
"29/08/2025 14:00 - 29/08/2025 15:00","Denmark (DK)","4744.98","4084.00"
"29/08/2025 15:00 - 29/08/2025 16:00","Denmark (DK)","4677.85","4361.00"
"29/08/2025 16:00 - 29/08/2025 17:00","Denmark (DK)","4634.90","4576.00"
"29/08/2025 17:00 - 29/08/2025 18:00","Denmark (DK)","4730.79","4589.00"
"29/08/2025 18:00 - 29/08/2025 19:00","Denmark (DK)","4461.24","4444.00"
"29/08/2025 19:00 - 29/08/2025 20:00","Denmark (DK)","4105.51","4279.00"
"29/08/2025 20:00 - 29/08/2025 21:00","Denmark (DK)","3877.56","4307.00"
"29/08/2025 21:00 - 29/08/2025 22:00","Denmark (DK)","3746.42","4375.00"
"29/08/2025 22:00 - 29/08/2025 23:00","Denmark (DK)","3594.08","4186.00"
"29/08/2025 23:00 - 30/08/2025 00:00","Denmark (DK)","3485.24","3970.00"
"30/08/2025 00:00 - 30/08/2025 01:00","Denmark (DK)","3387.84","3824.00"
"30/08/2025 01:00 - 30/08/2025 02:00","Denmark (DK)","3357.34","3668.00"
"30/08/2025 02:00 - 30/08/2025 03:00","Denmark (DK)","3205.51","3567.00"
"30/08/2025 03:00 - 30/08/2025 04:00","Denmark (DK)","3033.93","3499.00"
"30/08/2025 04:00 - 30/08/2025 05:00","Denmark (DK)","2909.39","3457.00"
"30/08/2025 05:00 - 30/08/2025 06:00","Denmark (DK)","2942.55","3462.00"
"30/08/2025 06:00 - 30/08/2025 07:00","Denmark (DK)","3101.84","3562.00"
"30/08/2025 07:00 - 30/08/2025 08:00","Denmark (DK)","3318.36","3672.00"
"30/08/2025 08:00 - 30/08/2025 09:00","Denmark (DK)","3638.79","3638.00"
"30/08/2025 09:00 - 30/08/2025 10:00","Denmark (DK)","3814.09","3897.00"
"30/08/2025 10:00 - 30/08/2025 11:00","Denmark (DK)","4087.86","4032.00"
"30/08/2025 11:00 - 30/08/2025 12:00","Denmark (DK)","4404.05","4191.00"
"30/08/2025 12:00 - 30/08/2025 13:00","Denmark (DK)","4520.17","4309.00"
"30/08/2025 13:00 - 30/08/2025 14:00","Denmark (DK)","4466.97","4374.00"
"30/08/2025 14:00 - 30/08/2025 15:00","Denmark (DK)","4371.61","4332.00"
"30/08/2025 15:00 - 30/08/2025 16:00","Denmark (DK)","4235.52","4245.00"
"30/08/2025 16:00 - 30/08/2025 17:00","Denmark (DK)","4163.50","4137.00"
"30/08/2025 17:00 - 30/08/2025 18:00","Denmark (DK)","4106.40","4134.00"
"30/08/2025 18:00 - 30/08/2025 19:00","Denmark (DK)","4033.20","4087.00"
"30/08/2025 19:00 - 30/08/2025 20:00","Denmark (DK)","3878.11","3902.00"
"30/08/2025 20:00 - 30/08/2025 21:00","Denmark (DK)","3745.40","3844.00"
"30/08/2025 21:00 - 30/08/2025 22:00","Denmark (DK)","3685.36","3736.00"
"30/08/2025 22:00 - 30/08/2025 23:00","Denmark (DK)","3446.45","3554.00"
"30/08/2025 23:00 - 31/08/2025 00:00","Denmark (DK)","3291.53","3362.00"
"31/08/2025 00:00 - 31/08/2025 01:00","Denmark (DK)","3201.11","3156.00"
"31/08/2025 01:00 - 31/08/2025 02:00","Denmark (DK)","3114.31","3046.00"
"31/08/2025 02:00 - 31/08/2025 03:00","Denmark (DK)","3151.25","2962.00"
"31/08/2025 03:00 - 31/08/2025 04:00","Denmark (DK)","3125.77","2904.00"
"31/08/2025 04:00 - 31/08/2025 05:00","Denmark (DK)","3080.97","2871.00"
"31/08/2025 05:00 - 31/08/2025 06:00","Denmark (DK)","3061.83","2882.00"
"31/08/2025 06:00 - 31/08/2025 07:00","Denmark (DK)","2997.56","2946.00"
"31/08/2025 07:00 - 31/08/2025 08:00","Denmark (DK)","3190.97","3197.00"
"31/08/2025 08:00 - 31/08/2025 09:00","Denmark (DK)","3568.43","3442.00"
"31/08/2025 09:00 - 31/08/2025 10:00","Denmark (DK)","4031.59","3683.00"
"31/08/2025 10:00 - 31/08/2025 11:00","Denmark (DK)","4325.21","3931.00"
"31/08/2025 11:00 - 31/08/2025 12:00","Denmark (DK)","4413.55","4177.00"
"31/08/2025 12:00 - 31/08/2025 13:00","Denmark (DK)","4557.28","4365.00"
"31/08/2025 13:00 - 31/08/2025 14:00","Denmark (DK)","4592.95","4484.00"
"31/08/2025 14:00 - 31/08/2025 15:00","Denmark (DK)","4514.58","4593.00"
"31/08/2025 15:00 - 31/08/2025 16:00","Denmark (DK)","4394.73","4439.00"
"31/08/2025 16:00 - 31/08/2025 17:00","Denmark (DK)","4267.82","4246.00"
"31/08/2025 17:00 - 31/08/2025 18:00","Denmark (DK)","4277.97","4326.00"
"31/08/2025 18:00 - 31/08/2025 19:00","Denmark (DK)","4250.94","4304.00"
"31/08/2025 19:00 - 31/08/2025 20:00","Denmark (DK)","4048.55","4121.00"
"31/08/2025 20:00 - 31/08/2025 21:00","Denmark (DK)","3910.41","4032.00"
"31/08/2025 21:00 - 31/08/2025 22:00","Denmark (DK)","3792.75","3916.00"
"31/08/2025 22:00 - 31/08/2025 23:00","Denmark (DK)","3585.00","3770.00"
"31/08/2025 23:00 - 01/09/2025 00:00","Denmark (DK)","3381.40","3654.00"
"01/09/2025 00:00 - 01/09/2025 01:00","Denmark (DK)","3378.69","3441.00"
"01/09/2025 01:00 - 01/09/2025 02:00","Denmark (DK)","3331.95","3334.00"
"01/09/2025 02:00 - 01/09/2025 03:00","Denmark (DK)","3288.19","3282.00"
"01/09/2025 03:00 - 01/09/2025 04:00","Denmark (DK)","3249.80","3319.00"
"01/09/2025 04:00 - 01/09/2025 05:00","Denmark (DK)","3204.11","3278.00"
"01/09/2025 05:00 - 01/09/2025 06:00","Denmark (DK)","3313.12","3432.00"
"01/09/2025 06:00 - 01/09/2025 07:00","Denmark (DK)","3801.15","3778.00"
"01/09/2025 07:00 - 01/09/2025 08:00","Denmark (DK)","4273.34","4120.00"
"01/09/2025 08:00 - 01/09/2025 09:00","Denmark (DK)","4600.70","4359.00"
"01/09/2025 09:00 - 01/09/2025 10:00","Denmark (DK)","4702.38","4449.00"
"01/09/2025 10:00 - 01/09/2025 11:00","Denmark (DK)","4844.20","4572.00"
"01/09/2025 11:00 - 01/09/2025 12:00","Denmark (DK)","4841.59","4568.00"
"01/09/2025 12:00 - 01/09/2025 13:00","Denmark (DK)","4779.53","4569.00"
"01/09/2025 13:00 - 01/09/2025 14:00","Denmark (DK)","5015.80","4596.00"
"01/09/2025 14:00 - 01/09/2025 15:00","Denmark (DK)","5051.24","4511.00"
"01/09/2025 15:00 - 01/09/2025 16:00","Denmark (DK)","4851.17","4356.00"
"01/09/2025 16:00 - 01/09/2025 17:00","Denmark (DK)","4840.71","4660.00"
"01/09/2025 17:00 - 01/09/2025 18:00","Denmark (DK)","4817.43","4930.00"
"01/09/2025 18:00 - 01/09/2025 19:00","Denmark (DK)","4682.13","4726.00"
"01/09/2025 19:00 - 01/09/2025 20:00","Denmark (DK)","4366.60","4526.00"
"01/09/2025 20:00 - 01/09/2025 21:00","Denmark (DK)","4327.31","4584.00"
"01/09/2025 21:00 - 01/09/2025 22:00","Denmark (DK)","4057.07","4582.00"
"01/09/2025 22:00 - 01/09/2025 23:00","Denmark (DK)","3848.03","4426.00"
"01/09/2025 23:00 - 02/09/2025 00:00","Denmark (DK)","3637.15","4249.00"
"02/09/2025 00:00 - 02/09/2025 01:00","Denmark (DK)","3560.76","4121.00"
"02/09/2025 01:00 - 02/09/2025 02:00","Denmark (DK)","3650.91","3988.00"
"02/09/2025 02:00 - 02/09/2025 03:00","Denmark (DK)","3489.10","3913.00"
"02/09/2025 03:00 - 02/09/2025 04:00","Denmark (DK)","3337.42","3856.00"
"02/09/2025 04:00 - 02/09/2025 05:00","Denmark (DK)","3240.58","3891.00"
"02/09/2025 05:00 - 02/09/2025 06:00","Denmark (DK)","3371.41","3981.00"
"02/09/2025 06:00 - 02/09/2025 07:00","Denmark (DK)","3848.81","4069.00"
"02/09/2025 07:00 - 02/09/2025 08:00","Denmark (DK)","4364.68","4276.00"
"02/09/2025 08:00 - 02/09/2025 09:00","Denmark (DK)","4628.79","4571.00"
"02/09/2025 09:00 - 02/09/2025 10:00","Denmark (DK)","4670.86","4654.00"
"02/09/2025 10:00 - 02/09/2025 11:00","Denmark (DK)","4797.70","4713.00"
"02/09/2025 11:00 - 02/09/2025 12:00","Denmark (DK)","4856.35","4710.00"
"02/09/2025 12:00 - 02/09/2025 13:00","Denmark (DK)","4807.09","4663.00"
"02/09/2025 13:00 - 02/09/2025 14:00","Denmark (DK)","4811.44","4719.00"
"02/09/2025 14:00 - 02/09/2025 15:00","Denmark (DK)","4723.60","4620.00"
"02/09/2025 15:00 - 02/09/2025 16:00","Denmark (DK)","4692.02","4533.00"
"02/09/2025 16:00 - 02/09/2025 17:00","Denmark (DK)","4740.44","4661.00"
"02/09/2025 17:00 - 02/09/2025 18:00","Denmark (DK)","4715.87","4765.00"
"02/09/2025 18:00 - 02/09/2025 19:00","Denmark (DK)","4634.75","4650.00"
"02/09/2025 19:00 - 02/09/2025 20:00","Denmark (DK)","4354.21","4479.00"
"02/09/2025 20:00 - 02/09/2025 21:00","Denmark (DK)","4288.11","4417.00"
"02/09/2025 21:00 - 02/09/2025 22:00","Denmark (DK)","4165.89","4305.00"
"02/09/2025 22:00 - 02/09/2025 23:00","Denmark (DK)","3796.60","4059.00"
"02/09/2025 23:00 - 03/09/2025 00:00","Denmark (DK)","3592.95","3856.00"
"03/09/2025 00:00 - 03/09/2025 01:00","Denmark (DK)","3510.34","3720.00"
"03/09/2025 01:00 - 03/09/2025 02:00","Denmark (DK)","3476.68","3606.00"
"03/09/2025 02:00 - 03/09/2025 03:00","Denmark (DK)","3488.29","3544.00"
"03/09/2025 03:00 - 03/09/2025 04:00","Denmark (DK)","3401.05","3471.00"
"03/09/2025 04:00 - 03/09/2025 05:00","Denmark (DK)","3391.37","3482.00"
"03/09/2025 05:00 - 03/09/2025 06:00","Denmark (DK)","3535.03","3625.00"
"03/09/2025 06:00 - 03/09/2025 07:00","Denmark (DK)","3892.55","3988.00"
"03/09/2025 07:00 - 03/09/2025 08:00","Denmark (DK)","4385.77","4426.00"
"03/09/2025 08:00 - 03/09/2025 09:00","Denmark (DK)","4209.16","4668.00"
"03/09/2025 09:00 - 03/09/2025 10:00","Denmark (DK)","4172.88","4745.00"
"03/09/2025 10:00 - 03/09/2025 11:00","Denmark (DK)","4114.98","4800.00"
"03/09/2025 11:00 - 03/09/2025 12:00","Denmark (DK)","4835.66","4797.00"
"03/09/2025 12:00 - 03/09/2025 13:00","Denmark (DK)","5280.14","4766.00"
"03/09/2025 13:00 - 03/09/2025 14:00","Denmark (DK)","5267.05","4784.00"
"03/09/2025 14:00 - 03/09/2025 15:00","Denmark (DK)","5216.78","5028.00"
"03/09/2025 15:00 - 03/09/2025 16:00","Denmark (DK)","5160.83","5075.00"
"03/09/2025 16:00 - 03/09/2025 17:00","Denmark (DK)","5128.53","5124.00"
"03/09/2025 17:00 - 03/09/2025 18:00","Denmark (DK)","5141.00","5114.00"
"03/09/2025 18:00 - 03/09/2025 19:00","Denmark (DK)","5027.95","4817.00"
"03/09/2025 19:00 - 03/09/2025 20:00","Denmark (DK)","4844.71","4574.00"
"03/09/2025 20:00 - 03/09/2025 21:00","Denmark (DK)","4677.36","4529.00"
"03/09/2025 21:00 - 03/09/2025 22:00","Denmark (DK)","4541.68","4408.00"
"03/09/2025 22:00 - 03/09/2025 23:00","Denmark (DK)","4272.10","4169.00"
"03/09/2025 23:00 - 04/09/2025 00:00","Denmark (DK)","4053.07","3957.00"
"04/09/2025 00:00 - 04/09/2025 01:00","Denmark (DK)","4249.46","3639.00"
"04/09/2025 01:00 - 04/09/2025 02:00","Denmark (DK)","4305.11","3526.00"
"04/09/2025 02:00 - 04/09/2025 03:00","Denmark (DK)","4175.64","3482.00"
"04/09/2025 03:00 - 04/09/2025 04:00","Denmark (DK)","3871.80","3417.00"
"04/09/2025 04:00 - 04/09/2025 05:00","Denmark (DK)","3692.57","3375.00"
"04/09/2025 05:00 - 04/09/2025 06:00","Denmark (DK)","3786.78","3530.00"
"04/09/2025 06:00 - 04/09/2025 07:00","Denmark (DK)","4181.30","4001.00"
"04/09/2025 07:00 - 04/09/2025 08:00","Denmark (DK)","4578.68","4577.00"
"04/09/2025 08:00 - 04/09/2025 09:00","Denmark (DK)","4890.22","4780.00"
"04/09/2025 09:00 - 04/09/2025 10:00","Denmark (DK)","5007.44","4969.00"
"04/09/2025 10:00 - 04/09/2025 11:00","Denmark (DK)","5039.79","5003.00"
"04/09/2025 11:00 - 04/09/2025 12:00","Denmark (DK)","5241.08","5020.00"
"04/09/2025 12:00 - 04/09/2025 13:00","Denmark (DK)","5175.93","5095.00"
"04/09/2025 13:00 - 04/09/2025 14:00","Denmark (DK)","5206.96","5129.00"
"04/09/2025 14:00 - 04/09/2025 15:00","Denmark (DK)","4950.64","4939.00"
"04/09/2025 15:00 - 04/09/2025 16:00","Denmark (DK)","4818.31","4735.00"
"04/09/2025 16:00 - 04/09/2025 17:00","Denmark (DK)","4722.64","4681.00"
"04/09/2025 17:00 - 04/09/2025 18:00","Denmark (DK)","4831.44","4810.00"
"04/09/2025 18:00 - 04/09/2025 19:00","Denmark (DK)","4642.51","4675.00"
"04/09/2025 19:00 - 04/09/2025 20:00","Denmark (DK)","4298.93","4586.00"
"04/09/2025 20:00 - 04/09/2025 21:00","Denmark (DK)","4399.55","4752.00"
"04/09/2025 21:00 - 04/09/2025 22:00","Denmark (DK)","4241.92","4794.00"
"04/09/2025 22:00 - 04/09/2025 23:00","Denmark (DK)","3922.32","4680.00"
"04/09/2025 23:00 - 05/09/2025 00:00","Denmark (DK)","3671.96","4540.00"
"05/09/2025 00:00 - 05/09/2025 01:00","Denmark (DK)","3599.74","4205.00"
"05/09/2025 01:00 - 05/09/2025 02:00","Denmark (DK)","3624.34","4122.00"
"05/09/2025 02:00 - 05/09/2025 03:00","Denmark (DK)","3605.66","4016.00"
"05/09/2025 03:00 - 05/09/2025 04:00","Denmark (DK)","3469.13","3904.00"
"05/09/2025 04:00 - 05/09/2025 05:00","Denmark (DK)","3344.95","3887.00"
"05/09/2025 05:00 - 05/09/2025 06:00","Denmark (DK)","3437.94","3816.00"
"05/09/2025 06:00 - 05/09/2025 07:00","Denmark (DK)","3950.80","3513.00"
"05/09/2025 07:00 - 05/09/2025 08:00","Denmark (DK)","4478.83","4201.00"
"05/09/2025 08:00 - 05/09/2025 09:00","Denmark (DK)","4805.61","4670.00"
"05/09/2025 09:00 - 05/09/2025 10:00","Denmark (DK)","4853.64","4735.00"
"05/09/2025 10:00 - 05/09/2025 11:00","Denmark (DK)","4907.21","4793.00"
"05/09/2025 11:00 - 05/09/2025 12:00","Denmark (DK)","4896.08","4789.00"
"05/09/2025 12:00 - 05/09/2025 13:00","Denmark (DK)","4855.89","4804.00"
"05/09/2025 13:00 - 05/09/2025 14:00","Denmark (DK)","4779.15","4744.00"
"05/09/2025 14:00 - 05/09/2025 15:00","Denmark (DK)","4627.90","4587.00"
"05/09/2025 15:00 - 05/09/2025 16:00","Denmark (DK)","4506.36","4533.00"
"05/09/2025 16:00 - 05/09/2025 17:00","Denmark (DK)","4659.62","4525.00"
"05/09/2025 17:00 - 05/09/2025 18:00","Denmark (DK)","4705.24","4470.00"
"05/09/2025 18:00 - 05/09/2025 19:00","Denmark (DK)","4536.12","4342.00"
"05/09/2025 19:00 - 05/09/2025 20:00","Denmark (DK)","4252.49","4161.00"
"05/09/2025 20:00 - 05/09/2025 21:00","Denmark (DK)","4027.57","4154.00"
"05/09/2025 21:00 - 05/09/2025 22:00","Denmark (DK)","3811.66","4152.00"
"05/09/2025 22:00 - 05/09/2025 23:00","Denmark (DK)","3662.60","4023.00"
"05/09/2025 23:00 - 06/09/2025 00:00","Denmark (DK)","3478.86","3858.00"
"06/09/2025 00:00 - 06/09/2025 01:00","Denmark (DK)","3448.80","3561.00"
"06/09/2025 01:00 - 06/09/2025 02:00","Denmark (DK)","3302.34","3445.00"
"06/09/2025 02:00 - 06/09/2025 03:00","Denmark (DK)","3325.20","3373.00"
"06/09/2025 03:00 - 06/09/2025 04:00","Denmark (DK)","3222.78","3316.00"
"06/09/2025 04:00 - 06/09/2025 05:00","Denmark (DK)","3140.22","3270.00"
"06/09/2025 05:00 - 06/09/2025 06:00","Denmark (DK)","3042.02","3304.00"
"06/09/2025 06:00 - 06/09/2025 07:00","Denmark (DK)","3191.96","3267.00"
"06/09/2025 07:00 - 06/09/2025 08:00","Denmark (DK)","3387.21","3478.00"
"06/09/2025 08:00 - 06/09/2025 09:00","Denmark (DK)","3656.00","3825.00"
"06/09/2025 09:00 - 06/09/2025 10:00","Denmark (DK)","3925.02","4073.00"
"06/09/2025 10:00 - 06/09/2025 11:00","Denmark (DK)","4273.13","4257.00"
"06/09/2025 11:00 - 06/09/2025 12:00","Denmark (DK)","4450.81","4510.00"
"06/09/2025 12:00 - 06/09/2025 13:00","Denmark (DK)","4510.37","4653.00"
"06/09/2025 13:00 - 06/09/2025 14:00","Denmark (DK)","4474.77","4660.00"
"06/09/2025 14:00 - 06/09/2025 15:00","Denmark (DK)","4344.30","4527.00"
"06/09/2025 15:00 - 06/09/2025 16:00","Denmark (DK)","4146.74","4301.00"
"06/09/2025 16:00 - 06/09/2025 17:00","Denmark (DK)","4043.60","4032.00"
"06/09/2025 17:00 - 06/09/2025 18:00","Denmark (DK)","4070.46","4125.00"
"06/09/2025 18:00 - 06/09/2025 19:00","Denmark (DK)","3983.30","4045.00"
"06/09/2025 19:00 - 06/09/2025 20:00","Denmark (DK)","3851.72","3764.00"
"06/09/2025 20:00 - 06/09/2025 21:00","Denmark (DK)","3810.39","3695.00"
"06/09/2025 21:00 - 06/09/2025 22:00","Denmark (DK)","3658.64","3571.00"
"06/09/2025 22:00 - 06/09/2025 23:00","Denmark (DK)","3500.04","3380.00"
"06/09/2025 23:00 - 07/09/2025 00:00","Denmark (DK)","3332.96","3195.00"
"07/09/2025 00:00 - 07/09/2025 01:00","Denmark (DK)","3238.11","3399.00"
"07/09/2025 01:00 - 07/09/2025 02:00","Denmark (DK)","3149.81","3265.00"
"07/09/2025 02:00 - 07/09/2025 03:00","Denmark (DK)","3119.85","3144.00"
"07/09/2025 03:00 - 07/09/2025 04:00","Denmark (DK)","3066.50","3039.00"
"07/09/2025 04:00 - 07/09/2025 05:00","Denmark (DK)","3009.56","2982.00"
"07/09/2025 05:00 - 07/09/2025 06:00","Denmark (DK)","2937.08","2974.00"
"07/09/2025 06:00 - 07/09/2025 07:00","Denmark (DK)","2918.16","2995.00"
"07/09/2025 07:00 - 07/09/2025 08:00","Denmark (DK)","3200.34","3193.00"
"07/09/2025 08:00 - 07/09/2025 09:00","Denmark (DK)","3676.82","3503.00"
"07/09/2025 09:00 - 07/09/2025 10:00","Denmark (DK)","3938.55","3750.00"
"07/09/2025 10:00 - 07/09/2025 11:00","Denmark (DK)","4152.76","3991.00"
"07/09/2025 11:00 - 07/09/2025 12:00","Denmark (DK)","4341.48","4272.00"
"07/09/2025 12:00 - 07/09/2025 13:00","Denmark (DK)","4477.45","4440.00"
"07/09/2025 13:00 - 07/09/2025 14:00","Denmark (DK)","4510.05","4579.00"
"07/09/2025 14:00 - 07/09/2025 15:00","Denmark (DK)","4432.96","4497.00"
"07/09/2025 15:00 - 07/09/2025 16:00","Denmark (DK)","4260.49","4139.00"
"07/09/2025 16:00 - 07/09/2025 17:00","Denmark (DK)","4277.70","4173.00"
"07/09/2025 17:00 - 07/09/2025 18:00","Denmark (DK)","4415.85","4413.00"
"07/09/2025 18:00 - 07/09/2025 19:00","Denmark (DK)","4292.93","4339.00"
"07/09/2025 19:00 - 07/09/2025 20:00","Denmark (DK)","4086.64","4116.00"
"07/09/2025 20:00 - 07/09/2025 21:00","Denmark (DK)","4002.62","4042.00"
"07/09/2025 21:00 - 07/09/2025 22:00","Denmark (DK)","3867.97","3833.00"
"07/09/2025 22:00 - 07/09/2025 23:00","Denmark (DK)","3659.55","3613.00"
"07/09/2025 23:00 - 08/09/2025 00:00","Denmark (DK)","3489.28","3436.00"
"08/09/2025 00:00 - 08/09/2025 01:00","Denmark (DK)","3583.01","3380.00"
"08/09/2025 01:00 - 08/09/2025 02:00","Denmark (DK)","3524.18","3389.00"
"08/09/2025 02:00 - 08/09/2025 03:00","Denmark (DK)","3331.18","3383.00"
"08/09/2025 03:00 - 08/09/2025 04:00","Denmark (DK)","3234.35","3284.00"
"08/09/2025 04:00 - 08/09/2025 05:00","Denmark (DK)","3221.57","3268.00"
"08/09/2025 05:00 - 08/09/2025 06:00","Denmark (DK)","3326.91","3270.00"
"08/09/2025 06:00 - 08/09/2025 07:00","Denmark (DK)","3852.99","3597.00"
"08/09/2025 07:00 - 08/09/2025 08:00","Denmark (DK)","4378.91","4274.00"
"08/09/2025 08:00 - 08/09/2025 09:00","Denmark (DK)","4653.15","4615.00"
"08/09/2025 09:00 - 08/09/2025 10:00","Denmark (DK)","4778.67","4696.00"
"08/09/2025 10:00 - 08/09/2025 11:00","Denmark (DK)","4927.23","4764.00"
"08/09/2025 11:00 - 08/09/2025 12:00","Denmark (DK)","4997.55","4886.00"
"08/09/2025 12:00 - 08/09/2025 13:00","Denmark (DK)","4960.87","4866.00"
"08/09/2025 13:00 - 08/09/2025 14:00","Denmark (DK)","4976.62","4823.00"
"08/09/2025 14:00 - 08/09/2025 15:00","Denmark (DK)","4817.77","4761.00"
"08/09/2025 15:00 - 08/09/2025 16:00","Denmark (DK)","4719.71","4547.00"
"08/09/2025 16:00 - 08/09/2025 17:00","Denmark (DK)","4641.78","4697.00"
"08/09/2025 17:00 - 08/09/2025 18:00","Denmark (DK)","4782.84","4902.00"
"08/09/2025 18:00 - 08/09/2025 19:00","Denmark (DK)","4575.57","4715.00"
"08/09/2025 19:00 - 08/09/2025 20:00","Denmark (DK)","4290.44","4607.00"
"08/09/2025 20:00 - 08/09/2025 21:00","Denmark (DK)","4283.98","4703.00"
"08/09/2025 21:00 - 08/09/2025 22:00","Denmark (DK)","4090.37","4708.00"
"08/09/2025 22:00 - 08/09/2025 23:00","Denmark (DK)","3842.15","4649.00"
"08/09/2025 23:00 - 09/09/2025 00:00","Denmark (DK)","3630.67","4477.00"
"09/09/2025 00:00 - 09/09/2025 01:00","Denmark (DK)","3580.17","3982.00"
"09/09/2025 01:00 - 09/09/2025 02:00","Denmark (DK)","3539.05","3905.00"
"09/09/2025 02:00 - 09/09/2025 03:00","Denmark (DK)","3437.36","3833.00"
"09/09/2025 03:00 - 09/09/2025 04:00","Denmark (DK)","3355.57","3750.00"
"09/09/2025 04:00 - 09/09/2025 05:00","Denmark (DK)","3293.28","3703.00"
"09/09/2025 05:00 - 09/09/2025 06:00","Denmark (DK)","3394.16","3686.00"
"09/09/2025 06:00 - 09/09/2025 07:00","Denmark (DK)","3892.76","3800.00"
"09/09/2025 07:00 - 09/09/2025 08:00","Denmark (DK)","4319.33","4221.00"
"09/09/2025 08:00 - 09/09/2025 09:00","Denmark (DK)","4593.68","4462.00"
"09/09/2025 09:00 - 09/09/2025 10:00","Denmark (DK)","4732.53","4564.00"
"09/09/2025 10:00 - 09/09/2025 11:00","Denmark (DK)","4805.86","4710.00"
"09/09/2025 11:00 - 09/09/2025 12:00","Denmark (DK)","4848.65","4685.00"
"09/09/2025 12:00 - 09/09/2025 13:00","Denmark (DK)","4800.95","4720.00"
"09/09/2025 13:00 - 09/09/2025 14:00","Denmark (DK)","4855.02","4806.00"
"09/09/2025 14:00 - 09/09/2025 15:00","Denmark (DK)","4795.21","4739.00"
"09/09/2025 15:00 - 09/09/2025 16:00","Denmark (DK)","4622.83","4633.00"
"09/09/2025 16:00 - 09/09/2025 17:00","Denmark (DK)","4617.62","4621.00"
"09/09/2025 17:00 - 09/09/2025 18:00","Denmark (DK)","4827.58","4695.00"
"09/09/2025 18:00 - 09/09/2025 19:00","Denmark (DK)","4666.74","4750.00"
"09/09/2025 19:00 - 09/09/2025 20:00","Denmark (DK)","4467.02","4539.00"
"09/09/2025 20:00 - 09/09/2025 21:00","Denmark (DK)","4321.32","4441.00"
"09/09/2025 21:00 - 09/09/2025 22:00","Denmark (DK)","4151.45","4285.00"
"09/09/2025 22:00 - 09/09/2025 23:00","Denmark (DK)","3955.37","4033.00"
"09/09/2025 23:00 - 10/09/2025 00:00","Denmark (DK)","3756.14","3847.00"
"10/09/2025 00:00 - 10/09/2025 01:00","Denmark (DK)","3919.19","3605.00"
"10/09/2025 01:00 - 10/09/2025 02:00","Denmark (DK)","3771.95","3499.00"
"10/09/2025 02:00 - 10/09/2025 03:00","Denmark (DK)","3737.38","3434.00"
"10/09/2025 03:00 - 10/09/2025 04:00","Denmark (DK)","3598.76","3362.00"
"10/09/2025 04:00 - 10/09/2025 05:00","Denmark (DK)","3503.50","3339.00"
"10/09/2025 05:00 - 10/09/2025 06:00","Denmark (DK)","3557.77","3541.00"
"10/09/2025 06:00 - 10/09/2025 07:00","Denmark (DK)","4032.85","4018.00"
"10/09/2025 07:00 - 10/09/2025 08:00","Denmark (DK)","4437.37","4445.00"
"10/09/2025 08:00 - 10/09/2025 09:00","Denmark (DK)","4693.08","4692.00"
"10/09/2025 09:00 - 10/09/2025 10:00","Denmark (DK)","4870.62","4766.00"
"10/09/2025 10:00 - 10/09/2025 11:00","Denmark (DK)","4965.59","4931.00"
"10/09/2025 11:00 - 10/09/2025 12:00","Denmark (DK)","4889.16","4923.00"
"10/09/2025 12:00 - 10/09/2025 13:00","Denmark (DK)","4957.27","4940.00"
"10/09/2025 13:00 - 10/09/2025 14:00","Denmark (DK)","5005.70","5024.00"
"10/09/2025 14:00 - 10/09/2025 15:00","Denmark (DK)","4873.59","4916.00"
"10/09/2025 15:00 - 10/09/2025 16:00","Denmark (DK)","4781.75","4807.00"
"10/09/2025 16:00 - 10/09/2025 17:00","Denmark (DK)","4721.41","4729.00"
"10/09/2025 17:00 - 10/09/2025 18:00","Denmark (DK)","4892.12","4839.00"
"10/09/2025 18:00 - 10/09/2025 19:00","Denmark (DK)","4699.18","4782.00"
"10/09/2025 19:00 - 10/09/2025 20:00","Denmark (DK)","4463.05","4575.00"
"10/09/2025 20:00 - 10/09/2025 21:00","Denmark (DK)","4385.44","4550.00"
"10/09/2025 21:00 - 10/09/2025 22:00","Denmark (DK)","4166.17","4457.00"
"10/09/2025 22:00 - 10/09/2025 23:00","Denmark (DK)","3884.62","4240.00"
"10/09/2025 23:00 - 11/09/2025 00:00","Denmark (DK)","3671.40","4077.00"
"11/09/2025 00:00 - 11/09/2025 01:00","Denmark (DK)","3575.33","3818.00"
"11/09/2025 01:00 - 11/09/2025 02:00","Denmark (DK)","3609.71","3719.00"
"11/09/2025 02:00 - 11/09/2025 03:00","Denmark (DK)","3571.39","3595.00"
"11/09/2025 03:00 - 11/09/2025 04:00","Denmark (DK)","3587.60","3509.00"
"11/09/2025 04:00 - 11/09/2025 05:00","Denmark (DK)","3544.06","3475.00"
"11/09/2025 05:00 - 11/09/2025 06:00","Denmark (DK)","3612.08","3621.00"
"11/09/2025 06:00 - 11/09/2025 07:00","Denmark (DK)","4032.03","4003.00"
"11/09/2025 07:00 - 11/09/2025 08:00","Denmark (DK)","4371.40","4415.00"
"11/09/2025 08:00 - 11/09/2025 09:00","Denmark (DK)","4676.64","4651.00"
"11/09/2025 09:00 - 11/09/2025 10:00","Denmark (DK)","4682.90","4707.00"
"11/09/2025 10:00 - 11/09/2025 11:00","Denmark (DK)","4895.69","4786.00"
"11/09/2025 11:00 - 11/09/2025 12:00","Denmark (DK)","5032.19","4813.00"
"11/09/2025 12:00 - 11/09/2025 13:00","Denmark (DK)","5063.63","4778.00"
"11/09/2025 13:00 - 11/09/2025 14:00","Denmark (DK)","5177.27","4809.00"
"11/09/2025 14:00 - 11/09/2025 15:00","Denmark (DK)","5211.84","4766.00"
"11/09/2025 15:00 - 11/09/2025 16:00","Denmark (DK)","5059.68","4959.00"
"11/09/2025 16:00 - 11/09/2025 17:00","Denmark (DK)","5069.99","4978.00"
"11/09/2025 17:00 - 11/09/2025 18:00","Denmark (DK)","5019.72","5084.00"
"11/09/2025 18:00 - 11/09/2025 19:00","Denmark (DK)","4798.21","4896.00"
"11/09/2025 19:00 - 11/09/2025 20:00","Denmark (DK)","4536.77","4650.00"
"11/09/2025 20:00 - 11/09/2025 21:00","Denmark (DK)","4288.76","4601.00"
"11/09/2025 21:00 - 11/09/2025 22:00","Denmark (DK)","4067.45","4436.00"
"11/09/2025 22:00 - 11/09/2025 23:00","Denmark (DK)","3913.56","4237.00"
"11/09/2025 23:00 - 12/09/2025 00:00","Denmark (DK)","3735.11","4051.00"
"12/09/2025 00:00 - 12/09/2025 01:00","Denmark (DK)","3820.05","3756.00"
"12/09/2025 01:00 - 12/09/2025 02:00","Denmark (DK)","3805.85","3695.00"
"12/09/2025 02:00 - 12/09/2025 03:00","Denmark (DK)","3801.67","3609.00"
"12/09/2025 03:00 - 12/09/2025 04:00","Denmark (DK)","3847.65","3565.00"
"12/09/2025 04:00 - 12/09/2025 05:00","Denmark (DK)","3708.88","3558.00"
"12/09/2025 05:00 - 12/09/2025 06:00","Denmark (DK)","3795.77","3703.00"
"12/09/2025 06:00 - 12/09/2025 07:00","Denmark (DK)","4146.84","4144.00"
"12/09/2025 07:00 - 12/09/2025 08:00","Denmark (DK)","4539.07","4601.00"
"12/09/2025 08:00 - 12/09/2025 09:00","Denmark (DK)","4743.75","4903.00"
"12/09/2025 09:00 - 12/09/2025 10:00","Denmark (DK)","4905.98","4827.00"
"12/09/2025 10:00 - 12/09/2025 11:00","Denmark (DK)","5221.33","5061.00"
"12/09/2025 11:00 - 12/09/2025 12:00","Denmark (DK)","5290.16","5059.00"
"12/09/2025 12:00 - 12/09/2025 13:00","Denmark (DK)","5099.65","4923.00"
"12/09/2025 13:00 - 12/09/2025 14:00","Denmark (DK)","5085.52","4854.00"
"12/09/2025 14:00 - 12/09/2025 15:00","Denmark (DK)","4886.64","4728.00"
"12/09/2025 15:00 - 12/09/2025 16:00","Denmark (DK)","4816.36","4543.00"
"12/09/2025 16:00 - 12/09/2025 17:00","Denmark (DK)","4548.62","4503.00"
"12/09/2025 17:00 - 12/09/2025 18:00","Denmark (DK)","4609.02","4647.00"
"12/09/2025 18:00 - 12/09/2025 19:00","Denmark (DK)","4518.77","4531.00"
"12/09/2025 19:00 - 12/09/2025 20:00","Denmark (DK)","4229.56","4355.00"
"12/09/2025 20:00 - 12/09/2025 21:00","Denmark (DK)","4112.81","4352.00"
"12/09/2025 21:00 - 12/09/2025 22:00","Denmark (DK)","3962.08","4309.00"
"12/09/2025 22:00 - 12/09/2025 23:00","Denmark (DK)","3739.11","4072.00"
"12/09/2025 23:00 - 13/09/2025 00:00","Denmark (DK)","3734.54","3899.00"
"13/09/2025 00:00 - 13/09/2025 01:00","Denmark (DK)","3647.98","3705.00"
"13/09/2025 01:00 - 13/09/2025 02:00","Denmark (DK)","3654.72","3604.00"
"13/09/2025 02:00 - 13/09/2025 03:00","Denmark (DK)","3571.50","3573.00"
"13/09/2025 03:00 - 13/09/2025 04:00","Denmark (DK)","3521.80","3460.00"
"13/09/2025 04:00 - 13/09/2025 05:00","Denmark (DK)","3405.37","3403.00"
"13/09/2025 05:00 - 13/09/2025 06:00","Denmark (DK)","3418.91","3360.00"
"13/09/2025 06:00 - 13/09/2025 07:00","Denmark (DK)","3440.17","3453.00"
"13/09/2025 07:00 - 13/09/2025 08:00","Denmark (DK)","3621.23","3671.00"
"13/09/2025 08:00 - 13/09/2025 09:00","Denmark (DK)","3810.21","3978.00"
"13/09/2025 09:00 - 13/09/2025 10:00","Denmark (DK)","4065.13","4194.00"
"13/09/2025 10:00 - 13/09/2025 11:00","Denmark (DK)","4285.05","4459.00"
"13/09/2025 11:00 - 13/09/2025 12:00","Denmark (DK)","4649.60","4679.00"
"13/09/2025 12:00 - 13/09/2025 13:00","Denmark (DK)","4624.88","4792.00"
"13/09/2025 13:00 - 13/09/2025 14:00","Denmark (DK)","4368.01","4742.00"
"13/09/2025 14:00 - 13/09/2025 15:00","Denmark (DK)","4313.16","4387.00"
"13/09/2025 15:00 - 13/09/2025 16:00","Denmark (DK)","4344.69","4323.00"
"13/09/2025 16:00 - 13/09/2025 17:00","Denmark (DK)","4279.01","4334.00"
"13/09/2025 17:00 - 13/09/2025 18:00","Denmark (DK)","4190.21","4430.00"
"13/09/2025 18:00 - 13/09/2025 19:00","Denmark (DK)","4057.83","4353.00"
"13/09/2025 19:00 - 13/09/2025 20:00","Denmark (DK)","3788.52","4158.00"
"13/09/2025 20:00 - 13/09/2025 21:00","Denmark (DK)","3785.17","4073.00"
"13/09/2025 21:00 - 13/09/2025 22:00","Denmark (DK)","3666.93","3858.00"
"13/09/2025 22:00 - 13/09/2025 23:00","Denmark (DK)","3513.26","3631.00"
"13/09/2025 23:00 - 14/09/2025 00:00","Denmark (DK)","3363.11","3456.00"
"14/09/2025 00:00 - 14/09/2025 01:00","Denmark (DK)","3340.22","3344.00"
"14/09/2025 01:00 - 14/09/2025 02:00","Denmark (DK)","3289.25","3278.00"
"14/09/2025 02:00 - 14/09/2025 03:00","Denmark (DK)","3183.70","3179.00"
"14/09/2025 03:00 - 14/09/2025 04:00","Denmark (DK)","3027.70","3163.00"
"14/09/2025 04:00 - 14/09/2025 05:00","Denmark (DK)","2896.19","3093.00"
"14/09/2025 05:00 - 14/09/2025 06:00","Denmark (DK)","2902.72","3077.00"
"14/09/2025 06:00 - 14/09/2025 07:00","Denmark (DK)","3009.47","3179.00"
"14/09/2025 07:00 - 14/09/2025 08:00","Denmark (DK)","3235.08","3359.00"
"14/09/2025 08:00 - 14/09/2025 09:00","Denmark (DK)","3525.52","3694.00"
"14/09/2025 09:00 - 14/09/2025 10:00","Denmark (DK)","3802.81","3953.00"
"14/09/2025 10:00 - 14/09/2025 11:00","Denmark (DK)","3995.61","4188.00"
"14/09/2025 11:00 - 14/09/2025 12:00","Denmark (DK)","4154.22","4373.00"
"14/09/2025 12:00 - 14/09/2025 13:00","Denmark (DK)","4388.19","4482.00"
"14/09/2025 13:00 - 14/09/2025 14:00","Denmark (DK)","4475.88","4608.00"
"14/09/2025 14:00 - 14/09/2025 15:00","Denmark (DK)","4398.86","4427.00"
"14/09/2025 15:00 - 14/09/2025 16:00","Denmark (DK)","4241.77","4194.00"
"14/09/2025 16:00 - 14/09/2025 17:00","Denmark (DK)","4199.65","4171.00"
"14/09/2025 17:00 - 14/09/2025 18:00","Denmark (DK)","4321.18","4273.00"
"14/09/2025 18:00 - 14/09/2025 19:00","Denmark (DK)","4240.45","4243.00"
"14/09/2025 19:00 - 14/09/2025 20:00","Denmark (DK)","4092.62","4090.00"
"14/09/2025 20:00 - 14/09/2025 21:00","Denmark (DK)","3983.73","3989.00"
"14/09/2025 21:00 - 14/09/2025 22:00","Denmark (DK)","3739.60","3801.00"
"14/09/2025 22:00 - 14/09/2025 23:00","Denmark (DK)","3543.36","3638.00"
"14/09/2025 23:00 - 15/09/2025 00:00","Denmark (DK)","3489.16","3511.00"
"15/09/2025 00:00 - 15/09/2025 01:00","Denmark (DK)","3581.60","3431.00"
"15/09/2025 01:00 - 15/09/2025 02:00","Denmark (DK)","3514.84","3378.00"
"15/09/2025 02:00 - 15/09/2025 03:00","Denmark (DK)","3576.28","3326.00"
"15/09/2025 03:00 - 15/09/2025 04:00","Denmark (DK)","3646.88","3304.00"
"15/09/2025 04:00 - 15/09/2025 05:00","Denmark (DK)","3637.30","3316.00"
"15/09/2025 05:00 - 15/09/2025 06:00","Denmark (DK)","3747.91","3443.00"
"15/09/2025 06:00 - 15/09/2025 07:00","Denmark (DK)","4329.63","3791.00"
"15/09/2025 07:00 - 15/09/2025 08:00","Denmark (DK)","4796.49","4193.00"
"15/09/2025 08:00 - 15/09/2025 09:00","Denmark (DK)","5244.38","4428.00"
"15/09/2025 09:00 - 15/09/2025 10:00","Denmark (DK)","5357.96","4633.00"
"15/09/2025 10:00 - 15/09/2025 11:00","Denmark (DK)","5497.71","5403.00"
"15/09/2025 11:00 - 15/09/2025 12:00","Denmark (DK)","5568.68","5300.00"
"15/09/2025 12:00 - 15/09/2025 13:00","Denmark (DK)","5510.31","4992.00"
"15/09/2025 13:00 - 15/09/2025 14:00","Denmark (DK)","5198.05","4832.00"
"15/09/2025 14:00 - 15/09/2025 15:00","Denmark (DK)","5078.33","5057.00"
"15/09/2025 15:00 - 15/09/2025 16:00","Denmark (DK)","4877.18","4915.00"
"15/09/2025 16:00 - 15/09/2025 17:00","Denmark (DK)","5254.25","4864.00"
"15/09/2025 17:00 - 15/09/2025 18:00","Denmark (DK)","5242.70","5106.00"
"15/09/2025 18:00 - 15/09/2025 19:00","Denmark (DK)","5094.19","5172.00"
"15/09/2025 19:00 - 15/09/2025 20:00","Denmark (DK)","4956.22","5124.00"
"15/09/2025 20:00 - 15/09/2025 21:00","Denmark (DK)","4807.69","5243.00"
"15/09/2025 21:00 - 15/09/2025 22:00","Denmark (DK)","4557.82","5227.00"
"15/09/2025 22:00 - 15/09/2025 23:00","Denmark (DK)","4275.88","5141.00"
"15/09/2025 23:00 - 16/09/2025 00:00","Denmark (DK)","4044.73","4967.00"
"16/09/2025 00:00 - 16/09/2025 01:00","Denmark (DK)","4137.00","4124.00"
"16/09/2025 01:00 - 16/09/2025 02:00","Denmark (DK)","3795.19","4041.00"
"16/09/2025 02:00 - 16/09/2025 03:00","Denmark (DK)","3818.72","3947.00"
"16/09/2025 03:00 - 16/09/2025 04:00","Denmark (DK)","3651.26","3793.00"
"16/09/2025 04:00 - 16/09/2025 05:00","Denmark (DK)","3648.20","3796.00"
"16/09/2025 05:00 - 16/09/2025 06:00","Denmark (DK)","3798.22","3837.00"
"16/09/2025 06:00 - 16/09/2025 07:00","Denmark (DK)","4258.12","4183.00"
"16/09/2025 07:00 - 16/09/2025 08:00","Denmark (DK)","4631.15","4569.00"
"16/09/2025 08:00 - 16/09/2025 09:00","Denmark (DK)","4900.94","4834.00"
"16/09/2025 09:00 - 16/09/2025 10:00","Denmark (DK)","4958.81","4961.00"
"16/09/2025 10:00 - 16/09/2025 11:00","Denmark (DK)","5273.61","5105.00"
"16/09/2025 11:00 - 16/09/2025 12:00","Denmark (DK)","5643.99","5520.00"
"16/09/2025 12:00 - 16/09/2025 13:00","Denmark (DK)","5595.43","5410.00"
"16/09/2025 13:00 - 16/09/2025 14:00","Denmark (DK)","5482.94","5434.00"
"16/09/2025 14:00 - 16/09/2025 15:00","Denmark (DK)","5479.49","5409.00"
"16/09/2025 15:00 - 16/09/2025 16:00","Denmark (DK)","5217.91","5279.00"
"16/09/2025 16:00 - 16/09/2025 17:00","Denmark (DK)","5116.24","5220.00"
"16/09/2025 17:00 - 16/09/2025 18:00","Denmark (DK)","5314.23","5328.00"
"16/09/2025 18:00 - 16/09/2025 19:00","Denmark (DK)","5121.59","5156.00"
"16/09/2025 19:00 - 16/09/2025 20:00","Denmark (DK)","5016.44","5022.00"
"16/09/2025 20:00 - 16/09/2025 21:00","Denmark (DK)","4850.97","5019.00"
"16/09/2025 21:00 - 16/09/2025 22:00","Denmark (DK)","4550.69","4860.00"
"16/09/2025 22:00 - 16/09/2025 23:00","Denmark (DK)","4284.07","4656.00"
"16/09/2025 23:00 - 17/09/2025 00:00","Denmark (DK)","3917.06","4444.00"
"17/09/2025 00:00 - 17/09/2025 01:00","Denmark (DK)","4069.37","4194.00"
"17/09/2025 01:00 - 17/09/2025 02:00","Denmark (DK)","3962.72","4043.00"
"17/09/2025 02:00 - 17/09/2025 03:00","Denmark (DK)","3937.97","3956.00"
"17/09/2025 03:00 - 17/09/2025 04:00","Denmark (DK)","3742.96","3893.00"
"17/09/2025 04:00 - 17/09/2025 05:00","Denmark (DK)","3673.77","3874.00"
"17/09/2025 05:00 - 17/09/2025 06:00","Denmark (DK)","3926.06","3973.00"
"17/09/2025 06:00 - 17/09/2025 07:00","Denmark (DK)","4427.34","4287.00"
"17/09/2025 07:00 - 17/09/2025 08:00","Denmark (DK)","4817.40","4668.00"
"17/09/2025 08:00 - 17/09/2025 09:00","Denmark (DK)","5081.39","4904.00"
"17/09/2025 09:00 - 17/09/2025 10:00","Denmark (DK)","5129.44","5036.00"
"17/09/2025 10:00 - 17/09/2025 11:00","Denmark (DK)","5379.36","5109.00"
"17/09/2025 11:00 - 17/09/2025 12:00","Denmark (DK)","5431.76","5168.00"
"17/09/2025 12:00 - 17/09/2025 13:00","Denmark (DK)","5317.89","5189.00"
"17/09/2025 13:00 - 17/09/2025 14:00","Denmark (DK)","5255.21","5294.00"
"17/09/2025 14:00 - 17/09/2025 15:00","Denmark (DK)","5205.11","5244.00"
"17/09/2025 15:00 - 17/09/2025 16:00","Denmark (DK)","4976.22","5001.00"
"17/09/2025 16:00 - 17/09/2025 17:00","Denmark (DK)","5073.02","4943.00"
"17/09/2025 17:00 - 17/09/2025 18:00","Denmark (DK)","5067.95","5167.00"
"17/09/2025 18:00 - 17/09/2025 19:00","Denmark (DK)","4850.88","5088.00"
"17/09/2025 19:00 - 17/09/2025 20:00","Denmark (DK)","4601.83","5004.00"
"17/09/2025 20:00 - 17/09/2025 21:00","Denmark (DK)","4427.68","4995.00"
"17/09/2025 21:00 - 17/09/2025 22:00","Denmark (DK)","4170.48","4921.00"
"17/09/2025 22:00 - 17/09/2025 23:00","Denmark (DK)","3867.81","4657.00"
"17/09/2025 23:00 - 18/09/2025 00:00","Denmark (DK)","3722.92","4421.00"
"18/09/2025 00:00 - 18/09/2025 01:00","Denmark (DK)","3730.13","4030.00"
"18/09/2025 01:00 - 18/09/2025 02:00","Denmark (DK)","3665.50","3907.00"
"18/09/2025 02:00 - 18/09/2025 03:00","Denmark (DK)","3666.93","3789.00"
"18/09/2025 03:00 - 18/09/2025 04:00","Denmark (DK)","3577.42","3702.00"
"18/09/2025 04:00 - 18/09/2025 05:00","Denmark (DK)","3634.02","3683.00"
"18/09/2025 05:00 - 18/09/2025 06:00","Denmark (DK)","3776.83","3803.00"
"18/09/2025 06:00 - 18/09/2025 07:00","Denmark (DK)","4151.80","4115.00"
"18/09/2025 07:00 - 18/09/2025 08:00","Denmark (DK)","4627.88","4512.00"
"18/09/2025 08:00 - 18/09/2025 09:00","Denmark (DK)","4971.86","4732.00"
"18/09/2025 09:00 - 18/09/2025 10:00","Denmark (DK)","4805.01","4825.00"
"18/09/2025 10:00 - 18/09/2025 11:00","Denmark (DK)","4008.20","4868.00"
"18/09/2025 11:00 - 18/09/2025 12:00","Denmark (DK)","5278.43","4992.00"
"18/09/2025 12:00 - 18/09/2025 13:00","Denmark (DK)","5322.79","5104.00"
"18/09/2025 13:00 - 18/09/2025 14:00","Denmark (DK)","5371.46","5205.00"
"18/09/2025 14:00 - 18/09/2025 15:00","Denmark (DK)","5279.43","5122.00"
"18/09/2025 15:00 - 18/09/2025 16:00","Denmark (DK)","5133.35","4976.00"
"18/09/2025 16:00 - 18/09/2025 17:00","Denmark (DK)","4986.97","4982.00"
"18/09/2025 17:00 - 18/09/2025 18:00","Denmark (DK)","5021.99","5056.00"
"18/09/2025 18:00 - 18/09/2025 19:00","Denmark (DK)","4971.54","4888.00"
"18/09/2025 19:00 - 18/09/2025 20:00","Denmark (DK)","4754.96","4746.00"
"18/09/2025 20:00 - 18/09/2025 21:00","Denmark (DK)","4671.41","4698.00"
"18/09/2025 21:00 - 18/09/2025 22:00","Denmark (DK)","4442.67","4605.00"
"18/09/2025 22:00 - 18/09/2025 23:00","Denmark (DK)","4185.09","4352.00"
"18/09/2025 23:00 - 19/09/2025 00:00","Denmark (DK)","3945.64","4140.00"
"19/09/2025 00:00 - 19/09/2025 01:00","Denmark (DK)","4078.87","3900.00"
"19/09/2025 01:00 - 19/09/2025 02:00","Denmark (DK)","3862.94","3760.00"
"19/09/2025 02:00 - 19/09/2025 03:00","Denmark (DK)","3711.40","3641.00"
"19/09/2025 03:00 - 19/09/2025 04:00","Denmark (DK)","3504.84","3557.00"
"19/09/2025 04:00 - 19/09/2025 05:00","Denmark (DK)","3395.02","3557.00"
"19/09/2025 05:00 - 19/09/2025 06:00","Denmark (DK)","3519.97","3688.00"
"19/09/2025 06:00 - 19/09/2025 07:00","Denmark (DK)","4018.13","4108.00"
"19/09/2025 07:00 - 19/09/2025 08:00","Denmark (DK)","4545.82","4595.00"
"19/09/2025 08:00 - 19/09/2025 09:00","Denmark (DK)","4716.15","4815.00"
"19/09/2025 09:00 - 19/09/2025 10:00","Denmark (DK)","4798.43","4864.00"
"19/09/2025 10:00 - 19/09/2025 11:00","Denmark (DK)","4930.91","4943.00"
"19/09/2025 11:00 - 19/09/2025 12:00","Denmark (DK)","5031.55","5001.00"
"19/09/2025 12:00 - 19/09/2025 13:00","Denmark (DK)","5118.60","5054.00"
"19/09/2025 13:00 - 19/09/2025 14:00","Denmark (DK)","5008.88","5126.00"
"19/09/2025 14:00 - 19/09/2025 15:00","Denmark (DK)","4843.64","4899.00"
"19/09/2025 15:00 - 19/09/2025 16:00","Denmark (DK)","4813.69","4715.00"
"19/09/2025 16:00 - 19/09/2025 17:00","Denmark (DK)","4662.11","4711.00"
"19/09/2025 17:00 - 19/09/2025 18:00","Denmark (DK)","4633.97","4635.00"
"19/09/2025 18:00 - 19/09/2025 19:00","Denmark (DK)","4601.83","4442.00"
"19/09/2025 19:00 - 19/09/2025 20:00","Denmark (DK)","4334.99","4291.00"
"19/09/2025 20:00 - 19/09/2025 21:00","Denmark (DK)","4140.56","4156.00"
"19/09/2025 21:00 - 19/09/2025 22:00","Denmark (DK)","3926.51","3981.00"
"19/09/2025 22:00 - 19/09/2025 23:00","Denmark (DK)","3697.11","3910.00"
"19/09/2025 23:00 - 20/09/2025 00:00","Denmark (DK)","3561.11","3781.00"
"20/09/2025 00:00 - 20/09/2025 01:00","Denmark (DK)","3360.72","3599.00"
"20/09/2025 01:00 - 20/09/2025 02:00","Denmark (DK)","3404.66","3453.00"
"20/09/2025 02:00 - 20/09/2025 03:00","Denmark (DK)","3393.08","3351.00"
"20/09/2025 03:00 - 20/09/2025 04:00","Denmark (DK)","3236.11","3269.00"
"20/09/2025 04:00 - 20/09/2025 05:00","Denmark (DK)","3065.23","3256.00"
"20/09/2025 05:00 - 20/09/2025 06:00","Denmark (DK)","3009.59","3282.00"
"20/09/2025 06:00 - 20/09/2025 07:00","Denmark (DK)","3103.66","3315.00"
"20/09/2025 07:00 - 20/09/2025 08:00","Denmark (DK)","3369.18","3394.00"
"20/09/2025 08:00 - 20/09/2025 09:00","Denmark (DK)","3682.89","3783.00"
"20/09/2025 09:00 - 20/09/2025 10:00","Denmark (DK)","3984.08","4022.00"
"20/09/2025 10:00 - 20/09/2025 11:00","Denmark (DK)","4286.44","4295.00"
"20/09/2025 11:00 - 20/09/2025 12:00","Denmark (DK)","4507.01","4506.00"
"20/09/2025 12:00 - 20/09/2025 13:00","Denmark (DK)","4542.96","4642.00"
"20/09/2025 13:00 - 20/09/2025 14:00","Denmark (DK)","4506.43","4849.00"
"20/09/2025 14:00 - 20/09/2025 15:00","Denmark (DK)","4417.02","4777.00"
"20/09/2025 15:00 - 20/09/2025 16:00","Denmark (DK)","4237.96","4646.00"
"20/09/2025 16:00 - 20/09/2025 17:00","Denmark (DK)","4140.90","4432.00"
"20/09/2025 17:00 - 20/09/2025 18:00","Denmark (DK)","4258.29","4359.00"
"20/09/2025 18:00 - 20/09/2025 19:00","Denmark (DK)","4293.41","4287.00"
"20/09/2025 19:00 - 20/09/2025 20:00","Denmark (DK)","4158.50","4119.00"
"20/09/2025 20:00 - 20/09/2025 21:00","Denmark (DK)","3918.88","3994.00"
"20/09/2025 21:00 - 20/09/2025 22:00","Denmark (DK)","3710.72","3779.00"
"20/09/2025 22:00 - 20/09/2025 23:00","Denmark (DK)","3641.31","3550.00"
"20/09/2025 23:00 - 21/09/2025 00:00","Denmark (DK)","3484.84","3380.00"
"21/09/2025 00:00 - 21/09/2025 01:00","Denmark (DK)","3391.03","3172.00"
"21/09/2025 01:00 - 21/09/2025 02:00","Denmark (DK)","3389.60","3052.00"
"21/09/2025 02:00 - 21/09/2025 03:00","Denmark (DK)","3373.17","2933.00"
"21/09/2025 03:00 - 21/09/2025 04:00","Denmark (DK)","3345.62","2840.00"
"21/09/2025 04:00 - 21/09/2025 05:00","Denmark (DK)","3312.13","2782.00"
"21/09/2025 05:00 - 21/09/2025 06:00","Denmark (DK)","3370.37","2804.00"
"21/09/2025 06:00 - 21/09/2025 07:00","Denmark (DK)","3411.52","3438.00"
"21/09/2025 07:00 - 21/09/2025 08:00","Denmark (DK)","3516.47","3664.00"
"21/09/2025 08:00 - 21/09/2025 09:00","Denmark (DK)","3869.34","3879.00"
"21/09/2025 09:00 - 21/09/2025 10:00","Denmark (DK)","4112.45","4090.00"
"21/09/2025 10:00 - 21/09/2025 11:00","Denmark (DK)","4291.25","4414.00"
"21/09/2025 11:00 - 21/09/2025 12:00","Denmark (DK)","4390.37","4640.00"
"21/09/2025 12:00 - 21/09/2025 13:00","Denmark (DK)","4529.53","4732.00"
"21/09/2025 13:00 - 21/09/2025 14:00","Denmark (DK)","4635.71","4720.00"
"21/09/2025 14:00 - 21/09/2025 15:00","Denmark (DK)","4506.44","4652.00"
"21/09/2025 15:00 - 21/09/2025 16:00","Denmark (DK)","4424.42","4667.00"
"21/09/2025 16:00 - 21/09/2025 17:00","Denmark (DK)","4525.31","4512.00"
"21/09/2025 17:00 - 21/09/2025 18:00","Denmark (DK)","4705.91","4615.00"
"21/09/2025 18:00 - 21/09/2025 19:00","Denmark (DK)","4722.02","4496.00"
"21/09/2025 19:00 - 21/09/2025 20:00","Denmark (DK)","4436.40","4357.00"
"21/09/2025 20:00 - 21/09/2025 21:00","Denmark (DK)","4213.35","4244.00"
"21/09/2025 21:00 - 21/09/2025 22:00","Denmark (DK)","4038.85","4065.00"
"21/09/2025 22:00 - 21/09/2025 23:00","Denmark (DK)","3868.47","3914.00"
"21/09/2025 23:00 - 22/09/2025 00:00","Denmark (DK)","3640.97","3807.00"
"22/09/2025 00:00 - 22/09/2025 01:00","Denmark (DK)","3773.91","3678.00"
"22/09/2025 01:00 - 22/09/2025 02:00","Denmark (DK)","3681.66","3612.00"
"22/09/2025 02:00 - 22/09/2025 03:00","Denmark (DK)","3518.55","3583.00"
"22/09/2025 03:00 - 22/09/2025 04:00","Denmark (DK)","3491.33","3537.00"
"22/09/2025 04:00 - 22/09/2025 05:00","Denmark (DK)","3483.12","3556.00"
"22/09/2025 05:00 - 22/09/2025 06:00","Denmark (DK)","3597.71","3642.00"
"22/09/2025 06:00 - 22/09/2025 07:00","Denmark (DK)","4094.13","3999.00"
"22/09/2025 07:00 - 22/09/2025 08:00","Denmark (DK)","4487.87","4313.00"
"22/09/2025 08:00 - 22/09/2025 09:00","Denmark (DK)","4782.86","4566.00"
"22/09/2025 09:00 - 22/09/2025 10:00","Denmark (DK)","4888.20","4642.00"
"22/09/2025 10:00 - 22/09/2025 11:00","Denmark (DK)","5092.27","4732.00"
"22/09/2025 11:00 - 22/09/2025 12:00","Denmark (DK)","5110.87","4691.00"
"22/09/2025 12:00 - 22/09/2025 13:00","Denmark (DK)","4970.74","4659.00"
"22/09/2025 13:00 - 22/09/2025 14:00","Denmark (DK)","4989.34","4828.00"
"22/09/2025 14:00 - 22/09/2025 15:00","Denmark (DK)","4950.14","4847.00"
"22/09/2025 15:00 - 22/09/2025 16:00","Denmark (DK)","5023.90","4680.00"
"22/09/2025 16:00 - 22/09/2025 17:00","Denmark (DK)","5192.41","4531.00"
"22/09/2025 17:00 - 22/09/2025 18:00","Denmark (DK)","5089.55","4582.00"
"22/09/2025 18:00 - 22/09/2025 19:00","Denmark (DK)","4863.53","4480.00"
"22/09/2025 19:00 - 22/09/2025 20:00","Denmark (DK)","4558.57","4445.00"
"22/09/2025 20:00 - 22/09/2025 21:00","Denmark (DK)","4454.63","4508.00"
"22/09/2025 21:00 - 22/09/2025 22:00","Denmark (DK)","4142.65","4516.00"
"22/09/2025 22:00 - 22/09/2025 23:00","Denmark (DK)","3909.35","4436.00"
"22/09/2025 23:00 - 23/09/2025 00:00","Denmark (DK)","3737.82","4309.00"
"23/09/2025 00:00 - 23/09/2025 01:00","Denmark (DK)","3852.11","4008.00"
"23/09/2025 01:00 - 23/09/2025 02:00","Denmark (DK)","3722.54","3954.00"
"23/09/2025 02:00 - 23/09/2025 03:00","Denmark (DK)","3597.75","3895.00"
"23/09/2025 03:00 - 23/09/2025 04:00","Denmark (DK)","3437.63","3860.00"
"23/09/2025 04:00 - 23/09/2025 05:00","Denmark (DK)","3378.12","3880.00"
"23/09/2025 05:00 - 23/09/2025 06:00","Denmark (DK)","3573.20","4012.00"
"23/09/2025 06:00 - 23/09/2025 07:00","Denmark (DK)","4138.70","4536.00"
"23/09/2025 07:00 - 23/09/2025 08:00","Denmark (DK)","4614.69","5065.00"
"23/09/2025 08:00 - 23/09/2025 09:00","Denmark (DK)","4913.58","5317.00"
"23/09/2025 09:00 - 23/09/2025 10:00","Denmark (DK)","5094.29","5248.00"
"23/09/2025 10:00 - 23/09/2025 11:00","Denmark (DK)","5243.77","5070.00"
"23/09/2025 11:00 - 23/09/2025 12:00","Denmark (DK)","5221.54","5032.00"
"23/09/2025 12:00 - 23/09/2025 13:00","Denmark (DK)","5278.51","5030.00"
"23/09/2025 13:00 - 23/09/2025 14:00","Denmark (DK)","5242.97","5091.00"
"23/09/2025 14:00 - 23/09/2025 15:00","Denmark (DK)","5127.99","4952.00"
"23/09/2025 15:00 - 23/09/2025 16:00","Denmark (DK)","4982.24","4822.00"
"23/09/2025 16:00 - 23/09/2025 17:00","Denmark (DK)","4991.70","4768.00"
"23/09/2025 17:00 - 23/09/2025 18:00","Denmark (DK)","5036.33","4936.00"
"23/09/2025 18:00 - 23/09/2025 19:00","Denmark (DK)","4774.98","4812.00"
"23/09/2025 19:00 - 23/09/2025 20:00","Denmark (DK)","4610.34","4806.00"
"23/09/2025 20:00 - 23/09/2025 21:00","Denmark (DK)","4482.90","4811.00"
"23/09/2025 21:00 - 23/09/2025 22:00","Denmark (DK)","4250.05","4718.00"
"23/09/2025 22:00 - 23/09/2025 23:00","Denmark (DK)","4027.91","4566.00"
"23/09/2025 23:00 - 24/09/2025 00:00","Denmark (DK)","3776.93","4409.00"
"24/09/2025 00:00 - 24/09/2025 01:00","Denmark (DK)","3775.72","3902.00"
"24/09/2025 01:00 - 24/09/2025 02:00","Denmark (DK)","3762.48","3587.00"
"24/09/2025 02:00 - 24/09/2025 03:00","Denmark (DK)","3672.33","3437.00"
"24/09/2025 03:00 - 24/09/2025 04:00","Denmark (DK)","3617.62","3385.00"
"24/09/2025 04:00 - 24/09/2025 05:00","Denmark (DK)","3540.79","3409.00"
"24/09/2025 05:00 - 24/09/2025 06:00","Denmark (DK)","3676.70","3615.00"
"24/09/2025 06:00 - 24/09/2025 07:00","Denmark (DK)","4175.66","4098.00"
"24/09/2025 07:00 - 24/09/2025 08:00","Denmark (DK)","4689.03","4649.00"
"24/09/2025 08:00 - 24/09/2025 09:00","Denmark (DK)","4838.24","4862.00"
"24/09/2025 09:00 - 24/09/2025 10:00","Denmark (DK)","5128.03","4927.00"
"24/09/2025 10:00 - 24/09/2025 11:00","Denmark (DK)","5288.91","4972.00"
"24/09/2025 11:00 - 24/09/2025 12:00","Denmark (DK)","5378.19","4910.00"
"24/09/2025 12:00 - 24/09/2025 13:00","Denmark (DK)","5255.65","4855.00"
"24/09/2025 13:00 - 24/09/2025 14:00","Denmark (DK)","5085.12","4895.00"
"24/09/2025 14:00 - 24/09/2025 15:00","Denmark (DK)","5024.51","4752.00"
"24/09/2025 15:00 - 24/09/2025 16:00","Denmark (DK)","4894.90","4700.00"
"24/09/2025 16:00 - 24/09/2025 17:00","Denmark (DK)","4809.22","4917.00"
"24/09/2025 17:00 - 24/09/2025 18:00","Denmark (DK)","4876.38","5084.00"
"24/09/2025 18:00 - 24/09/2025 19:00","Denmark (DK)","4809.28","4961.00"
"24/09/2025 19:00 - 24/09/2025 20:00","Denmark (DK)","4682.90","4879.00"
"24/09/2025 20:00 - 24/09/2025 21:00","Denmark (DK)","4514.05","4786.00"
"24/09/2025 21:00 - 24/09/2025 22:00","Denmark (DK)","4276.29","4576.00"
"24/09/2025 22:00 - 24/09/2025 23:00","Denmark (DK)","4023.06","4350.00"
"24/09/2025 23:00 - 25/09/2025 00:00","Denmark (DK)","3941.75","4178.00"
"25/09/2025 00:00 - 25/09/2025 01:00","Denmark (DK)","3818.71","3825.00"
"25/09/2025 01:00 - 25/09/2025 02:00","Denmark (DK)","3900.90","3720.00"
"25/09/2025 02:00 - 25/09/2025 03:00","Denmark (DK)","3817.64","3603.00"
"25/09/2025 03:00 - 25/09/2025 04:00","Denmark (DK)","3623.32","3461.00"
"25/09/2025 04:00 - 25/09/2025 05:00","Denmark (DK)","3465.39","3400.00"
"25/09/2025 05:00 - 25/09/2025 06:00","Denmark (DK)","3599.17","3555.00"
"25/09/2025 06:00 - 25/09/2025 07:00","Denmark (DK)","4209.35","4053.00"
"25/09/2025 07:00 - 25/09/2025 08:00","Denmark (DK)","4687.38","4526.00"
"25/09/2025 08:00 - 25/09/2025 09:00","Denmark (DK)","4855.13","4753.00"
"25/09/2025 09:00 - 25/09/2025 10:00","Denmark (DK)","4829.43","4812.00"
"25/09/2025 10:00 - 25/09/2025 11:00","Denmark (DK)","4880.81","4894.00"
"25/09/2025 11:00 - 25/09/2025 12:00","Denmark (DK)","4785.00","4861.00"
"25/09/2025 12:00 - 25/09/2025 13:00","Denmark (DK)","4811.45","4799.00"
"25/09/2025 13:00 - 25/09/2025 14:00","Denmark (DK)","4905.26","4929.00"
"25/09/2025 14:00 - 25/09/2025 15:00","Denmark (DK)","4824.26","4766.00"
"25/09/2025 15:00 - 25/09/2025 16:00","Denmark (DK)","4707.31","4631.00"
"25/09/2025 16:00 - 25/09/2025 17:00","Denmark (DK)","4643.92","4607.00"
"25/09/2025 17:00 - 25/09/2025 18:00","Denmark (DK)","4856.42","4759.00"
"25/09/2025 18:00 - 25/09/2025 19:00","Denmark (DK)","4792.77","4652.00"
"25/09/2025 19:00 - 25/09/2025 20:00","Denmark (DK)","4727.33","4546.00"
"25/09/2025 20:00 - 25/09/2025 21:00","Denmark (DK)","4550.61","4412.00"
"25/09/2025 21:00 - 25/09/2025 22:00","Denmark (DK)","4284.34","4163.00"
"25/09/2025 22:00 - 25/09/2025 23:00","Denmark (DK)","4025.61","3932.00"
"25/09/2025 23:00 - 26/09/2025 00:00","Denmark (DK)","3822.51","3789.00"
"26/09/2025 00:00 - 26/09/2025 01:00","Denmark (DK)","3802.98","3766.00"
"26/09/2025 01:00 - 26/09/2025 02:00","Denmark (DK)","3776.57","3665.00"
"26/09/2025 02:00 - 26/09/2025 03:00","Denmark (DK)","3768.14","3598.00"
"26/09/2025 03:00 - 26/09/2025 04:00","Denmark (DK)","3657.12","3588.00"
"26/09/2025 04:00 - 26/09/2025 05:00","Denmark (DK)","3544.30","3563.00"
"26/09/2025 05:00 - 26/09/2025 06:00","Denmark (DK)","3637.19","3691.00"
"26/09/2025 06:00 - 26/09/2025 07:00","Denmark (DK)","4143.83","4083.00"
"26/09/2025 07:00 - 26/09/2025 08:00","Denmark (DK)","4635.99","4465.00"
"26/09/2025 08:00 - 26/09/2025 09:00","Denmark (DK)","4818.10","4721.00"
"26/09/2025 09:00 - 26/09/2025 10:00","Denmark (DK)","4828.21","4876.00"
"26/09/2025 10:00 - 26/09/2025 11:00","Denmark (DK)","5040.02","4973.00"
"26/09/2025 11:00 - 26/09/2025 12:00","Denmark (DK)","5111.05","5011.00"
"26/09/2025 12:00 - 26/09/2025 13:00","Denmark (DK)","5090.46","4926.00"
"26/09/2025 13:00 - 26/09/2025 14:00","Denmark (DK)","4983.94","4877.00"
"26/09/2025 14:00 - 26/09/2025 15:00","Denmark (DK)","4816.95","4818.00"
"26/09/2025 15:00 - 26/09/2025 16:00","Denmark (DK)","4727.31","4710.00"
"26/09/2025 16:00 - 26/09/2025 17:00","Denmark (DK)","4756.24","4693.00"
"26/09/2025 17:00 - 26/09/2025 18:00","Denmark (DK)","4783.10","4691.00"
"26/09/2025 18:00 - 26/09/2025 19:00","Denmark (DK)","4582.52","4592.00"
"26/09/2025 19:00 - 26/09/2025 20:00","Denmark (DK)","4433.84","4438.00"
"26/09/2025 20:00 - 26/09/2025 21:00","Denmark (DK)","4242.33","4288.00"
"26/09/2025 21:00 - 26/09/2025 22:00","Denmark (DK)","4030.05","4135.00"
"26/09/2025 22:00 - 26/09/2025 23:00","Denmark (DK)","3857.16","3994.00"
"26/09/2025 23:00 - 27/09/2025 00:00","Denmark (DK)","3634.90","3891.00"
"27/09/2025 00:00 - 27/09/2025 01:00","Denmark (DK)","3618.31","3774.00"
"27/09/2025 01:00 - 27/09/2025 02:00","Denmark (DK)","3512.83","3702.00"
"27/09/2025 02:00 - 27/09/2025 03:00","Denmark (DK)","3366.25","3652.00"
"27/09/2025 03:00 - 27/09/2025 04:00","Denmark (DK)","3335.70","3602.00"
"27/09/2025 04:00 - 27/09/2025 05:00","Denmark (DK)","3289.16","3514.00"
"27/09/2025 05:00 - 27/09/2025 06:00","Denmark (DK)","3228.94","3489.00"
"27/09/2025 06:00 - 27/09/2025 07:00","Denmark (DK)","3339.49","3605.00"
"27/09/2025 07:00 - 27/09/2025 08:00","Denmark (DK)","3564.95","3825.00"
"27/09/2025 08:00 - 27/09/2025 09:00","Denmark (DK)","3810.64","4062.00"
"27/09/2025 09:00 - 27/09/2025 10:00","Denmark (DK)","3940.00","4347.00"
"27/09/2025 10:00 - 27/09/2025 11:00","Denmark (DK)","4167.62","4663.00"
"27/09/2025 11:00 - 27/09/2025 12:00","Denmark (DK)","4315.72","4758.00"
"27/09/2025 12:00 - 27/09/2025 13:00","Denmark (DK)","4371.96","4775.00"
"27/09/2025 13:00 - 27/09/2025 14:00","Denmark (DK)","4309.12","4718.00"
"27/09/2025 14:00 - 27/09/2025 15:00","Denmark (DK)","4238.04","4632.00"
"27/09/2025 15:00 - 27/09/2025 16:00","Denmark (DK)","4078.43","4511.00"
"27/09/2025 16:00 - 27/09/2025 17:00","Denmark (DK)","4045.28","4472.00"
"27/09/2025 17:00 - 27/09/2025 18:00","Denmark (DK)","4221.06","4487.00"
"27/09/2025 18:00 - 27/09/2025 19:00","Denmark (DK)","4243.88","4432.00"
"27/09/2025 19:00 - 27/09/2025 20:00","Denmark (DK)","4141.04","4300.00"
"27/09/2025 20:00 - 27/09/2025 21:00","Denmark (DK)","3935.07","4112.00"
"27/09/2025 21:00 - 27/09/2025 22:00","Denmark (DK)","3716.50","3908.00"
"27/09/2025 22:00 - 27/09/2025 23:00","Denmark (DK)","3538.21","3767.00"
"27/09/2025 23:00 - 28/09/2025 00:00","Denmark (DK)","3410.40","3626.00"
"28/09/2025 00:00 - 28/09/2025 01:00","Denmark (DK)","3386.23","3429.00"
"28/09/2025 01:00 - 28/09/2025 02:00","Denmark (DK)","3361.36","3301.00"
"28/09/2025 02:00 - 28/09/2025 03:00","Denmark (DK)","3253.05","3235.00"
"28/09/2025 03:00 - 28/09/2025 04:00","Denmark (DK)","3158.97","3179.00"
"28/09/2025 04:00 - 28/09/2025 05:00","Denmark (DK)","3077.68","3150.00"
"28/09/2025 05:00 - 28/09/2025 06:00","Denmark (DK)","3052.94","3154.00"
"28/09/2025 06:00 - 28/09/2025 07:00","Denmark (DK)","3163.41","3267.00"
"28/09/2025 07:00 - 28/09/2025 08:00","Denmark (DK)","3412.12","3476.00"
"28/09/2025 08:00 - 28/09/2025 09:00","Denmark (DK)","3614.17","3737.00"
"28/09/2025 09:00 - 28/09/2025 10:00","Denmark (DK)","3764.48","3955.00"
"28/09/2025 10:00 - 28/09/2025 11:00","Denmark (DK)","3962.49","4290.00"
"28/09/2025 11:00 - 28/09/2025 12:00","Denmark (DK)","4197.12","4515.00"
"28/09/2025 12:00 - 28/09/2025 13:00","Denmark (DK)","4390.87","4631.00"
"28/09/2025 13:00 - 28/09/2025 14:00","Denmark (DK)","4402.63","4593.00"
"28/09/2025 14:00 - 28/09/2025 15:00","Denmark (DK)","4282.79","4329.00"
"28/09/2025 15:00 - 28/09/2025 16:00","Denmark (DK)","4094.33","4201.00"
"28/09/2025 16:00 - 28/09/2025 17:00","Denmark (DK)","4123.45","3974.00"
"28/09/2025 17:00 - 28/09/2025 18:00","Denmark (DK)","4365.39","4215.00"
"28/09/2025 18:00 - 28/09/2025 19:00","Denmark (DK)","4382.44","4263.00"
"28/09/2025 19:00 - 28/09/2025 20:00","Denmark (DK)","4257.08","4148.00"
"28/09/2025 20:00 - 28/09/2025 21:00","Denmark (DK)","4030.90","3925.00"
"28/09/2025 21:00 - 28/09/2025 22:00","Denmark (DK)","3801.37","3644.00"
"28/09/2025 22:00 - 28/09/2025 23:00","Denmark (DK)","3607.10","3424.00"
"28/09/2025 23:00 - 29/09/2025 00:00","Denmark (DK)","3465.05","3332.00"
"29/09/2025 00:00 - 29/09/2025 01:00","Denmark (DK)","3545.56","3294.00"
"29/09/2025 01:00 - 29/09/2025 02:00","Denmark (DK)","3531.84","3367.00"
"29/09/2025 02:00 - 29/09/2025 03:00","Denmark (DK)","3401.91","3344.00"
"29/09/2025 03:00 - 29/09/2025 04:00","Denmark (DK)","3266.97","3280.00"
"29/09/2025 04:00 - 29/09/2025 05:00","Denmark (DK)","3268.48","3257.00"
"29/09/2025 05:00 - 29/09/2025 06:00","Denmark (DK)","3412.85","3310.00"
"29/09/2025 06:00 - 29/09/2025 07:00","Denmark (DK)","3990.55","3762.00"
"29/09/2025 07:00 - 29/09/2025 08:00","Denmark (DK)","4479.92","4167.00"
"29/09/2025 08:00 - 29/09/2025 09:00","Denmark (DK)","4612.41","4472.00"
"29/09/2025 09:00 - 29/09/2025 10:00","Denmark (DK)","4679.10","4383.00"
"29/09/2025 10:00 - 29/09/2025 11:00","Denmark (DK)","4848.80","4438.00"
"29/09/2025 11:00 - 29/09/2025 12:00","Denmark (DK)","4903.87","4531.00"
"29/09/2025 12:00 - 29/09/2025 13:00","Denmark (DK)","4938.67","4682.00"
"29/09/2025 13:00 - 29/09/2025 14:00","Denmark (DK)","4877.64","4749.00"
"29/09/2025 14:00 - 29/09/2025 15:00","Denmark (DK)","4836.83","4730.00"
"29/09/2025 15:00 - 29/09/2025 16:00","Denmark (DK)","4682.11","4623.00"
"29/09/2025 16:00 - 29/09/2025 17:00","Denmark (DK)","4723.55","4548.00"
"29/09/2025 17:00 - 29/09/2025 18:00","Denmark (DK)","4941.20","4604.00"
"29/09/2025 18:00 - 29/09/2025 19:00","Denmark (DK)","4866.70","4547.00"
"29/09/2025 19:00 - 29/09/2025 20:00","Denmark (DK)","4716.86","4826.00"
"29/09/2025 20:00 - 29/09/2025 21:00","Denmark (DK)","4450.02","4761.00"
"29/09/2025 21:00 - 29/09/2025 22:00","Denmark (DK)","4224.02","4693.00"
"29/09/2025 22:00 - 29/09/2025 23:00","Denmark (DK)","3999.77","4614.00"
"29/09/2025 23:00 - 30/09/2025 00:00","Denmark (DK)","3898.23","4517.00"
"30/09/2025 00:00 - 30/09/2025 01:00","Denmark (DK)","3874.26","4229.00"
"30/09/2025 01:00 - 30/09/2025 02:00","Denmark (DK)","3802.71","4128.00"
"30/09/2025 02:00 - 30/09/2025 03:00","Denmark (DK)","3641.22","4029.00"
"30/09/2025 03:00 - 30/09/2025 04:00","Denmark (DK)","3561.19","4010.00"
"30/09/2025 04:00 - 30/09/2025 05:00","Denmark (DK)","3470.39","3924.00"
"30/09/2025 05:00 - 30/09/2025 06:00","Denmark (DK)","3604.11","3931.00"
"30/09/2025 06:00 - 30/09/2025 07:00","Denmark (DK)","4118.58","4307.00"
"30/09/2025 07:00 - 30/09/2025 08:00","Denmark (DK)","4626.48","4667.00"
"30/09/2025 08:00 - 30/09/2025 09:00","Denmark (DK)","4853.08","4869.00"
"30/09/2025 09:00 - 30/09/2025 10:00","Denmark (DK)","4809.98","4991.00"
"30/09/2025 10:00 - 30/09/2025 11:00","Denmark (DK)","4827.32","5051.00"
"30/09/2025 11:00 - 30/09/2025 12:00","Denmark (DK)","4853.37","5096.00"
"30/09/2025 12:00 - 30/09/2025 13:00","Denmark (DK)","4856.24","5014.00"
"30/09/2025 13:00 - 30/09/2025 14:00","Denmark (DK)","4880.46","5022.00"
"30/09/2025 14:00 - 30/09/2025 15:00","Denmark (DK)","4742.55","4827.00"
"30/09/2025 15:00 - 30/09/2025 16:00","Denmark (DK)","4647.37","4581.00"
"30/09/2025 16:00 - 30/09/2025 17:00","Denmark (DK)","4720.45","4576.00"
"30/09/2025 17:00 - 30/09/2025 18:00","Denmark (DK)","4882.49","4802.00"
"30/09/2025 18:00 - 30/09/2025 19:00","Denmark (DK)","4804.92","4723.00"
"30/09/2025 19:00 - 30/09/2025 20:00","Denmark (DK)","4704.24","4584.00"
"30/09/2025 20:00 - 30/09/2025 21:00","Denmark (DK)","4485.31","4355.00"
"30/09/2025 21:00 - 30/09/2025 22:00","Denmark (DK)","4289.14","4126.00"
"30/09/2025 22:00 - 30/09/2025 23:00","Denmark (DK)","4047.75","3939.00"
"30/09/2025 23:00 - 01/10/2025 00:00","Denmark (DK)","3845.86","3817.00"
"01/10/2025 00:00 - 01/10/2025 01:00","Denmark (DK)","3864.39","3741.00"
"01/10/2025 01:00 - 01/10/2025 02:00","Denmark (DK)","3884.93","3637.00"
"01/10/2025 02:00 - 01/10/2025 03:00","Denmark (DK)","3907.91","3600.00"
"01/10/2025 03:00 - 01/10/2025 04:00","Denmark (DK)","3722.36","3621.00"
"01/10/2025 04:00 - 01/10/2025 05:00","Denmark (DK)","3604.96","3697.00"
"01/10/2025 05:00 - 01/10/2025 06:00","Denmark (DK)","3720.50","3790.00"
"01/10/2025 06:00 - 01/10/2025 07:00","Denmark (DK)","4205.95","4089.00"
"01/10/2025 07:00 - 01/10/2025 08:00","Denmark (DK)","4665.64","4481.00"
"01/10/2025 08:00 - 01/10/2025 09:00","Denmark (DK)","4907.68","4826.00"
"01/10/2025 09:00 - 01/10/2025 10:00","Denmark (DK)","4964.29","4947.00"
"01/10/2025 10:00 - 01/10/2025 11:00","Denmark (DK)","4947.71","5033.00"
"01/10/2025 11:00 - 01/10/2025 12:00","Denmark (DK)","5125.62","5028.00"
"01/10/2025 12:00 - 01/10/2025 13:00","Denmark (DK)","5124.38","4968.00"
"01/10/2025 13:00 - 01/10/2025 14:00","Denmark (DK)","5094.88","4992.00"
"01/10/2025 14:00 - 01/10/2025 15:00","Denmark (DK)","4932.84","4915.00"
"01/10/2025 15:00 - 01/10/2025 16:00","Denmark (DK)","4768.01","4794.00"
"01/10/2025 16:00 - 01/10/2025 17:00","Denmark (DK)","4813.53","4777.00"
"01/10/2025 17:00 - 01/10/2025 18:00","Denmark (DK)","4954.44","4911.00"
"01/10/2025 18:00 - 01/10/2025 19:00","Denmark (DK)","4824.78","4745.00"
"01/10/2025 19:00 - 01/10/2025 20:00","Denmark (DK)","4726.74","4694.00"
"01/10/2025 20:00 - 01/10/2025 21:00","Denmark (DK)","4557.58","4629.00"
"01/10/2025 21:00 - 01/10/2025 22:00","Denmark (DK)","4346.58","4504.00"
"01/10/2025 22:00 - 01/10/2025 23:00","Denmark (DK)","4109.29","4383.00"
"01/10/2025 23:00 - 02/10/2025 00:00","Denmark (DK)","3890.07","4216.00"
"02/10/2025 00:00 - 02/10/2025 01:00","Denmark (DK)","3959.60","3939.00"
"02/10/2025 01:00 - 02/10/2025 02:00","Denmark (DK)","3998.06","3771.00"
"02/10/2025 02:00 - 02/10/2025 03:00","Denmark (DK)","3961.77","3652.00"
"02/10/2025 03:00 - 02/10/2025 04:00","Denmark (DK)","3792.14","3618.00"
"02/10/2025 04:00 - 02/10/2025 05:00","Denmark (DK)","3648.64","3750.00"
"02/10/2025 05:00 - 02/10/2025 06:00","Denmark (DK)","3745.18","3848.00"
"02/10/2025 06:00 - 02/10/2025 07:00","Denmark (DK)","4281.60","4164.00"
"02/10/2025 07:00 - 02/10/2025 08:00","Denmark (DK)","4809.83","4630.00"
"02/10/2025 08:00 - 02/10/2025 09:00","Denmark (DK)","4980.93","4818.00"
"02/10/2025 09:00 - 02/10/2025 10:00","Denmark (DK)","4981.21","4884.00"
"02/10/2025 10:00 - 02/10/2025 11:00","Denmark (DK)","5063.93","4973.00"
"02/10/2025 11:00 - 02/10/2025 12:00","Denmark (DK)","5096.22","4975.00"
"02/10/2025 12:00 - 02/10/2025 13:00","Denmark (DK)","5127.95","4921.00"
"02/10/2025 13:00 - 02/10/2025 14:00","Denmark (DK)","5078.81","4963.00"
"02/10/2025 14:00 - 02/10/2025 15:00","Denmark (DK)","4956.93","4826.00"
"02/10/2025 15:00 - 02/10/2025 16:00","Denmark (DK)","4738.35","4705.00"
"02/10/2025 16:00 - 02/10/2025 17:00","Denmark (DK)","4703.46","4690.00"
"02/10/2025 17:00 - 02/10/2025 18:00","Denmark (DK)","4870.52","4858.00"
"02/10/2025 18:00 - 02/10/2025 19:00","Denmark (DK)","4829.06","4813.00"
"02/10/2025 19:00 - 02/10/2025 20:00","Denmark (DK)","4752.20","4794.00"
"02/10/2025 20:00 - 02/10/2025 21:00","Denmark (DK)","4544.57","4786.00"
"02/10/2025 21:00 - 02/10/2025 22:00","Denmark (DK)","4370.58","4826.00"
"02/10/2025 22:00 - 02/10/2025 23:00","Denmark (DK)","4079.14","4691.00"
"02/10/2025 23:00 - 03/10/2025 00:00","Denmark (DK)","3965.52","4466.00"
"03/10/2025 00:00 - 03/10/2025 01:00","Denmark (DK)","4020.75","4021.00"
"03/10/2025 01:00 - 03/10/2025 02:00","Denmark (DK)","4133.81","3813.00"
"03/10/2025 02:00 - 03/10/2025 03:00","Denmark (DK)","4140.95","3650.00"
"03/10/2025 03:00 - 03/10/2025 04:00","Denmark (DK)","3959.40","3560.00"
"03/10/2025 04:00 - 03/10/2025 05:00","Denmark (DK)","3872.12","3535.00"
"03/10/2025 05:00 - 03/10/2025 06:00","Denmark (DK)","3882.58","3702.00"
"03/10/2025 06:00 - 03/10/2025 07:00","Denmark (DK)","4315.29","4117.00"
"03/10/2025 07:00 - 03/10/2025 08:00","Denmark (DK)","4803.58","4612.00"
"03/10/2025 08:00 - 03/10/2025 09:00","Denmark (DK)","4983.88","4892.00"
"03/10/2025 09:00 - 03/10/2025 10:00","Denmark (DK)","5071.39","4903.00"
"03/10/2025 10:00 - 03/10/2025 11:00","Denmark (DK)","5163.35","5118.00"
"03/10/2025 11:00 - 03/10/2025 12:00","Denmark (DK)","5128.07","5045.00"
"03/10/2025 12:00 - 03/10/2025 13:00","Denmark (DK)","5138.02","4927.00"
"03/10/2025 13:00 - 03/10/2025 14:00","Denmark (DK)","4997.79","4774.00"
"03/10/2025 14:00 - 03/10/2025 15:00","Denmark (DK)","4782.18","4609.00"
"03/10/2025 15:00 - 03/10/2025 16:00","Denmark (DK)","4620.22","4529.00"
"03/10/2025 16:00 - 03/10/2025 17:00","Denmark (DK)","4728.78","4721.00"
"03/10/2025 17:00 - 03/10/2025 18:00","Denmark (DK)","4845.88","4781.00"
"03/10/2025 18:00 - 03/10/2025 19:00","Denmark (DK)","4853.08","4755.00"
"03/10/2025 19:00 - 03/10/2025 20:00","Denmark (DK)","4775.49","4789.00"
"03/10/2025 20:00 - 03/10/2025 21:00","Denmark (DK)","4472.04","4787.00"
"03/10/2025 21:00 - 03/10/2025 22:00","Denmark (DK)","4290.69","4766.00"
"03/10/2025 22:00 - 03/10/2025 23:00","Denmark (DK)","4095.38","4466.00"
"03/10/2025 23:00 - 04/10/2025 00:00","Denmark (DK)","3908.64","4258.00"
"04/10/2025 00:00 - 04/10/2025 01:00","Denmark (DK)","4089.51","3918.00"
"04/10/2025 01:00 - 04/10/2025 02:00","Denmark (DK)","3974.10","3877.00"
"04/10/2025 02:00 - 04/10/2025 03:00","Denmark (DK)","4030.73","3760.00"
"04/10/2025 03:00 - 04/10/2025 04:00","Denmark (DK)","3856.46","3650.00"
"04/10/2025 04:00 - 04/10/2025 05:00","Denmark (DK)","3754.96","3626.00"
"04/10/2025 05:00 - 04/10/2025 06:00","Denmark (DK)","3656.26","3582.00"
"04/10/2025 06:00 - 04/10/2025 07:00","Denmark (DK)","3611.70","3764.00"
"04/10/2025 07:00 - 04/10/2025 08:00","Denmark (DK)","3796.22","4050.00"
"04/10/2025 08:00 - 04/10/2025 09:00","Denmark (DK)","4195.11","4255.00"
"04/10/2025 09:00 - 04/10/2025 10:00","Denmark (DK)","4447.55","4350.00"
"04/10/2025 10:00 - 04/10/2025 11:00","Denmark (DK)","4659.53","4433.00"
"04/10/2025 11:00 - 04/10/2025 12:00","Denmark (DK)","4859.97","4502.00"
"04/10/2025 12:00 - 04/10/2025 13:00","Denmark (DK)","4815.04","4553.00"
"04/10/2025 13:00 - 04/10/2025 14:00","Denmark (DK)","4799.00","4605.00"
"04/10/2025 14:00 - 04/10/2025 15:00","Denmark (DK)","4739.92","4521.00"
"04/10/2025 15:00 - 04/10/2025 16:00","Denmark (DK)","4646.71","4591.00"
"04/10/2025 16:00 - 04/10/2025 17:00","Denmark (DK)","4625.98","4573.00"
"04/10/2025 17:00 - 04/10/2025 18:00","Denmark (DK)","4709.45","4693.00"
"04/10/2025 18:00 - 04/10/2025 19:00","Denmark (DK)","4644.76","4704.00"
"04/10/2025 19:00 - 04/10/2025 20:00","Denmark (DK)","4432.42","4569.00"
"04/10/2025 20:00 - 04/10/2025 21:00","Denmark (DK)","4185.04","4367.00"
"04/10/2025 21:00 - 04/10/2025 22:00","Denmark (DK)","4002.87","4199.00"
"04/10/2025 22:00 - 04/10/2025 23:00","Denmark (DK)","3894.72","3993.00"
"04/10/2025 23:00 - 05/10/2025 00:00","Denmark (DK)","3735.12","3867.00"
"05/10/2025 00:00 - 05/10/2025 01:00","Denmark (DK)","3754.49","3668.00"
"05/10/2025 01:00 - 05/10/2025 02:00","Denmark (DK)","3785.85","3621.00"
"05/10/2025 02:00 - 05/10/2025 03:00","Denmark (DK)","3768.38","3566.00"
"05/10/2025 03:00 - 05/10/2025 04:00","Denmark (DK)","3677.26","3482.00"
"05/10/2025 04:00 - 05/10/2025 05:00","Denmark (DK)","3521.11","3412.00"
"05/10/2025 05:00 - 05/10/2025 06:00","Denmark (DK)","3438.93","3423.00"
"05/10/2025 06:00 - 05/10/2025 07:00","Denmark (DK)","3524.52","3507.00"
"05/10/2025 07:00 - 05/10/2025 08:00","Denmark (DK)","3788.77","3725.00"
"05/10/2025 08:00 - 05/10/2025 09:00","Denmark (DK)","4047.18","3921.00"
"05/10/2025 09:00 - 05/10/2025 10:00","Denmark (DK)","4329.65","4077.00"
"05/10/2025 10:00 - 05/10/2025 11:00","Denmark (DK)","4632.01","4319.00"
"05/10/2025 11:00 - 05/10/2025 12:00","Denmark (DK)","4728.18","4484.00"
"05/10/2025 12:00 - 05/10/2025 13:00","Denmark (DK)","4770.98","4567.00"
"05/10/2025 13:00 - 05/10/2025 14:00","Denmark (DK)","4758.78","4588.00"
"05/10/2025 14:00 - 05/10/2025 15:00","Denmark (DK)","4798.59","4568.00"
"05/10/2025 15:00 - 05/10/2025 16:00","Denmark (DK)","4765.88","4621.00"
"05/10/2025 16:00 - 05/10/2025 17:00","Denmark (DK)","4756.84","4515.00"
"05/10/2025 17:00 - 05/10/2025 18:00","Denmark (DK)","4948.55","4623.00"
"05/10/2025 18:00 - 05/10/2025 19:00","Denmark (DK)","4851.62","4588.00"
"05/10/2025 19:00 - 05/10/2025 20:00","Denmark (DK)","4641.60","4474.00"
"05/10/2025 20:00 - 05/10/2025 21:00","Denmark (DK)","4436.50","4244.00"
"05/10/2025 21:00 - 05/10/2025 22:00","Denmark (DK)","4314.02","4091.00"
"05/10/2025 22:00 - 05/10/2025 23:00","Denmark (DK)","4080.45","3923.00"
"05/10/2025 23:00 - 06/10/2025 00:00","Denmark (DK)","3873.76","3838.00"
"06/10/2025 00:00 - 06/10/2025 01:00","Denmark (DK)","3923.77","3863.00"
"06/10/2025 01:00 - 06/10/2025 02:00","Denmark (DK)","3959.82","3794.00"
"06/10/2025 02:00 - 06/10/2025 03:00","Denmark (DK)","3809.01","3725.00"
"06/10/2025 03:00 - 06/10/2025 04:00","Denmark (DK)","3631.47","3682.00"
"06/10/2025 04:00 - 06/10/2025 05:00","Denmark (DK)","3564.13","3648.00"
"06/10/2025 05:00 - 06/10/2025 06:00","Denmark (DK)","3686.49","3708.00"
"06/10/2025 06:00 - 06/10/2025 07:00","Denmark (DK)","4186.55","3934.00"
"06/10/2025 07:00 - 06/10/2025 08:00","Denmark (DK)","4715.64","4256.00"
"06/10/2025 08:00 - 06/10/2025 09:00","Denmark (DK)","4959.16","4795.00"
"06/10/2025 09:00 - 06/10/2025 10:00","Denmark (DK)","5076.92","4878.00"
"06/10/2025 10:00 - 06/10/2025 11:00","Denmark (DK)","5242.85","4873.00"
"06/10/2025 11:00 - 06/10/2025 12:00","Denmark (DK)","5193.17","4797.00"
"06/10/2025 12:00 - 06/10/2025 13:00","Denmark (DK)","5063.97","4753.00"
"06/10/2025 13:00 - 06/10/2025 14:00","Denmark (DK)","4986.92","4758.00"
"06/10/2025 14:00 - 06/10/2025 15:00","Denmark (DK)","4866.26","4819.00"
"06/10/2025 15:00 - 06/10/2025 16:00","Denmark (DK)","4748.43","4740.00"
"06/10/2025 16:00 - 06/10/2025 17:00","Denmark (DK)","4819.72","4729.00"
"06/10/2025 17:00 - 06/10/2025 18:00","Denmark (DK)","4952.40","4857.00"
"06/10/2025 18:00 - 06/10/2025 19:00","Denmark (DK)","4900.94","4751.00"
"06/10/2025 19:00 - 06/10/2025 20:00","Denmark (DK)","4738.01","4683.00"
"06/10/2025 20:00 - 06/10/2025 21:00","Denmark (DK)","4437.45","4636.00"
"06/10/2025 21:00 - 06/10/2025 22:00","Denmark (DK)","4226.58","4595.00"
"06/10/2025 22:00 - 06/10/2025 23:00","Denmark (DK)","3930.78","4548.00"
"06/10/2025 23:00 - 07/10/2025 00:00","Denmark (DK)","3719.93","4475.00"
"07/10/2025 00:00 - 07/10/2025 01:00","Denmark (DK)","3664.50","3926.00"
"07/10/2025 01:00 - 07/10/2025 02:00","Denmark (DK)","3752.34","3966.00"
"07/10/2025 02:00 - 07/10/2025 03:00","Denmark (DK)","3698.31","3889.00"
"07/10/2025 03:00 - 07/10/2025 04:00","Denmark (DK)","3561.24","3904.00"
"07/10/2025 04:00 - 07/10/2025 05:00","Denmark (DK)","3480.61","3898.00"
"07/10/2025 05:00 - 07/10/2025 06:00","Denmark (DK)","3566.81","3954.00"
"07/10/2025 06:00 - 07/10/2025 07:00","Denmark (DK)","4058.83","4260.00"
"07/10/2025 07:00 - 07/10/2025 08:00","Denmark (DK)","4629.80","4463.00"
"07/10/2025 08:00 - 07/10/2025 09:00","Denmark (DK)","4831.97","4639.00"
"07/10/2025 09:00 - 07/10/2025 10:00","Denmark (DK)","4929.09","4714.00"
"07/10/2025 10:00 - 07/10/2025 11:00","Denmark (DK)","5045.97","4844.00"
"07/10/2025 11:00 - 07/10/2025 12:00","Denmark (DK)","5091.20","4958.00"
"07/10/2025 12:00 - 07/10/2025 13:00","Denmark (DK)","5020.03","4961.00"
"07/10/2025 13:00 - 07/10/2025 14:00","Denmark (DK)","5025.51","5012.00"
"07/10/2025 14:00 - 07/10/2025 15:00","Denmark (DK)","4918.74","4893.00"
"07/10/2025 15:00 - 07/10/2025 16:00","Denmark (DK)","4862.89","4702.00"
"07/10/2025 16:00 - 07/10/2025 17:00","Denmark (DK)","4927.18","4628.00"
"07/10/2025 17:00 - 07/10/2025 18:00","Denmark (DK)","5022.32","4787.00"
"07/10/2025 18:00 - 07/10/2025 19:00","Denmark (DK)","4942.20","4758.00"
"07/10/2025 19:00 - 07/10/2025 20:00","Denmark (DK)","4788.47","4568.00"
"07/10/2025 20:00 - 07/10/2025 21:00","Denmark (DK)","4417.13","4376.00"
"07/10/2025 21:00 - 07/10/2025 22:00","Denmark (DK)","4231.16","4205.00"
"07/10/2025 22:00 - 07/10/2025 23:00","Denmark (DK)","3995.56","4007.00"
"07/10/2025 23:00 - 08/10/2025 00:00","Denmark (DK)","3767.58","3867.00"
"08/10/2025 00:00 - 08/10/2025 01:00","Denmark (DK)","3881.87","3609.00"
"08/10/2025 01:00 - 08/10/2025 02:00","Denmark (DK)","3956.88","3661.00"
"08/10/2025 02:00 - 08/10/2025 03:00","Denmark (DK)","3864.60","3601.00"
"08/10/2025 03:00 - 08/10/2025 04:00","Denmark (DK)","3677.60","3583.00"
"08/10/2025 04:00 - 08/10/2025 05:00","Denmark (DK)","3497.48","3572.00"
"08/10/2025 05:00 - 08/10/2025 06:00","Denmark (DK)","3623.52","3654.00"
"08/10/2025 06:00 - 08/10/2025 07:00","Denmark (DK)","4102.51","4075.00"
"08/10/2025 07:00 - 08/10/2025 08:00","Denmark (DK)","4610.23","4517.00"
"08/10/2025 08:00 - 08/10/2025 09:00","Denmark (DK)","4859.12","4772.00"
"08/10/2025 09:00 - 08/10/2025 10:00","Denmark (DK)","4916.44","4787.00"
"08/10/2025 10:00 - 08/10/2025 11:00","Denmark (DK)","4990.88","4841.00"
"08/10/2025 11:00 - 08/10/2025 12:00","Denmark (DK)","4987.37","4886.00"
"08/10/2025 12:00 - 08/10/2025 13:00","Denmark (DK)","4949.38","4873.00"
"08/10/2025 13:00 - 08/10/2025 14:00","Denmark (DK)","4894.03","4927.00"
"08/10/2025 14:00 - 08/10/2025 15:00","Denmark (DK)","4762.04","4857.00"
"08/10/2025 15:00 - 08/10/2025 16:00","Denmark (DK)","4680.56","4625.00"
"08/10/2025 16:00 - 08/10/2025 17:00","Denmark (DK)","4761.31","4601.00"
"08/10/2025 17:00 - 08/10/2025 18:00","Denmark (DK)","4888.53","4850.00"
"08/10/2025 18:00 - 08/10/2025 19:00","Denmark (DK)","4873.03","4869.00"
"08/10/2025 19:00 - 08/10/2025 20:00","Denmark (DK)","4746.85","4707.00"
"08/10/2025 20:00 - 08/10/2025 21:00","Denmark (DK)","4476.16","4630.00"
"08/10/2025 21:00 - 08/10/2025 22:00","Denmark (DK)","4242.73","4523.00"
"08/10/2025 22:00 - 08/10/2025 23:00","Denmark (DK)","4038.37","4342.00"
"08/10/2025 23:00 - 09/10/2025 00:00","Denmark (DK)","3835.47","4167.00"
"09/10/2025 00:00 - 09/10/2025 01:00","Denmark (DK)","3855.94","3841.00"
"09/10/2025 01:00 - 09/10/2025 02:00","Denmark (DK)","3931.30","3706.00"
"09/10/2025 02:00 - 09/10/2025 03:00","Denmark (DK)","3836.67","3591.00"
"09/10/2025 03:00 - 09/10/2025 04:00","Denmark (DK)","3740.85","3432.00"
"09/10/2025 04:00 - 09/10/2025 05:00","Denmark (DK)","3600.20","3394.00"
"09/10/2025 05:00 - 09/10/2025 06:00","Denmark (DK)","3661.97","3424.00"
"09/10/2025 06:00 - 09/10/2025 07:00","Denmark (DK)","4137.98","4074.00"
"09/10/2025 07:00 - 09/10/2025 08:00","Denmark (DK)","4750.58","4632.00"
"09/10/2025 08:00 - 09/10/2025 09:00","Denmark (DK)","4923.31","4765.00"
"09/10/2025 09:00 - 09/10/2025 10:00","Denmark (DK)","4966.15","4752.00"
"09/10/2025 10:00 - 09/10/2025 11:00","Denmark (DK)","5019.49","4785.00"
"09/10/2025 11:00 - 09/10/2025 12:00","Denmark (DK)","5060.64","4779.00"
"09/10/2025 12:00 - 09/10/2025 13:00","Denmark (DK)","5070.74","4739.00"
"09/10/2025 13:00 - 09/10/2025 14:00","Denmark (DK)","5082.19","4877.00"
"09/10/2025 14:00 - 09/10/2025 15:00","Denmark (DK)","5031.98","5136.00"
"09/10/2025 15:00 - 09/10/2025 16:00","Denmark (DK)","4950.58","4857.00"
"09/10/2025 16:00 - 09/10/2025 17:00","Denmark (DK)","5016.07","4791.00"
"09/10/2025 17:00 - 09/10/2025 18:00","Denmark (DK)","5196.79","4932.00"
"09/10/2025 18:00 - 09/10/2025 19:00","Denmark (DK)","5150.81","4921.00"
"09/10/2025 19:00 - 09/10/2025 20:00","Denmark (DK)","4962.69","4824.00"
"09/10/2025 20:00 - 09/10/2025 21:00","Denmark (DK)","4690.72","4685.00"
"09/10/2025 21:00 - 09/10/2025 22:00","Denmark (DK)","4500.53","4550.00"
"09/10/2025 22:00 - 09/10/2025 23:00","Denmark (DK)","4315.93","4331.00"
"09/10/2025 23:00 - 10/10/2025 00:00","Denmark (DK)","4114.91","4192.00"
"10/10/2025 00:00 - 10/10/2025 01:00","Denmark (DK)","4124.12","4016.00"
"10/10/2025 01:00 - 10/10/2025 02:00","Denmark (DK)","4203.34","3914.00"
"10/10/2025 02:00 - 10/10/2025 03:00","Denmark (DK)","4106.93","3789.00"
"10/10/2025 03:00 - 10/10/2025 04:00","Denmark (DK)","4075.68","3717.00"
"10/10/2025 04:00 - 10/10/2025 05:00","Denmark (DK)","4014.17","3673.00"
"10/10/2025 05:00 - 10/10/2025 06:00","Denmark (DK)","4013.08","3776.00"
"10/10/2025 06:00 - 10/10/2025 07:00","Denmark (DK)","4335.96","4365.00"
"10/10/2025 07:00 - 10/10/2025 08:00","Denmark (DK)","4895.05","4828.00"
"10/10/2025 08:00 - 10/10/2025 09:00","Denmark (DK)","5042.08","4930.00"
"10/10/2025 09:00 - 10/10/2025 10:00","Denmark (DK)","5174.49","5000.00"
"10/10/2025 10:00 - 10/10/2025 11:00","Denmark (DK)","5183.51","5081.00"
"10/10/2025 11:00 - 10/10/2025 12:00","Denmark (DK)","5221.71","5102.00"
"10/10/2025 12:00 - 10/10/2025 13:00","Denmark (DK)","5154.87","5083.00"
"10/10/2025 13:00 - 10/10/2025 14:00","Denmark (DK)","5102.95","5111.00"
"10/10/2025 14:00 - 10/10/2025 15:00","Denmark (DK)","4975.05","4955.00"
"10/10/2025 15:00 - 10/10/2025 16:00","Denmark (DK)","4870.12","4829.00"
"10/10/2025 16:00 - 10/10/2025 17:00","Denmark (DK)","4844.42","4757.00"
"10/10/2025 17:00 - 10/10/2025 18:00","Denmark (DK)","4964.48","4766.00"
"10/10/2025 18:00 - 10/10/2025 19:00","Denmark (DK)","4970.44","4740.00"
"10/10/2025 19:00 - 10/10/2025 20:00","Denmark (DK)","4762.29","4602.00"
"10/10/2025 20:00 - 10/10/2025 21:00","Denmark (DK)","4496.05","4515.00"
"10/10/2025 21:00 - 10/10/2025 22:00","Denmark (DK)","4258.67","4501.00"
"10/10/2025 22:00 - 10/10/2025 23:00","Denmark (DK)","4035.11","4283.00"
"10/10/2025 23:00 - 11/10/2025 00:00","Denmark (DK)","3906.47","4109.00"
"11/10/2025 00:00 - 11/10/2025 01:00","Denmark (DK)","4047.09","3826.00"
"11/10/2025 01:00 - 11/10/2025 02:00","Denmark (DK)","3927.80","3729.00"
"11/10/2025 02:00 - 11/10/2025 03:00","Denmark (DK)","3700.24","3616.00"
"11/10/2025 03:00 - 11/10/2025 04:00","Denmark (DK)","3714.31","3495.00"
"11/10/2025 04:00 - 11/10/2025 05:00","Denmark (DK)","3660.07","3451.00"
"11/10/2025 05:00 - 11/10/2025 06:00","Denmark (DK)","3526.18","3429.00"
"11/10/2025 06:00 - 11/10/2025 07:00","Denmark (DK)","3515.59","3593.00"
"11/10/2025 07:00 - 11/10/2025 08:00","Denmark (DK)","3800.57","3775.00"
"11/10/2025 08:00 - 11/10/2025 09:00","Denmark (DK)","4061.40","4061.00"
"11/10/2025 09:00 - 11/10/2025 10:00","Denmark (DK)","4266.48","4360.00"
"11/10/2025 10:00 - 11/10/2025 11:00","Denmark (DK)","4384.96","4554.00"
"11/10/2025 11:00 - 11/10/2025 12:00","Denmark (DK)","4467.17","4648.00"
"11/10/2025 12:00 - 11/10/2025 13:00","Denmark (DK)","4455.99","4565.00"
"11/10/2025 13:00 - 11/10/2025 14:00","Denmark (DK)","4497.71","4458.00"
"11/10/2025 14:00 - 11/10/2025 15:00","Denmark (DK)","4398.90","4421.00"
"11/10/2025 15:00 - 11/10/2025 16:00","Denmark (DK)","4281.25","4309.00"
"11/10/2025 16:00 - 11/10/2025 17:00","Denmark (DK)","4301.32","4342.00"
"11/10/2025 17:00 - 11/10/2025 18:00","Denmark (DK)","4513.76","4474.00"
"11/10/2025 18:00 - 11/10/2025 19:00","Denmark (DK)","4479.20","4524.00"
"11/10/2025 19:00 - 11/10/2025 20:00","Denmark (DK)","4279.12","4414.00"
"11/10/2025 20:00 - 11/10/2025 21:00","Denmark (DK)","4065.86","4242.00"
"11/10/2025 21:00 - 11/10/2025 22:00","Denmark (DK)","3914.88","4091.00"
"11/10/2025 22:00 - 11/10/2025 23:00","Denmark (DK)","3688.63","3984.00"
"11/10/2025 23:00 - 12/10/2025 00:00","Denmark (DK)","3581.31","3889.00"
"12/10/2025 00:00 - 12/10/2025 01:00","Denmark (DK)","3535.54","3594.00"
"12/10/2025 01:00 - 12/10/2025 02:00","Denmark (DK)","3552.48","3471.00"
"12/10/2025 02:00 - 12/10/2025 03:00","Denmark (DK)","3494.51","3367.00"
"12/10/2025 03:00 - 12/10/2025 04:00","Denmark (DK)","3491.92","3284.00"
"12/10/2025 04:00 - 12/10/2025 05:00","Denmark (DK)","3426.89","3248.00"
"12/10/2025 05:00 - 12/10/2025 06:00","Denmark (DK)","3372.71","3254.00"
"12/10/2025 06:00 - 12/10/2025 07:00","Denmark (DK)","3363.89","3352.00"
"12/10/2025 07:00 - 12/10/2025 08:00","Denmark (DK)","3594.32","3511.00"
"12/10/2025 08:00 - 12/10/2025 09:00","Denmark (DK)","3865.49","3679.00"
"12/10/2025 09:00 - 12/10/2025 10:00","Denmark (DK)","4035.03","3898.00"
"12/10/2025 10:00 - 12/10/2025 11:00","Denmark (DK)","4160.07","4154.00"
"12/10/2025 11:00 - 12/10/2025 12:00","Denmark (DK)","4195.54","4214.00"
"12/10/2025 12:00 - 12/10/2025 13:00","Denmark (DK)","4169.60","4269.00"
"12/10/2025 13:00 - 12/10/2025 14:00","Denmark (DK)","4177.22","4393.00"
"12/10/2025 14:00 - 12/10/2025 15:00","Denmark (DK)","4182.22","4363.00"
"12/10/2025 15:00 - 12/10/2025 16:00","Denmark (DK)","4044.96","4001.00"
"12/10/2025 16:00 - 12/10/2025 17:00","Denmark (DK)","4115.33","4009.00"
"12/10/2025 17:00 - 12/10/2025 18:00","Denmark (DK)","4389.79","4174.00"
"12/10/2025 18:00 - 12/10/2025 19:00","Denmark (DK)","4471.70","4202.00"
"12/10/2025 19:00 - 12/10/2025 20:00","Denmark (DK)","4309.89","4055.00"
"12/10/2025 20:00 - 12/10/2025 21:00","Denmark (DK)","4034.65","3837.00"
"12/10/2025 21:00 - 12/10/2025 22:00","Denmark (DK)","3799.40","3816.00"
"12/10/2025 22:00 - 12/10/2025 23:00","Denmark (DK)","3638.41","3714.00"
"12/10/2025 23:00 - 13/10/2025 00:00","Denmark (DK)","3520.26","3590.00"
"13/10/2025 00:00 - 13/10/2025 01:00","Denmark (DK)","3667.70","3473.00"
"13/10/2025 01:00 - 13/10/2025 02:00","Denmark (DK)","3701.83","3329.00"
"13/10/2025 02:00 - 13/10/2025 03:00","Denmark (DK)","3591.72","3238.00"
"13/10/2025 03:00 - 13/10/2025 04:00","Denmark (DK)","3512.28","3152.00"
"13/10/2025 04:00 - 13/10/2025 05:00","Denmark (DK)","3411.97","3151.00"
"13/10/2025 05:00 - 13/10/2025 06:00","Denmark (DK)","3594.95","3303.00"
"13/10/2025 06:00 - 13/10/2025 07:00","Denmark (DK)","4025.62","4054.00"
"13/10/2025 07:00 - 13/10/2025 08:00","Denmark (DK)","4527.73","4645.00"
"13/10/2025 08:00 - 13/10/2025 09:00","Denmark (DK)","4907.71","4745.00"
"13/10/2025 09:00 - 13/10/2025 10:00","Denmark (DK)","4987.55","4737.00"
"13/10/2025 10:00 - 13/10/2025 11:00","Denmark (DK)","5017.12","4801.00"
"13/10/2025 11:00 - 13/10/2025 12:00","Denmark (DK)","4883.36","4778.00"
"13/10/2025 12:00 - 13/10/2025 13:00","Denmark (DK)","4895.38","4699.00"
"13/10/2025 13:00 - 13/10/2025 14:00","Denmark (DK)","4959.51","4674.00"
"13/10/2025 14:00 - 13/10/2025 15:00","Denmark (DK)","4817.46","4809.00"
"13/10/2025 15:00 - 13/10/2025 16:00","Denmark (DK)","4697.89","4640.00"
"13/10/2025 16:00 - 13/10/2025 17:00","Denmark (DK)","4704.63","4563.00"
"13/10/2025 17:00 - 13/10/2025 18:00","Denmark (DK)","4802.88","4695.00"
"13/10/2025 18:00 - 13/10/2025 19:00","Denmark (DK)","4721.42","4701.00"
"13/10/2025 19:00 - 13/10/2025 20:00","Denmark (DK)","4583.77","4621.00"
"13/10/2025 20:00 - 13/10/2025 21:00","Denmark (DK)","4399.83","4374.00"
"13/10/2025 21:00 - 13/10/2025 22:00","Denmark (DK)","4171.65","4201.00"
"13/10/2025 22:00 - 13/10/2025 23:00","Denmark (DK)","3998.99","4083.00"
"13/10/2025 23:00 - 14/10/2025 00:00","Denmark (DK)","3838.03","3948.00"
"14/10/2025 00:00 - 14/10/2025 01:00","Denmark (DK)","3850.90","3746.00"
"14/10/2025 01:00 - 14/10/2025 02:00","Denmark (DK)","3848.06","3581.00"
"14/10/2025 02:00 - 14/10/2025 03:00","Denmark (DK)","3817.85","3469.00"
"14/10/2025 03:00 - 14/10/2025 04:00","Denmark (DK)","3673.00","3392.00"
"14/10/2025 04:00 - 14/10/2025 05:00","Denmark (DK)","3586.64","3364.00"
"14/10/2025 05:00 - 14/10/2025 06:00","Denmark (DK)","3615.63","3504.00"
"14/10/2025 06:00 - 14/10/2025 07:00","Denmark (DK)","4025.42","3958.00"
"14/10/2025 07:00 - 14/10/2025 08:00","Denmark (DK)","4449.97","4360.00"
"14/10/2025 08:00 - 14/10/2025 09:00","Denmark (DK)","4732.07","4517.00"
"14/10/2025 09:00 - 14/10/2025 10:00","Denmark (DK)","4850.53","4598.00"
"14/10/2025 10:00 - 14/10/2025 11:00","Denmark (DK)","4956.49","4668.00"
"14/10/2025 11:00 - 14/10/2025 12:00","Denmark (DK)","4941.47","4648.00"
"14/10/2025 12:00 - 14/10/2025 13:00","Denmark (DK)","4947.91","4601.00"
"14/10/2025 13:00 - 14/10/2025 14:00","Denmark (DK)","4941.25","4582.00"
"14/10/2025 14:00 - 14/10/2025 15:00","Denmark (DK)","4795.85","4505.00"
"14/10/2025 15:00 - 14/10/2025 16:00","Denmark (DK)","4717.63","4349.00"
"14/10/2025 16:00 - 14/10/2025 17:00","Denmark (DK)","4694.28","4288.00"
"14/10/2025 17:00 - 14/10/2025 18:00","Denmark (DK)","4878.52","4570.00"
"14/10/2025 18:00 - 14/10/2025 19:00","Denmark (DK)","4800.53","4905.00"
"14/10/2025 19:00 - 14/10/2025 20:00","Denmark (DK)","4665.41","4784.00"
"14/10/2025 20:00 - 14/10/2025 21:00","Denmark (DK)","4436.70","4580.00"
"14/10/2025 21:00 - 14/10/2025 22:00","Denmark (DK)","4188.11","4405.00"
"14/10/2025 22:00 - 14/10/2025 23:00","Denmark (DK)","3939.35","4274.00"
"14/10/2025 23:00 - 15/10/2025 00:00","Denmark (DK)","3757.54","4177.00"
"15/10/2025 00:00 - 15/10/2025 01:00","Denmark (DK)","3778.23","3776.00"
"15/10/2025 01:00 - 15/10/2025 02:00","Denmark (DK)","3816.94","3721.00"
"15/10/2025 02:00 - 15/10/2025 03:00","Denmark (DK)","3748.43","3691.00"
"15/10/2025 03:00 - 15/10/2025 04:00","Denmark (DK)","3699.57","3694.00"
"15/10/2025 04:00 - 15/10/2025 05:00","Denmark (DK)","3636.45","3681.00"
"15/10/2025 05:00 - 15/10/2025 06:00","Denmark (DK)","3656.41","3741.00"
"15/10/2025 06:00 - 15/10/2025 07:00","Denmark (DK)","4000.84","4096.00"
"15/10/2025 07:00 - 15/10/2025 08:00","Denmark (DK)","4542.64","4532.00"
"15/10/2025 08:00 - 15/10/2025 09:00","Denmark (DK)","4807.18","4751.00"
"15/10/2025 09:00 - 15/10/2025 10:00","Denmark (DK)","4939.75","4812.00"
"15/10/2025 10:00 - 15/10/2025 11:00","Denmark (DK)","5093.07","4822.00"
"15/10/2025 11:00 - 15/10/2025 12:00","Denmark (DK)","5068.45","4985.00"
"15/10/2025 12:00 - 15/10/2025 13:00","Denmark (DK)","5027.36","5024.00"
"15/10/2025 13:00 - 15/10/2025 14:00","Denmark (DK)","5061.26","4973.00"
"15/10/2025 14:00 - 15/10/2025 15:00","Denmark (DK)","4996.50","4823.00"
"15/10/2025 15:00 - 15/10/2025 16:00","Denmark (DK)","4804.00","4645.00"
"15/10/2025 16:00 - 15/10/2025 17:00","Denmark (DK)","4797.97","4589.00"
"15/10/2025 17:00 - 15/10/2025 18:00","Denmark (DK)","5001.88","4712.00"
"15/10/2025 18:00 - 15/10/2025 19:00","Denmark (DK)","4944.98","4751.00"
"15/10/2025 19:00 - 15/10/2025 20:00","Denmark (DK)","4712.14","4684.00"
"15/10/2025 20:00 - 15/10/2025 21:00","Denmark (DK)","4480.26","4574.00"
"15/10/2025 21:00 - 15/10/2025 22:00","Denmark (DK)","4244.11","4428.00"
"15/10/2025 22:00 - 15/10/2025 23:00","Denmark (DK)","4091.52","4282.00"
"15/10/2025 23:00 - 16/10/2025 00:00","Denmark (DK)","3919.07","4151.00"
"16/10/2025 00:00 - 16/10/2025 01:00","Denmark (DK)","3911.66","3946.00"
"16/10/2025 01:00 - 16/10/2025 02:00","Denmark (DK)","3947.67","3859.00"
"16/10/2025 02:00 - 16/10/2025 03:00","Denmark (DK)","3849.56","3797.00"
"16/10/2025 03:00 - 16/10/2025 04:00","Denmark (DK)","3829.92","3728.00"
"16/10/2025 04:00 - 16/10/2025 05:00","Denmark (DK)","3807.75","3660.00"
"16/10/2025 05:00 - 16/10/2025 06:00","Denmark (DK)","3857.29","3691.00"
"16/10/2025 06:00 - 16/10/2025 07:00","Denmark (DK)","4186.15","4050.00"
"16/10/2025 07:00 - 16/10/2025 08:00","Denmark (DK)","4686.93","4546.00"
"16/10/2025 08:00 - 16/10/2025 09:00","Denmark (DK)","4870.80","4859.00"
"16/10/2025 09:00 - 16/10/2025 10:00","Denmark (DK)","4959.14","4871.00"
"16/10/2025 10:00 - 16/10/2025 11:00","Denmark (DK)","5043.05","4846.00"
"16/10/2025 11:00 - 16/10/2025 12:00","Denmark (DK)","5142.17","4882.00"
"16/10/2025 12:00 - 16/10/2025 13:00","Denmark (DK)","5160.28","5048.00"
"16/10/2025 13:00 - 16/10/2025 14:00","Denmark (DK)","5106.40","5026.00"
"16/10/2025 14:00 - 16/10/2025 15:00","Denmark (DK)","4950.70","5013.00"
"16/10/2025 15:00 - 16/10/2025 16:00","Denmark (DK)","4861.65","4845.00"
"16/10/2025 16:00 - 16/10/2025 17:00","Denmark (DK)","4815.03","4643.00"
"16/10/2025 17:00 - 16/10/2025 18:00","Denmark (DK)","4948.19","4734.00"
"16/10/2025 18:00 - 16/10/2025 19:00","Denmark (DK)","4944.45","4763.00"
"16/10/2025 19:00 - 16/10/2025 20:00","Denmark (DK)","4715.22","4670.00"
"16/10/2025 20:00 - 16/10/2025 21:00","Denmark (DK)","4482.56","4553.00"
"16/10/2025 21:00 - 16/10/2025 22:00","Denmark (DK)","4262.54","4487.00"
"16/10/2025 22:00 - 16/10/2025 23:00","Denmark (DK)","4054.52","4302.00"
"16/10/2025 23:00 - 17/10/2025 00:00","Denmark (DK)","3890.40","4131.00"
"17/10/2025 00:00 - 17/10/2025 01:00","Denmark (DK)","4072.30","3832.00"
"17/10/2025 01:00 - 17/10/2025 02:00","Denmark (DK)","4067.50","3721.00"
"17/10/2025 02:00 - 17/10/2025 03:00","Denmark (DK)","3863.42","3606.00"
"17/10/2025 03:00 - 17/10/2025 04:00","Denmark (DK)","3683.89","3724.00"
"17/10/2025 04:00 - 17/10/2025 05:00","Denmark (DK)","3550.61","3653.00"
"17/10/2025 05:00 - 17/10/2025 06:00","Denmark (DK)","3674.83","3655.00"
"17/10/2025 06:00 - 17/10/2025 07:00","Denmark (DK)","4053.89","3936.00"
"17/10/2025 07:00 - 17/10/2025 08:00","Denmark (DK)","4570.92","4442.00"
"17/10/2025 08:00 - 17/10/2025 09:00","Denmark (DK)","4791.13","4750.00"
"17/10/2025 09:00 - 17/10/2025 10:00","Denmark (DK)","4883.02","4743.00"
"17/10/2025 10:00 - 17/10/2025 11:00","Denmark (DK)","4968.73","4790.00"
"17/10/2025 11:00 - 17/10/2025 12:00","Denmark (DK)","5009.02","4860.00"
"17/10/2025 12:00 - 17/10/2025 13:00","Denmark (DK)","5044.38","4823.00"
"17/10/2025 13:00 - 17/10/2025 14:00","Denmark (DK)","4989.38","4710.00"
"17/10/2025 14:00 - 17/10/2025 15:00","Denmark (DK)","4798.23","4650.00"
"17/10/2025 15:00 - 17/10/2025 16:00","Denmark (DK)","4818.67","4735.00"
"17/10/2025 16:00 - 17/10/2025 17:00","Denmark (DK)","4777.96","4792.00"
"17/10/2025 17:00 - 17/10/2025 18:00","Denmark (DK)","4864.15","4946.00"
"17/10/2025 18:00 - 17/10/2025 19:00","Denmark (DK)","4863.51","4875.00"
"17/10/2025 19:00 - 17/10/2025 20:00","Denmark (DK)","4623.78","4708.00"
"17/10/2025 20:00 - 17/10/2025 21:00","Denmark (DK)","4352.34","4418.00"
"17/10/2025 21:00 - 17/10/2025 22:00","Denmark (DK)","4239.08","4289.00"
"17/10/2025 22:00 - 17/10/2025 23:00","Denmark (DK)","4029.68","4120.00"
"17/10/2025 23:00 - 18/10/2025 00:00","Denmark (DK)","3905.34","3941.00"
"18/10/2025 00:00 - 18/10/2025 01:00","Denmark (DK)","3978.47","3898.00"
"18/10/2025 01:00 - 18/10/2025 02:00","Denmark (DK)","4037.66","3735.00"
"18/10/2025 02:00 - 18/10/2025 03:00","Denmark (DK)","3851.41","3603.00"
"18/10/2025 03:00 - 18/10/2025 04:00","Denmark (DK)","3779.39","3487.00"
"18/10/2025 04:00 - 18/10/2025 05:00","Denmark (DK)","3703.62","3437.00"
"18/10/2025 05:00 - 18/10/2025 06:00","Denmark (DK)","3660.21","3435.00"
"18/10/2025 06:00 - 18/10/2025 07:00","Denmark (DK)","3732.02","3525.00"
"18/10/2025 07:00 - 18/10/2025 08:00","Denmark (DK)","4009.00","3820.00"
"18/10/2025 08:00 - 18/10/2025 09:00","Denmark (DK)","4260.62","4206.00"
"18/10/2025 09:00 - 18/10/2025 10:00","Denmark (DK)","4421.49","4323.00"
"18/10/2025 10:00 - 18/10/2025 11:00","Denmark (DK)","4537.84","4378.00"
"18/10/2025 11:00 - 18/10/2025 12:00","Denmark (DK)","4538.08","4396.00"
"18/10/2025 12:00 - 18/10/2025 13:00","Denmark (DK)","4469.29","4355.00"
"18/10/2025 13:00 - 18/10/2025 14:00","Denmark (DK)","4388.40","4387.00"
"18/10/2025 14:00 - 18/10/2025 15:00","Denmark (DK)","4287.70","4301.00"
"18/10/2025 15:00 - 18/10/2025 16:00","Denmark (DK)","4245.08","4209.00"
"18/10/2025 16:00 - 18/10/2025 17:00","Denmark (DK)","4291.52","4249.00"
"18/10/2025 17:00 - 18/10/2025 18:00","Denmark (DK)","4520.76","4346.00"
"18/10/2025 18:00 - 18/10/2025 19:00","Denmark (DK)","4695.67","4423.00"
"18/10/2025 19:00 - 18/10/2025 20:00","Denmark (DK)","4503.98","4209.00"
"18/10/2025 20:00 - 18/10/2025 21:00","Denmark (DK)","4250.77","3999.00"
"18/10/2025 21:00 - 18/10/2025 22:00","Denmark (DK)","4163.71","3846.00"
"18/10/2025 22:00 - 18/10/2025 23:00","Denmark (DK)","4001.39","3690.00"
"18/10/2025 23:00 - 19/10/2025 00:00","Denmark (DK)","3885.72","3599.00"
"19/10/2025 00:00 - 19/10/2025 01:00","Denmark (DK)","3881.18","3574.00"
"19/10/2025 01:00 - 19/10/2025 02:00","Denmark (DK)","3874.77","3511.00"
"19/10/2025 02:00 - 19/10/2025 03:00","Denmark (DK)","3875.09","3447.00"
"19/10/2025 03:00 - 19/10/2025 04:00","Denmark (DK)","3881.43","3359.00"
"19/10/2025 04:00 - 19/10/2025 05:00","Denmark (DK)","3790.08","3352.00"
"19/10/2025 05:00 - 19/10/2025 06:00","Denmark (DK)","3698.26","3446.00"
"19/10/2025 06:00 - 19/10/2025 07:00","Denmark (DK)","3739.38","3497.00"
"19/10/2025 07:00 - 19/10/2025 08:00","Denmark (DK)","3982.34","3589.00"
"19/10/2025 08:00 - 19/10/2025 09:00","Denmark (DK)","4302.50","3719.00"
"19/10/2025 09:00 - 19/10/2025 10:00","Denmark (DK)","4409.31","4208.00"
"19/10/2025 10:00 - 19/10/2025 11:00","Denmark (DK)","4462.58","4647.00"
"19/10/2025 11:00 - 19/10/2025 12:00","Denmark (DK)","4546.64","4710.00"
"19/10/2025 12:00 - 19/10/2025 13:00","Denmark (DK)","4732.42","4831.00"
"19/10/2025 13:00 - 19/10/2025 14:00","Denmark (DK)","4790.83","4849.00"
"19/10/2025 14:00 - 19/10/2025 15:00","Denmark (DK)","4595.39","4788.00"
"19/10/2025 15:00 - 19/10/2025 16:00","Denmark (DK)","4360.44","4669.00"
"19/10/2025 16:00 - 19/10/2025 17:00","Denmark (DK)","4432.25","4691.00"
"19/10/2025 17:00 - 19/10/2025 18:00","Denmark (DK)","4770.38","4820.00"
"19/10/2025 18:00 - 19/10/2025 19:00","Denmark (DK)","4915.50","4839.00"
"19/10/2025 19:00 - 19/10/2025 20:00","Denmark (DK)","4697.93","4550.00"
"19/10/2025 20:00 - 19/10/2025 21:00","Denmark (DK)","4463.63","4377.00"
"19/10/2025 21:00 - 19/10/2025 22:00","Denmark (DK)","4250.88","4326.00"
"19/10/2025 22:00 - 19/10/2025 23:00","Denmark (DK)","4048.20","4302.00"
"19/10/2025 23:00 - 20/10/2025 00:00","Denmark (DK)","3920.31","4320.00"
"20/10/2025 00:00 - 20/10/2025 01:00","Denmark (DK)","3997.71","4092.00"
"20/10/2025 01:00 - 20/10/2025 02:00","Denmark (DK)","4080.06","4150.00"
"20/10/2025 02:00 - 20/10/2025 03:00","Denmark (DK)","4050.83","4198.00"
"20/10/2025 03:00 - 20/10/2025 04:00","Denmark (DK)","4009.04","4161.00"
"20/10/2025 04:00 - 20/10/2025 05:00","Denmark (DK)","3934.98","4170.00"
"20/10/2025 05:00 - 20/10/2025 06:00","Denmark (DK)","3964.21","4168.00"
"20/10/2025 06:00 - 20/10/2025 07:00","Denmark (DK)","4389.84","4262.00"
"20/10/2025 07:00 - 20/10/2025 08:00","Denmark (DK)","5032.83","4511.00"
"20/10/2025 08:00 - 20/10/2025 09:00","Denmark (DK)","5252.43","4697.00"
"20/10/2025 09:00 - 20/10/2025 10:00","Denmark (DK)","5295.61","5214.00"
"20/10/2025 10:00 - 20/10/2025 11:00","Denmark (DK)","5339.53","5176.00"
"20/10/2025 11:00 - 20/10/2025 12:00","Denmark (DK)","5283.36","5008.00"
"20/10/2025 12:00 - 20/10/2025 13:00","Denmark (DK)","5288.63","4807.00"
"20/10/2025 13:00 - 20/10/2025 14:00","Denmark (DK)","5296.33","4738.00"
"20/10/2025 14:00 - 20/10/2025 15:00","Denmark (DK)","5149.98","5131.00"
"20/10/2025 15:00 - 20/10/2025 16:00","Denmark (DK)","5070.70","5015.00"
"20/10/2025 16:00 - 20/10/2025 17:00","Denmark (DK)","5147.85","4884.00"
"20/10/2025 17:00 - 20/10/2025 18:00","Denmark (DK)","5374.44","5012.00"
"20/10/2025 18:00 - 20/10/2025 19:00","Denmark (DK)","5353.50","4948.00"
"20/10/2025 19:00 - 20/10/2025 20:00","Denmark (DK)","5084.33","4848.00"
"20/10/2025 20:00 - 20/10/2025 21:00","Denmark (DK)","4746.63","4796.00"
"20/10/2025 21:00 - 20/10/2025 22:00","Denmark (DK)","4468.21","4827.00"
"20/10/2025 22:00 - 20/10/2025 23:00","Denmark (DK)","4202.80","4793.00"
"20/10/2025 23:00 - 21/10/2025 00:00","Denmark (DK)","4002.96","4745.00"
"21/10/2025 00:00 - 21/10/2025 01:00","Denmark (DK)","3991.36","3936.00"
"21/10/2025 01:00 - 21/10/2025 02:00","Denmark (DK)","4080.40","4016.00"
"21/10/2025 02:00 - 21/10/2025 03:00","Denmark (DK)","4084.74","4015.00"
"21/10/2025 03:00 - 21/10/2025 04:00","Denmark (DK)","4070.95","4004.00"
"21/10/2025 04:00 - 21/10/2025 05:00","Denmark (DK)","3908.58","3985.00"
"21/10/2025 05:00 - 21/10/2025 06:00","Denmark (DK)","3866.08","3993.00"
"21/10/2025 06:00 - 21/10/2025 07:00","Denmark (DK)","4311.41","4229.00"
"21/10/2025 07:00 - 21/10/2025 08:00","Denmark (DK)","4865.47","4674.00"
"21/10/2025 08:00 - 21/10/2025 09:00","Denmark (DK)","5158.79","4923.00"
"21/10/2025 09:00 - 21/10/2025 10:00","Denmark (DK)","5207.06","5034.00"
"21/10/2025 10:00 - 21/10/2025 11:00","Denmark (DK)","5287.72","4999.00"
"21/10/2025 11:00 - 21/10/2025 12:00","Denmark (DK)","5262.99","4925.00"
"21/10/2025 12:00 - 21/10/2025 13:00","Denmark (DK)","5229.42","4908.00"
"21/10/2025 13:00 - 21/10/2025 14:00","Denmark (DK)","5312.15","4993.00"
"21/10/2025 14:00 - 21/10/2025 15:00","Denmark (DK)","5213.00","5343.00"
"21/10/2025 15:00 - 21/10/2025 16:00","Denmark (DK)","5006.07","5097.00"
"21/10/2025 16:00 - 21/10/2025 17:00","Denmark (DK)","5088.81","4978.00"
"21/10/2025 17:00 - 21/10/2025 18:00","Denmark (DK)","5281.29","5102.00"
"21/10/2025 18:00 - 21/10/2025 19:00","Denmark (DK)","5289.83","5046.00"
"21/10/2025 19:00 - 21/10/2025 20:00","Denmark (DK)","5030.03","4958.00"
"21/10/2025 20:00 - 21/10/2025 21:00","Denmark (DK)","4692.49","4925.00"
"21/10/2025 21:00 - 21/10/2025 22:00","Denmark (DK)","4458.03","4824.00"
"21/10/2025 22:00 - 21/10/2025 23:00","Denmark (DK)","4214.78","4777.00"
"21/10/2025 23:00 - 22/10/2025 00:00","Denmark (DK)","3989.51","4713.00"
"22/10/2025 00:00 - 22/10/2025 01:00","Denmark (DK)","4220.37","4569.00"
"22/10/2025 01:00 - 22/10/2025 02:00","Denmark (DK)","4293.12","4472.00"
"22/10/2025 02:00 - 22/10/2025 03:00","Denmark (DK)","4042.15","4388.00"
"22/10/2025 03:00 - 22/10/2025 04:00","Denmark (DK)","3766.24","4344.00"
"22/10/2025 04:00 - 22/10/2025 05:00","Denmark (DK)","3677.59","4331.00"
"22/10/2025 05:00 - 22/10/2025 06:00","Denmark (DK)","3722.12","4329.00"
"22/10/2025 06:00 - 22/10/2025 07:00","Denmark (DK)","4217.18","4018.00"
"22/10/2025 07:00 - 22/10/2025 08:00","Denmark (DK)","4822.26","4411.00"
"22/10/2025 08:00 - 22/10/2025 09:00","Denmark (DK)","5048.43","4557.00"
"22/10/2025 09:00 - 22/10/2025 10:00","Denmark (DK)","5182.80","4648.00"
"22/10/2025 10:00 - 22/10/2025 11:00","Denmark (DK)","5281.90","4755.00"
"22/10/2025 11:00 - 22/10/2025 12:00","Denmark (DK)","5240.77","4742.00"
"22/10/2025 12:00 - 22/10/2025 13:00","Denmark (DK)","5190.04","4783.00"
"22/10/2025 13:00 - 22/10/2025 14:00","Denmark (DK)","5204.26","4830.00"
"22/10/2025 14:00 - 22/10/2025 15:00","Denmark (DK)","5076.05","4914.00"
"22/10/2025 15:00 - 22/10/2025 16:00","Denmark (DK)","4973.22","4923.00"
"22/10/2025 16:00 - 22/10/2025 17:00","Denmark (DK)","4929.95","4964.00"
"22/10/2025 17:00 - 22/10/2025 18:00","Denmark (DK)","5019.81","5133.00"
"22/10/2025 18:00 - 22/10/2025 19:00","Denmark (DK)","4952.03","5071.00"
"22/10/2025 19:00 - 22/10/2025 20:00","Denmark (DK)","4697.45","4987.00"
"22/10/2025 20:00 - 22/10/2025 21:00","Denmark (DK)","4494.99","4954.00"
"22/10/2025 21:00 - 22/10/2025 22:00","Denmark (DK)","4333.29","4857.00"
"22/10/2025 22:00 - 22/10/2025 23:00","Denmark (DK)","4169.29","4706.00"
"22/10/2025 23:00 - 23/10/2025 00:00","Denmark (DK)","3957.39","4537.00"
"23/10/2025 00:00 - 23/10/2025 01:00","Denmark (DK)","3896.86","4227.00"
"23/10/2025 01:00 - 23/10/2025 02:00","Denmark (DK)","3885.45","3971.00"
"23/10/2025 02:00 - 23/10/2025 03:00","Denmark (DK)","3902.23","3754.00"
"23/10/2025 03:00 - 23/10/2025 04:00","Denmark (DK)","3937.23","3705.00"
"23/10/2025 04:00 - 23/10/2025 05:00","Denmark (DK)","3956.52","3700.00"
"23/10/2025 05:00 - 23/10/2025 06:00","Denmark (DK)","4054.16","3723.00"
"23/10/2025 06:00 - 23/10/2025 07:00","Denmark (DK)","4383.67","4273.00"
"23/10/2025 07:00 - 23/10/2025 08:00","Denmark (DK)","4919.76","4751.00"
"23/10/2025 08:00 - 23/10/2025 09:00","Denmark (DK)","5140.86","4863.00"
"23/10/2025 09:00 - 23/10/2025 10:00","Denmark (DK)","5228.09","4945.00"
"23/10/2025 10:00 - 23/10/2025 11:00","Denmark (DK)","5333.46","4884.00"
"23/10/2025 11:00 - 23/10/2025 12:00","Denmark (DK)","5429.29","4847.00"
"23/10/2025 12:00 - 23/10/2025 13:00","Denmark (DK)","5432.84","4847.00"
"23/10/2025 13:00 - 23/10/2025 14:00","Denmark (DK)","5460.63","4863.00"
"23/10/2025 14:00 - 23/10/2025 15:00","Denmark (DK)","5385.54","5126.00"
"23/10/2025 15:00 - 23/10/2025 16:00","Denmark (DK)","5289.55","5197.00"
"23/10/2025 16:00 - 23/10/2025 17:00","Denmark (DK)","5358.88","5144.00"
"23/10/2025 17:00 - 23/10/2025 18:00","Denmark (DK)","5437.16","5283.00"
"23/10/2025 18:00 - 23/10/2025 19:00","Denmark (DK)","5355.01","5281.00"
"23/10/2025 19:00 - 23/10/2025 20:00","Denmark (DK)","5089.21","5094.00"
"23/10/2025 20:00 - 23/10/2025 21:00","Denmark (DK)","4787.96","4974.00"
"23/10/2025 21:00 - 23/10/2025 22:00","Denmark (DK)","4550.10","4927.00"
"23/10/2025 22:00 - 23/10/2025 23:00","Denmark (DK)","4256.35","4795.00"
"23/10/2025 23:00 - 24/10/2025 00:00","Denmark (DK)","4072.52","4671.00"
"24/10/2025 00:00 - 24/10/2025 01:00","Denmark (DK)","4244.14","4604.00"
"24/10/2025 01:00 - 24/10/2025 02:00","Denmark (DK)","4397.89","4480.00"
"24/10/2025 02:00 - 24/10/2025 03:00","Denmark (DK)","4534.91","4341.00"
"24/10/2025 03:00 - 24/10/2025 04:00","Denmark (DK)","4380.02","4225.00"
"24/10/2025 04:00 - 24/10/2025 05:00","Denmark (DK)","4211.47","4132.00"
"24/10/2025 05:00 - 24/10/2025 06:00","Denmark (DK)","4063.63","4139.00"
"24/10/2025 06:00 - 24/10/2025 07:00","Denmark (DK)","4352.99","4427.00"
"24/10/2025 07:00 - 24/10/2025 08:00","Denmark (DK)","4904.84","4660.00"
"24/10/2025 08:00 - 24/10/2025 09:00","Denmark (DK)","5146.20","4855.00"
"24/10/2025 09:00 - 24/10/2025 10:00","Denmark (DK)","5177.16","4863.00"
"24/10/2025 10:00 - 24/10/2025 11:00","Denmark (DK)","5327.61","4932.00"
"24/10/2025 11:00 - 24/10/2025 12:00","Denmark (DK)","5311.00","4895.00"
"24/10/2025 12:00 - 24/10/2025 13:00","Denmark (DK)","5256.90","4753.00"
"24/10/2025 13:00 - 24/10/2025 14:00","Denmark (DK)","5234.35","4655.00"
"24/10/2025 14:00 - 24/10/2025 15:00","Denmark (DK)","5066.36","4947.00"
"24/10/2025 15:00 - 24/10/2025 16:00","Denmark (DK)","5001.43","4965.00"
"24/10/2025 16:00 - 24/10/2025 17:00","Denmark (DK)","5016.18","4928.00"
"24/10/2025 17:00 - 24/10/2025 18:00","Denmark (DK)","5143.18","5044.00"
"24/10/2025 18:00 - 24/10/2025 19:00","Denmark (DK)","5099.34","4992.00"
"24/10/2025 19:00 - 24/10/2025 20:00","Denmark (DK)","4780.01","4798.00"
"24/10/2025 20:00 - 24/10/2025 21:00","Denmark (DK)","4561.81","4836.00"
"24/10/2025 21:00 - 24/10/2025 22:00","Denmark (DK)","4364.44","4855.00"
"24/10/2025 22:00 - 24/10/2025 23:00","Denmark (DK)","4221.66","4757.00"
"24/10/2025 23:00 - 25/10/2025 00:00","Denmark (DK)","4160.36","4571.00"
"25/10/2025 00:00 - 25/10/2025 01:00","Denmark (DK)","4291.78","4003.00"
"25/10/2025 01:00 - 25/10/2025 02:00","Denmark (DK)","4320.69","3844.00"
"25/10/2025 02:00 - 25/10/2025 03:00","Denmark (DK)","4153.94","3733.00"
"25/10/2025 03:00 - 25/10/2025 04:00","Denmark (DK)","4020.34","3587.00"
"25/10/2025 04:00 - 25/10/2025 05:00","Denmark (DK)","3949.99","3513.00"
"25/10/2025 05:00 - 25/10/2025 06:00","Denmark (DK)","3755.47","3463.00"
"25/10/2025 06:00 - 25/10/2025 07:00","Denmark (DK)","3764.00","3747.00"
"25/10/2025 07:00 - 25/10/2025 08:00","Denmark (DK)","3992.52","4015.00"
"25/10/2025 08:00 - 25/10/2025 09:00","Denmark (DK)","4306.47","4180.00"
"25/10/2025 09:00 - 25/10/2025 10:00","Denmark (DK)","4598.80","4374.00"
"25/10/2025 10:00 - 25/10/2025 11:00","Denmark (DK)","4769.33","4549.00"
"25/10/2025 11:00 - 25/10/2025 12:00","Denmark (DK)","4802.75","4612.00"
"25/10/2025 12:00 - 25/10/2025 13:00","Denmark (DK)","4787.59","4615.00"
"25/10/2025 13:00 - 25/10/2025 14:00","Denmark (DK)","4757.11","4587.00"
"25/10/2025 14:00 - 25/10/2025 15:00","Denmark (DK)","4734.43","4529.00"
"25/10/2025 15:00 - 25/10/2025 16:00","Denmark (DK)","4715.24","4454.00"
"25/10/2025 16:00 - 25/10/2025 17:00","Denmark (DK)","4801.49","4472.00"
"25/10/2025 17:00 - 25/10/2025 18:00","Denmark (DK)","4930.56","5033.00"
"25/10/2025 18:00 - 25/10/2025 19:00","Denmark (DK)","4849.27","5102.00"
"25/10/2025 19:00 - 25/10/2025 20:00","Denmark (DK)","4478.72","4786.00"
"25/10/2025 20:00 - 25/10/2025 21:00","Denmark (DK)","4247.17","4507.00"
"25/10/2025 21:00 - 25/10/2025 22:00","Denmark (DK)","4120.49","4315.00"
"25/10/2025 22:00 - 25/10/2025 23:00","Denmark (DK)","3990.98","4089.00"
"25/10/2025 23:00 - 26/10/2025 00:00","Denmark (DK)","3909.18","3930.00"
"26/10/2025 00:00 - 26/10/2025 01:00","Denmark (DK)","3969.54","3810.00"
"26/10/2025 01:00 - 26/10/2025 02:00 (CEST)","Denmark (DK)","N/A","3727.00"
"26/10/2025 02:00 (CEST) - 26/10/2025 02:00 (CET)","Denmark (DK)","N/A","3677.00"
"26/10/2025 02:00 (CET) - 26/10/2025 03:00","Denmark (DK)","N/A","3565.00"
"26/10/2025 03:00 - 26/10/2025 04:00","Denmark (DK)","N/A","3474.00"
"26/10/2025 04:00 - 26/10/2025 05:00","Denmark (DK)","3555.32","3446.00"
"26/10/2025 05:00 - 26/10/2025 06:00","Denmark (DK)","3492.55","3452.00"
"26/10/2025 06:00 - 26/10/2025 07:00","Denmark (DK)","3584.31","3599.00"
"26/10/2025 07:00 - 26/10/2025 08:00","Denmark (DK)","3854.99","3816.00"
"26/10/2025 08:00 - 26/10/2025 09:00","Denmark (DK)","4295.09","4070.00"
"26/10/2025 09:00 - 26/10/2025 10:00","Denmark (DK)","4593.93","4266.00"
"26/10/2025 10:00 - 26/10/2025 11:00","Denmark (DK)","4780.80","4461.00"
"26/10/2025 11:00 - 26/10/2025 12:00","Denmark (DK)","4822.51","4574.00"
"26/10/2025 12:00 - 26/10/2025 13:00","Denmark (DK)","4864.96","4656.00"
"26/10/2025 13:00 - 26/10/2025 14:00","Denmark (DK)","4777.44","4581.00"
"26/10/2025 14:00 - 26/10/2025 15:00","Denmark (DK)","4754.57","4442.00"
"26/10/2025 15:00 - 26/10/2025 16:00","Denmark (DK)","4655.50","4269.00"
"26/10/2025 16:00 - 26/10/2025 17:00","Denmark (DK)","4678.79","4321.00"
"26/10/2025 17:00 - 26/10/2025 18:00","Denmark (DK)","5033.41","4669.00"
"26/10/2025 18:00 - 26/10/2025 19:00","Denmark (DK)","4868.72","4678.00"
"26/10/2025 19:00 - 26/10/2025 20:00","Denmark (DK)","4605.79","4385.00"
"26/10/2025 20:00 - 26/10/2025 21:00","Denmark (DK)","4361.11","4188.00"
"26/10/2025 21:00 - 26/10/2025 22:00","Denmark (DK)","4209.68","4059.00"
"26/10/2025 22:00 - 26/10/2025 23:00","Denmark (DK)","4066.68","4025.00"
"26/10/2025 23:00 - 27/10/2025 00:00","Denmark (DK)","4091.85","4045.00"
"27/10/2025 00:00 - 27/10/2025 01:00","Denmark (DK)","4404.89","4234.00"
"27/10/2025 01:00 - 27/10/2025 02:00","Denmark (DK)","4384.23","4268.00"
"27/10/2025 02:00 - 27/10/2025 03:00","Denmark (DK)","4148.20","4306.00"
"27/10/2025 03:00 - 27/10/2025 04:00","Denmark (DK)","3931.74","4338.00"
"27/10/2025 04:00 - 27/10/2025 05:00","Denmark (DK)","3768.99","4319.00"
"27/10/2025 05:00 - 27/10/2025 06:00","Denmark (DK)","3865.51","4381.00"
"27/10/2025 06:00 - 27/10/2025 07:00","Denmark (DK)","4417.65","4494.00"
"27/10/2025 07:00 - 27/10/2025 08:00","Denmark (DK)","4909.59","4689.00"
"27/10/2025 08:00 - 27/10/2025 09:00","Denmark (DK)","5099.19","4851.00"
"27/10/2025 09:00 - 27/10/2025 10:00","Denmark (DK)","5221.13","4914.00"
"27/10/2025 10:00 - 27/10/2025 11:00","Denmark (DK)","5225.58","5007.00"
"27/10/2025 11:00 - 27/10/2025 12:00","Denmark (DK)","5224.46","4963.00"
"27/10/2025 12:00 - 27/10/2025 13:00","Denmark (DK)","5176.98","4922.00"
"27/10/2025 13:00 - 27/10/2025 14:00","Denmark (DK)","5107.53","4885.00"
"27/10/2025 14:00 - 27/10/2025 15:00","Denmark (DK)","5027.41","4953.00"
"27/10/2025 15:00 - 27/10/2025 16:00","Denmark (DK)","4955.83","4890.00"
"27/10/2025 16:00 - 27/10/2025 17:00","Denmark (DK)","5094.21","4868.00"
"27/10/2025 17:00 - 27/10/2025 18:00","Denmark (DK)","5493.30","5172.00"
"27/10/2025 18:00 - 27/10/2025 19:00","Denmark (DK)","5329.18","5014.00"
"27/10/2025 19:00 - 27/10/2025 20:00","Denmark (DK)","4985.09","4810.00"
"27/10/2025 20:00 - 27/10/2025 21:00","Denmark (DK)","4643.61","4845.00"
"27/10/2025 21:00 - 27/10/2025 22:00","Denmark (DK)","4445.13","4869.00"
"27/10/2025 22:00 - 27/10/2025 23:00","Denmark (DK)","4171.28","4841.00"
"27/10/2025 23:00 - 28/10/2025 00:00","Denmark (DK)","4057.37","4770.00"
"28/10/2025 00:00 - 28/10/2025 01:00","Denmark (DK)","4121.99","4151.00"
"28/10/2025 01:00 - 28/10/2025 02:00","Denmark (DK)","4247.83","4056.00"
"28/10/2025 02:00 - 28/10/2025 03:00","Denmark (DK)","4207.74","4095.00"
"28/10/2025 03:00 - 28/10/2025 04:00","Denmark (DK)","4216.69","4003.00"
"28/10/2025 04:00 - 28/10/2025 05:00","Denmark (DK)","4069.66","3971.00"
"28/10/2025 05:00 - 28/10/2025 06:00","Denmark (DK)","4020.46","4012.00"
"28/10/2025 06:00 - 28/10/2025 07:00","Denmark (DK)","4520.01","4260.00"
"28/10/2025 07:00 - 28/10/2025 08:00","Denmark (DK)","5020.43","4645.00"
"28/10/2025 08:00 - 28/10/2025 09:00","Denmark (DK)","5164.38","4853.00"
"28/10/2025 09:00 - 28/10/2025 10:00","Denmark (DK)","5216.98","4902.00"
"28/10/2025 10:00 - 28/10/2025 11:00","Denmark (DK)","5325.88","4949.00"
"28/10/2025 11:00 - 28/10/2025 12:00","Denmark (DK)","5346.61","4956.00"
"28/10/2025 12:00 - 28/10/2025 13:00","Denmark (DK)","5300.16","4895.00"
"28/10/2025 13:00 - 28/10/2025 14:00","Denmark (DK)","5276.35","4886.00"
"28/10/2025 14:00 - 28/10/2025 15:00","Denmark (DK)","5180.07","5067.00"
"28/10/2025 15:00 - 28/10/2025 16:00","Denmark (DK)","5138.69","4998.00"
"28/10/2025 16:00 - 28/10/2025 17:00","Denmark (DK)","5308.62","4984.00"
"28/10/2025 17:00 - 28/10/2025 18:00","Denmark (DK)","5516.31","5207.00"
"28/10/2025 18:00 - 28/10/2025 19:00","Denmark (DK)","5364.40","5119.00"
"28/10/2025 19:00 - 28/10/2025 20:00","Denmark (DK)","5055.90","4920.00"
"28/10/2025 20:00 - 28/10/2025 21:00","Denmark (DK)","4757.36","4888.00"
"28/10/2025 21:00 - 28/10/2025 22:00","Denmark (DK)","4530.32","5008.00"
"28/10/2025 22:00 - 28/10/2025 23:00","Denmark (DK)","4308.86","4876.00"
"28/10/2025 23:00 - 29/10/2025 00:00","Denmark (DK)","4171.83","4713.00"
"29/10/2025 00:00 - 29/10/2025 01:00","Denmark (DK)","4281.56","4174.00"
"29/10/2025 01:00 - 29/10/2025 02:00","Denmark (DK)","4429.26","4107.00"
"29/10/2025 02:00 - 29/10/2025 03:00","Denmark (DK)","4271.95","4143.00"
"29/10/2025 03:00 - 29/10/2025 04:00","Denmark (DK)","4021.66","4046.00"
"29/10/2025 04:00 - 29/10/2025 05:00","Denmark (DK)","3954.74","4018.00"
"29/10/2025 05:00 - 29/10/2025 06:00","Denmark (DK)","3955.01","4040.00"
"29/10/2025 06:00 - 29/10/2025 07:00","Denmark (DK)","4449.04","4272.00"
"29/10/2025 07:00 - 29/10/2025 08:00","Denmark (DK)","4930.12","4651.00"
"29/10/2025 08:00 - 29/10/2025 09:00","Denmark (DK)","5113.30","4834.00"
"29/10/2025 09:00 - 29/10/2025 10:00","Denmark (DK)","5154.60","4884.00"
"29/10/2025 10:00 - 29/10/2025 11:00","Denmark (DK)","5250.11","5002.00"
"29/10/2025 11:00 - 29/10/2025 12:00","Denmark (DK)","5253.69","4958.00"
"29/10/2025 12:00 - 29/10/2025 13:00","Denmark (DK)","5283.94","4915.00"
"29/10/2025 13:00 - 29/10/2025 14:00","Denmark (DK)","5256.83","4934.00"
"29/10/2025 14:00 - 29/10/2025 15:00","Denmark (DK)","5136.30","4880.00"
"29/10/2025 15:00 - 29/10/2025 16:00","Denmark (DK)","5120.89","4916.00"
"29/10/2025 16:00 - 29/10/2025 17:00","Denmark (DK)","5324.92","4843.00"
"29/10/2025 17:00 - 29/10/2025 18:00","Denmark (DK)","5570.61","5162.00"
"29/10/2025 18:00 - 29/10/2025 19:00","Denmark (DK)","5380.31","5422.00"
"29/10/2025 19:00 - 29/10/2025 20:00","Denmark (DK)","5079.80","5223.00"
"29/10/2025 20:00 - 29/10/2025 21:00","Denmark (DK)","4868.38","5183.00"
"29/10/2025 21:00 - 29/10/2025 22:00","Denmark (DK)","4532.30","5250.00"
"29/10/2025 22:00 - 29/10/2025 23:00","Denmark (DK)","4178.71","5096.00"
"29/10/2025 23:00 - 30/10/2025 00:00","Denmark (DK)","3982.46","4894.00"
"30/10/2025 00:00 - 30/10/2025 01:00","Denmark (DK)","4005.36","3834.00"
"30/10/2025 01:00 - 30/10/2025 02:00","Denmark (DK)","4052.78","3760.00"
"30/10/2025 02:00 - 30/10/2025 03:00","Denmark (DK)","4055.51","3892.00"
"30/10/2025 03:00 - 30/10/2025 04:00","Denmark (DK)","4016.03","4081.00"
"30/10/2025 04:00 - 30/10/2025 05:00","Denmark (DK)","3942.78","4058.00"
"30/10/2025 05:00 - 30/10/2025 06:00","Denmark (DK)","4007.55","4108.00"
"30/10/2025 06:00 - 30/10/2025 07:00","Denmark (DK)","4451.84","4271.00"
"30/10/2025 07:00 - 30/10/2025 08:00","Denmark (DK)","5018.31","4522.00"
"30/10/2025 08:00 - 30/10/2025 09:00","Denmark (DK)","5267.62","4680.00"
"30/10/2025 09:00 - 30/10/2025 10:00","Denmark (DK)","5426.87","4744.00"
"30/10/2025 10:00 - 30/10/2025 11:00","Denmark (DK)","5526.81","4923.00"
"30/10/2025 11:00 - 30/10/2025 12:00","Denmark (DK)","5565.95","4949.00"
"30/10/2025 12:00 - 30/10/2025 13:00","Denmark (DK)","5531.15","4913.00"
"30/10/2025 13:00 - 30/10/2025 14:00","Denmark (DK)","5464.88","4906.00"
"30/10/2025 14:00 - 30/10/2025 15:00","Denmark (DK)","5371.76","4773.00"
"30/10/2025 15:00 - 30/10/2025 16:00","Denmark (DK)","5140.23","4987.00"
"30/10/2025 16:00 - 30/10/2025 17:00","Denmark (DK)","5214.50","5070.00"
"30/10/2025 17:00 - 30/10/2025 18:00","Denmark (DK)","5554.47","5303.00"
"30/10/2025 18:00 - 30/10/2025 19:00","Denmark (DK)","5380.64","5265.00"
"30/10/2025 19:00 - 30/10/2025 20:00","Denmark (DK)","5032.70","5096.00"
"30/10/2025 20:00 - 30/10/2025 21:00","Denmark (DK)","4817.85","5054.00"
"30/10/2025 21:00 - 30/10/2025 22:00","Denmark (DK)","4618.05","4978.00"
"30/10/2025 22:00 - 30/10/2025 23:00","Denmark (DK)","4430.72","4803.00"
"30/10/2025 23:00 - 31/10/2025 00:00","Denmark (DK)","4196.89","4678.00"
"31/10/2025 00:00 - 31/10/2025 01:00","Denmark (DK)","4271.56","4253.00"
"31/10/2025 01:00 - 31/10/2025 02:00","Denmark (DK)","4322.29","4254.00"
"31/10/2025 02:00 - 31/10/2025 03:00","Denmark (DK)","4352.06","4227.00"
"31/10/2025 03:00 - 31/10/2025 04:00","Denmark (DK)","4167.30","4057.00"
"31/10/2025 04:00 - 31/10/2025 05:00","Denmark (DK)","3973.43","3953.00"
"31/10/2025 05:00 - 31/10/2025 06:00","Denmark (DK)","4119.43","3917.00"
"31/10/2025 06:00 - 31/10/2025 07:00","Denmark (DK)","4556.23","4392.00"
"31/10/2025 07:00 - 31/10/2025 08:00","Denmark (DK)","5029.73","4807.00"
"31/10/2025 08:00 - 31/10/2025 09:00","Denmark (DK)","5325.88","4945.00"
"31/10/2025 09:00 - 31/10/2025 10:00","Denmark (DK)","5343.32","4975.00"
"31/10/2025 10:00 - 31/10/2025 11:00","Denmark (DK)","5411.79","5020.00"
"31/10/2025 11:00 - 31/10/2025 12:00","Denmark (DK)","5300.27","4906.00"
"31/10/2025 12:00 - 31/10/2025 13:00","Denmark (DK)","5166.95","4818.00"
"31/10/2025 13:00 - 31/10/2025 14:00","Denmark (DK)","5032.97","4751.00"
"31/10/2025 14:00 - 31/10/2025 15:00","Denmark (DK)","4943.65","4886.00"
"31/10/2025 15:00 - 31/10/2025 16:00","Denmark (DK)","4897.97","4836.00"
"31/10/2025 16:00 - 31/10/2025 17:00","Denmark (DK)","5070.08","4850.00"
"31/10/2025 17:00 - 31/10/2025 18:00","Denmark (DK)","5323.67","5033.00"
"31/10/2025 18:00 - 31/10/2025 19:00","Denmark (DK)","5098.55","4959.00"
"31/10/2025 19:00 - 31/10/2025 20:00","Denmark (DK)","4757.59","4797.00"
"31/10/2025 20:00 - 31/10/2025 21:00","Denmark (DK)","4490.54","4753.00"
"31/10/2025 21:00 - 31/10/2025 22:00","Denmark (DK)","4325.50","4861.00"
"31/10/2025 22:00 - 31/10/2025 23:00","Denmark (DK)","4139.94","4784.00"
"31/10/2025 23:00 - 01/11/2025 00:00","Denmark (DK)","3964.58","4588.00"
"01/11/2025 00:00 - 01/11/2025 01:00","Denmark (DK)","3952.56","3984.00"
"01/11/2025 01:00 - 01/11/2025 02:00","Denmark (DK)","4069.28","3799.00"
"01/11/2025 02:00 - 01/11/2025 03:00","Denmark (DK)","4179.03","3614.00"
"01/11/2025 03:00 - 01/11/2025 04:00","Denmark (DK)","4110.36","3531.00"
"01/11/2025 04:00 - 01/11/2025 05:00","Denmark (DK)","4142.56","3487.00"
"01/11/2025 05:00 - 01/11/2025 06:00","Denmark (DK)","4050.08","3537.00"
"01/11/2025 06:00 - 01/11/2025 07:00","Denmark (DK)","3970.61","3881.00"
"01/11/2025 07:00 - 01/11/2025 08:00","Denmark (DK)","4130.50","4190.00"
"01/11/2025 08:00 - 01/11/2025 09:00","Denmark (DK)","4369.98","4358.00"
"01/11/2025 09:00 - 01/11/2025 10:00","Denmark (DK)","4582.13","4480.00"
"01/11/2025 10:00 - 01/11/2025 11:00","Denmark (DK)","4799.53","4547.00"
"01/11/2025 11:00 - 01/11/2025 12:00","Denmark (DK)","4851.30","4556.00"
"01/11/2025 12:00 - 01/11/2025 13:00","Denmark (DK)","4807.53","4536.00"
"01/11/2025 13:00 - 01/11/2025 14:00","Denmark (DK)","4762.70","4478.00"
"01/11/2025 14:00 - 01/11/2025 15:00","Denmark (DK)","4701.40","4409.00"
"01/11/2025 15:00 - 01/11/2025 16:00","Denmark (DK)","4671.03","4365.00"
"01/11/2025 16:00 - 01/11/2025 17:00","Denmark (DK)","4809.28","4545.00"
"01/11/2025 17:00 - 01/11/2025 18:00","Denmark (DK)","5061.36","4844.00"
"01/11/2025 18:00 - 01/11/2025 19:00","Denmark (DK)","4921.50","4880.00"
"01/11/2025 19:00 - 01/11/2025 20:00","Denmark (DK)","4518.63","4568.00"
"01/11/2025 20:00 - 01/11/2025 21:00","Denmark (DK)","4279.01","4390.00"
"01/11/2025 21:00 - 01/11/2025 22:00","Denmark (DK)","4073.13","4217.00"
"01/11/2025 22:00 - 01/11/2025 23:00","Denmark (DK)","3827.01","4068.00"
"01/11/2025 23:00 - 02/11/2025 00:00","Denmark (DK)","3707.01","3937.00"
"02/11/2025 00:00 - 02/11/2025 01:00","Denmark (DK)","4042.83","3609.00"
"02/11/2025 01:00 - 02/11/2025 02:00","Denmark (DK)","4024.17","3536.00"
"02/11/2025 02:00 - 02/11/2025 03:00","Denmark (DK)","3849.22","3449.00"
"02/11/2025 03:00 - 02/11/2025 04:00","Denmark (DK)","3592.60","3431.00"
"02/11/2025 04:00 - 02/11/2025 05:00","Denmark (DK)","3433.84","3392.00"
"02/11/2025 05:00 - 02/11/2025 06:00","Denmark (DK)","3405.63","3424.00"
"02/11/2025 06:00 - 02/11/2025 07:00","Denmark (DK)","3523.13","3526.00"
"02/11/2025 07:00 - 02/11/2025 08:00","Denmark (DK)","3803.57","3751.00"
"02/11/2025 08:00 - 02/11/2025 09:00","Denmark (DK)","4012.60","3970.00"
"02/11/2025 09:00 - 02/11/2025 10:00","Denmark (DK)","4311.31","4186.00"
"02/11/2025 10:00 - 02/11/2025 11:00","Denmark (DK)","4428.16","4357.00"
"02/11/2025 11:00 - 02/11/2025 12:00","Denmark (DK)","4480.18","4398.00"
"02/11/2025 12:00 - 02/11/2025 13:00","Denmark (DK)","4523.52","4358.00"
"02/11/2025 13:00 - 02/11/2025 14:00","Denmark (DK)","4424.64","4325.00"
"02/11/2025 14:00 - 02/11/2025 15:00","Denmark (DK)","4468.87","4252.00"
"02/11/2025 15:00 - 02/11/2025 16:00","Denmark (DK)","4439.56","4258.00"
"02/11/2025 16:00 - 02/11/2025 17:00","Denmark (DK)","4675.09","4442.00"
"02/11/2025 17:00 - 02/11/2025 18:00","Denmark (DK)","5078.07","4800.00"
"02/11/2025 18:00 - 02/11/2025 19:00","Denmark (DK)","4892.51","4638.00"
"02/11/2025 19:00 - 02/11/2025 20:00","Denmark (DK)","4582.97","4338.00"
"02/11/2025 20:00 - 02/11/2025 21:00","Denmark (DK)","4342.60","4090.00"
"02/11/2025 21:00 - 02/11/2025 22:00","Denmark (DK)","4161.56","3950.00"
"02/11/2025 22:00 - 02/11/2025 23:00","Denmark (DK)","3984.60","3870.00"
"02/11/2025 23:00 - 03/11/2025 00:00","Denmark (DK)","3858.07","3855.00"
"03/11/2025 00:00 - 03/11/2025 01:00","Denmark (DK)","3921.44","3625.00"
"03/11/2025 01:00 - 03/11/2025 02:00","Denmark (DK)","3918.68","3683.00"
"03/11/2025 02:00 - 03/11/2025 03:00","Denmark (DK)","3994.35","3768.00"
"03/11/2025 03:00 - 03/11/2025 04:00","Denmark (DK)","3968.01","3808.00"
"03/11/2025 04:00 - 03/11/2025 05:00","Denmark (DK)","3892.48","3784.00"
"03/11/2025 05:00 - 03/11/2025 06:00","Denmark (DK)","3984.86","3789.00"
"03/11/2025 06:00 - 03/11/2025 07:00","Denmark (DK)","4415.53","4046.00"
"03/11/2025 07:00 - 03/11/2025 08:00","Denmark (DK)","4966.14","4463.00"
"03/11/2025 08:00 - 03/11/2025 09:00","Denmark (DK)","5130.99","4669.00"
"03/11/2025 09:00 - 03/11/2025 10:00","Denmark (DK)","5171.16","4738.00"
"03/11/2025 10:00 - 03/11/2025 11:00","Denmark (DK)","5233.48","4757.00"
"03/11/2025 11:00 - 03/11/2025 12:00","Denmark (DK)","5304.53","4745.00"
"03/11/2025 12:00 - 03/11/2025 13:00","Denmark (DK)","5289.37","4690.00"
"03/11/2025 13:00 - 03/11/2025 14:00","Denmark (DK)","5234.51","4628.00"
"03/11/2025 14:00 - 03/11/2025 15:00","Denmark (DK)","5257.17","4558.00"
"03/11/2025 15:00 - 03/11/2025 16:00","Denmark (DK)","5177.36","4422.00"
"03/11/2025 16:00 - 03/11/2025 17:00","Denmark (DK)","5388.39","4984.00"
"03/11/2025 17:00 - 03/11/2025 18:00","Denmark (DK)","5650.82","5557.00"
"03/11/2025 18:00 - 03/11/2025 19:00","Denmark (DK)","5400.06","5276.00"
"03/11/2025 19:00 - 03/11/2025 20:00","Denmark (DK)","5067.55","5048.00"
"03/11/2025 20:00 - 03/11/2025 21:00","Denmark (DK)","4799.95","5081.00"
"03/11/2025 21:00 - 03/11/2025 22:00","Denmark (DK)","4577.51","5108.00"
"03/11/2025 22:00 - 03/11/2025 23:00","Denmark (DK)","4377.20","5083.00"
"03/11/2025 23:00 - 04/11/2025 00:00","Denmark (DK)","4257.97","5012.00"
"04/11/2025 00:00 - 04/11/2025 01:00","Denmark (DK)","4399.50","4904.00"
"04/11/2025 01:00 - 04/11/2025 02:00","Denmark (DK)","4650.90","4818.00"
"04/11/2025 02:00 - 04/11/2025 03:00","Denmark (DK)","4727.63","4741.00"
"04/11/2025 03:00 - 04/11/2025 04:00","Denmark (DK)","4470.36","4640.00"
"04/11/2025 04:00 - 04/11/2025 05:00","Denmark (DK)","4179.69","4554.00"
"04/11/2025 05:00 - 04/11/2025 06:00","Denmark (DK)","4068.44","4602.00"
"04/11/2025 06:00 - 04/11/2025 07:00","Denmark (DK)","4545.79","4885.00"
"04/11/2025 07:00 - 04/11/2025 08:00","Denmark (DK)","5071.43","5100.00"
"04/11/2025 08:00 - 04/11/2025 09:00","Denmark (DK)","5269.65","4995.00"
"04/11/2025 09:00 - 04/11/2025 10:00","Denmark (DK)","5391.46","5078.00"
"04/11/2025 10:00 - 04/11/2025 11:00","Denmark (DK)","5489.66","5367.00"
"04/11/2025 11:00 - 04/11/2025 12:00","Denmark (DK)","5533.11","5233.00"
"04/11/2025 12:00 - 04/11/2025 13:00","Denmark (DK)","5462.25","4971.00"
"04/11/2025 13:00 - 04/11/2025 14:00","Denmark (DK)","5424.86","4857.00"
"04/11/2025 14:00 - 04/11/2025 15:00","Denmark (DK)","5334.13","5320.00"
"04/11/2025 15:00 - 04/11/2025 16:00","Denmark (DK)","5202.52","5268.00"
"04/11/2025 16:00 - 04/11/2025 17:00","Denmark (DK)","5408.24","5316.00"
"04/11/2025 17:00 - 04/11/2025 18:00","Denmark (DK)","5644.66","5539.00"
"04/11/2025 18:00 - 04/11/2025 19:00","Denmark (DK)","5477.71","5270.00"
"04/11/2025 19:00 - 04/11/2025 20:00","Denmark (DK)","5125.20","5112.00"
"04/11/2025 20:00 - 04/11/2025 21:00","Denmark (DK)","4754.49","5147.00"
"04/11/2025 21:00 - 04/11/2025 22:00","Denmark (DK)","4561.32","5259.00"
"04/11/2025 22:00 - 04/11/2025 23:00","Denmark (DK)","4366.86","5249.00"
"04/11/2025 23:00 - 05/11/2025 00:00","Denmark (DK)","4133.36","5140.00"
"05/11/2025 00:00 - 05/11/2025 01:00","Denmark (DK)","4420.34","4704.00"
"05/11/2025 01:00 - 05/11/2025 02:00","Denmark (DK)","4175.92","4342.00"
"05/11/2025 02:00 - 05/11/2025 03:00","Denmark (DK)","3968.02","4312.00"
"05/11/2025 03:00 - 05/11/2025 04:00","Denmark (DK)","3923.59","4318.00"
"05/11/2025 04:00 - 05/11/2025 05:00","Denmark (DK)","3845.46","4297.00"
"05/11/2025 05:00 - 05/11/2025 06:00","Denmark (DK)","3895.66","4346.00"
"05/11/2025 06:00 - 05/11/2025 07:00","Denmark (DK)","4391.60","4511.00"
"05/11/2025 07:00 - 05/11/2025 08:00","Denmark (DK)","4896.11","4840.00"
"05/11/2025 08:00 - 05/11/2025 09:00","Denmark (DK)","5124.99","4969.00"
"05/11/2025 09:00 - 05/11/2025 10:00","Denmark (DK)","5191.57","4950.00"
"05/11/2025 10:00 - 05/11/2025 11:00","Denmark (DK)","5341.62","4940.00"
"05/11/2025 11:00 - 05/11/2025 12:00","Denmark (DK)","5376.16","4875.00"
"05/11/2025 12:00 - 05/11/2025 13:00","Denmark (DK)","5311.28","5039.00"
"05/11/2025 13:00 - 05/11/2025 14:00","Denmark (DK)","5242.43","5201.00"
"05/11/2025 14:00 - 05/11/2025 15:00","Denmark (DK)","5165.38","5092.00"
"05/11/2025 15:00 - 05/11/2025 16:00","Denmark (DK)","5072.36","4963.00"
"05/11/2025 16:00 - 05/11/2025 17:00","Denmark (DK)","5222.24","5026.00"
"05/11/2025 17:00 - 05/11/2025 18:00","Denmark (DK)","5516.92","5322.00"
"05/11/2025 18:00 - 05/11/2025 19:00","Denmark (DK)","5318.10","5079.00"
"05/11/2025 19:00 - 05/11/2025 20:00","Denmark (DK)","4974.24","4851.00"
"05/11/2025 20:00 - 05/11/2025 21:00","Denmark (DK)","4693.03","4735.00"
"05/11/2025 21:00 - 05/11/2025 22:00","Denmark (DK)","4423.63","4632.00"
"05/11/2025 22:00 - 05/11/2025 23:00","Denmark (DK)","4231.50","4516.00"
"05/11/2025 23:00 - 06/11/2025 00:00","Denmark (DK)","4053.38","4387.00"
"06/11/2025 00:00 - 06/11/2025 01:00","Denmark (DK)","4232.51","4074.00"
"06/11/2025 01:00 - 06/11/2025 02:00","Denmark (DK)","4176.70","3953.00"
"06/11/2025 02:00 - 06/11/2025 03:00","Denmark (DK)","3975.50","3861.00"
"06/11/2025 03:00 - 06/11/2025 04:00","Denmark (DK)","3776.04","3816.00"
"06/11/2025 04:00 - 06/11/2025 05:00","Denmark (DK)","3815.58","3828.00"
"06/11/2025 05:00 - 06/11/2025 06:00","Denmark (DK)","3887.77","3799.00"
"06/11/2025 06:00 - 06/11/2025 07:00","Denmark (DK)","4345.48","4241.00"
"06/11/2025 07:00 - 06/11/2025 08:00","Denmark (DK)","4899.32","4631.00"
"06/11/2025 08:00 - 06/11/2025 09:00","Denmark (DK)","5109.31","4915.00"
"06/11/2025 09:00 - 06/11/2025 10:00","Denmark (DK)","5171.20","4950.00"
"06/11/2025 10:00 - 06/11/2025 11:00","Denmark (DK)","5268.43","5002.00"
"06/11/2025 11:00 - 06/11/2025 12:00","Denmark (DK)","5169.00","4966.00"
"06/11/2025 12:00 - 06/11/2025 13:00","Denmark (DK)","4965.87","4874.00"
"06/11/2025 13:00 - 06/11/2025 14:00","Denmark (DK)","5047.06","4909.00"
"06/11/2025 14:00 - 06/11/2025 15:00","Denmark (DK)","4829.40","4981.00"
"06/11/2025 15:00 - 06/11/2025 16:00","Denmark (DK)","4826.89","4881.00"
"06/11/2025 16:00 - 06/11/2025 17:00","Denmark (DK)","5040.97","4957.00"
"06/11/2025 17:00 - 06/11/2025 18:00","Denmark (DK)","5354.63","5217.00"
"06/11/2025 18:00 - 06/11/2025 19:00","Denmark (DK)","5161.86","5011.00"
"06/11/2025 19:00 - 06/11/2025 20:00","Denmark (DK)","4879.56","4937.00"
"06/11/2025 20:00 - 06/11/2025 21:00","Denmark (DK)","4656.19","4791.00"
"06/11/2025 21:00 - 06/11/2025 22:00","Denmark (DK)","4476.78","4737.00"
"06/11/2025 22:00 - 06/11/2025 23:00","Denmark (DK)","4268.84","4584.00"
"06/11/2025 23:00 - 07/11/2025 00:00","Denmark (DK)","4059.72","4482.00"
"07/11/2025 00:00 - 07/11/2025 01:00","Denmark (DK)","4312.45","4227.00"
"07/11/2025 01:00 - 07/11/2025 02:00","Denmark (DK)","4307.19","4166.00"
"07/11/2025 02:00 - 07/11/2025 03:00","Denmark (DK)","4118.93","4126.00"
"07/11/2025 03:00 - 07/11/2025 04:00","Denmark (DK)","3942.69","4128.00"
"07/11/2025 04:00 - 07/11/2025 05:00","Denmark (DK)","3919.93","4124.00"
"07/11/2025 05:00 - 07/11/2025 06:00","Denmark (DK)","3990.00","4012.00"
"07/11/2025 06:00 - 07/11/2025 07:00","Denmark (DK)","4397.83","4277.00"
"07/11/2025 07:00 - 07/11/2025 08:00","Denmark (DK)","4915.95","4644.00"
"07/11/2025 08:00 - 07/11/2025 09:00","Denmark (DK)","5249.94","4852.00"
"07/11/2025 09:00 - 07/11/2025 10:00","Denmark (DK)","5262.30","4872.00"
"07/11/2025 10:00 - 07/11/2025 11:00","Denmark (DK)","5313.04","4881.00"
"07/11/2025 11:00 - 07/11/2025 12:00","Denmark (DK)","5298.32","4835.00"
"07/11/2025 12:00 - 07/11/2025 13:00","Denmark (DK)","5203.57","4767.00"
"07/11/2025 13:00 - 07/11/2025 14:00","Denmark (DK)","5025.17","4729.00"
"07/11/2025 14:00 - 07/11/2025 15:00","Denmark (DK)","4873.61","4594.00"
"07/11/2025 15:00 - 07/11/2025 16:00","Denmark (DK)","4774.88","4480.00"
"07/11/2025 16:00 - 07/11/2025 17:00","Denmark (DK)","4910.73","4904.00"
"07/11/2025 17:00 - 07/11/2025 18:00","Denmark (DK)","5177.53","5155.00"
"07/11/2025 18:00 - 07/11/2025 19:00","Denmark (DK)","4979.49","4896.00"
"07/11/2025 19:00 - 07/11/2025 20:00","Denmark (DK)","4627.12","4633.00"
"07/11/2025 20:00 - 07/11/2025 21:00","Denmark (DK)","4363.57","4551.00"
"07/11/2025 21:00 - 07/11/2025 22:00","Denmark (DK)","4212.38","4625.00"
"07/11/2025 22:00 - 07/11/2025 23:00","Denmark (DK)","4088.09","4470.00"
"07/11/2025 23:00 - 08/11/2025 00:00","Denmark (DK)","4025.58","4312.00"
"08/11/2025 00:00 - 08/11/2025 01:00","Denmark (DK)","4073.02","3923.00"
"08/11/2025 01:00 - 08/11/2025 02:00","Denmark (DK)","4060.95","3769.00"
"08/11/2025 02:00 - 08/11/2025 03:00","Denmark (DK)","4112.84","3668.00"
"08/11/2025 03:00 - 08/11/2025 04:00","Denmark (DK)","3966.90","3626.00"
"08/11/2025 04:00 - 08/11/2025 05:00","Denmark (DK)","3790.58","3543.00"
"08/11/2025 05:00 - 08/11/2025 06:00","Denmark (DK)","3651.72","3473.00"
"08/11/2025 06:00 - 08/11/2025 07:00","Denmark (DK)","3673.41","3686.00"
"08/11/2025 07:00 - 08/11/2025 08:00","Denmark (DK)","3943.76","3940.00"
"08/11/2025 08:00 - 08/11/2025 09:00","Denmark (DK)","4206.79","4247.00"
"08/11/2025 09:00 - 08/11/2025 10:00","Denmark (DK)","4404.78","4408.00"
"08/11/2025 10:00 - 08/11/2025 11:00","Denmark (DK)","4545.46","4465.00"
"08/11/2025 11:00 - 08/11/2025 12:00","Denmark (DK)","4662.05","4525.00"
"08/11/2025 12:00 - 08/11/2025 13:00","Denmark (DK)","4727.27","4525.00"
"08/11/2025 13:00 - 08/11/2025 14:00","Denmark (DK)","4688.52","4506.00"
"08/11/2025 14:00 - 08/11/2025 15:00","Denmark (DK)","4635.92","4592.00"
"08/11/2025 15:00 - 08/11/2025 16:00","Denmark (DK)","4625.90","4580.00"
"08/11/2025 16:00 - 08/11/2025 17:00","Denmark (DK)","4731.58","4806.00"
"08/11/2025 17:00 - 08/11/2025 18:00","Denmark (DK)","4953.10","5112.00"
"08/11/2025 18:00 - 08/11/2025 19:00","Denmark (DK)","4737.45","4983.00"
"08/11/2025 19:00 - 08/11/2025 20:00","Denmark (DK)","4458.62","4766.00"
"08/11/2025 20:00 - 08/11/2025 21:00","Denmark (DK)","4255.46","4618.00"
"08/11/2025 21:00 - 08/11/2025 22:00","Denmark (DK)","4111.90","4430.00"
"08/11/2025 22:00 - 08/11/2025 23:00","Denmark (DK)","3912.71","4248.00"
"08/11/2025 23:00 - 09/11/2025 00:00","Denmark (DK)","3788.40","4113.00"
"09/11/2025 00:00 - 09/11/2025 01:00","Denmark (DK)","3901.33","3990.00"
"09/11/2025 01:00 - 09/11/2025 02:00","Denmark (DK)","3903.42","3871.00"
"09/11/2025 02:00 - 09/11/2025 03:00","Denmark (DK)","3903.22","3753.00"
"09/11/2025 03:00 - 09/11/2025 04:00","Denmark (DK)","3835.31","3645.00"
"09/11/2025 04:00 - 09/11/2025 05:00","Denmark (DK)","3697.35","3555.00"
"09/11/2025 05:00 - 09/11/2025 06:00","Denmark (DK)","3581.64","3534.00"
"09/11/2025 06:00 - 09/11/2025 07:00","Denmark (DK)","3616.02","3646.00"
"09/11/2025 07:00 - 09/11/2025 08:00","Denmark (DK)","3848.54","3871.00"
"09/11/2025 08:00 - 09/11/2025 09:00","Denmark (DK)","4116.25","4107.00"
"09/11/2025 09:00 - 09/11/2025 10:00","Denmark (DK)","4355.42","4286.00"
"09/11/2025 10:00 - 09/11/2025 11:00","Denmark (DK)","4547.49","4396.00"
"09/11/2025 11:00 - 09/11/2025 12:00","Denmark (DK)","4611.90","4442.00"
"09/11/2025 12:00 - 09/11/2025 13:00","Denmark (DK)","4648.45","4444.00"
"09/11/2025 13:00 - 09/11/2025 14:00","Denmark (DK)","4644.65","4442.00"
"09/11/2025 14:00 - 09/11/2025 15:00","Denmark (DK)","4650.64","4558.00"
"09/11/2025 15:00 - 09/11/2025 16:00","Denmark (DK)","4718.21","4669.00"
"09/11/2025 16:00 - 09/11/2025 17:00","Denmark (DK)","4920.36","4850.00"
"09/11/2025 17:00 - 09/11/2025 18:00","Denmark (DK)","5230.53","5081.00"
"09/11/2025 18:00 - 09/11/2025 19:00","Denmark (DK)","4982.76","4925.00"
"09/11/2025 19:00 - 09/11/2025 20:00","Denmark (DK)","4656.54","4677.00"
"09/11/2025 20:00 - 09/11/2025 21:00","Denmark (DK)","4393.20","4475.00"
"09/11/2025 21:00 - 09/11/2025 22:00","Denmark (DK)","4207.04","4259.00"
"09/11/2025 22:00 - 09/11/2025 23:00","Denmark (DK)","4028.08","4172.00"
"09/11/2025 23:00 - 10/11/2025 00:00","Denmark (DK)","3927.24","4191.00"
"10/11/2025 00:00 - 10/11/2025 01:00","Denmark (DK)","4153.48","4250.00"
"10/11/2025 01:00 - 10/11/2025 02:00","Denmark (DK)","4126.91","4289.00"
"10/11/2025 02:00 - 10/11/2025 03:00","Denmark (DK)","4151.86","4321.00"
"10/11/2025 03:00 - 10/11/2025 04:00","Denmark (DK)","3957.06","4330.00"
"10/11/2025 04:00 - 10/11/2025 05:00","Denmark (DK)","3836.54","4295.00"
"10/11/2025 05:00 - 10/11/2025 06:00","Denmark (DK)","3855.30","4337.00"
"10/11/2025 06:00 - 10/11/2025 07:00","Denmark (DK)","4284.63","4186.00"
"10/11/2025 07:00 - 10/11/2025 08:00","Denmark (DK)","4926.94","4277.00"
"10/11/2025 08:00 - 10/11/2025 09:00","Denmark (DK)","5208.09","4647.00"
"10/11/2025 09:00 - 10/11/2025 10:00","Denmark (DK)","5302.42","5199.00"
"10/11/2025 10:00 - 10/11/2025 11:00","Denmark (DK)","5376.45","5257.00"
"10/11/2025 11:00 - 10/11/2025 12:00","Denmark (DK)","5370.64","5032.00"
"10/11/2025 12:00 - 10/11/2025 13:00","Denmark (DK)","5348.94","4755.00"
"10/11/2025 13:00 - 10/11/2025 14:00","Denmark (DK)","5315.24","4687.00"
"10/11/2025 14:00 - 10/11/2025 15:00","Denmark (DK)","5220.54","5172.00"
"10/11/2025 15:00 - 10/11/2025 16:00","Denmark (DK)","5176.19","5094.00"
"10/11/2025 16:00 - 10/11/2025 17:00","Denmark (DK)","5391.18","5280.00"
"10/11/2025 17:00 - 10/11/2025 18:00","Denmark (DK)","5700.82","5449.00"
"10/11/2025 18:00 - 10/11/2025 19:00","Denmark (DK)","5362.37","5183.00"
"10/11/2025 19:00 - 10/11/2025 20:00","Denmark (DK)","5035.70","5037.00"
"10/11/2025 20:00 - 10/11/2025 21:00","Denmark (DK)","4807.44","5175.00"
"10/11/2025 21:00 - 10/11/2025 22:00","Denmark (DK)","4637.76","5301.00"
"10/11/2025 22:00 - 10/11/2025 23:00","Denmark (DK)","4368.62","5220.00"
"10/11/2025 23:00 - 11/11/2025 00:00","Denmark (DK)","4182.57","5092.00"
"11/11/2025 00:00 - 11/11/2025 01:00","Denmark (DK)","4194.17","4441.00"
"11/11/2025 01:00 - 11/11/2025 02:00","Denmark (DK)","4230.62","4370.00"
"11/11/2025 02:00 - 11/11/2025 03:00","Denmark (DK)","4236.49","4258.00"
"11/11/2025 03:00 - 11/11/2025 04:00","Denmark (DK)","4211.84","4109.00"
"11/11/2025 04:00 - 11/11/2025 05:00","Denmark (DK)","4144.77","3994.00"
"11/11/2025 05:00 - 11/11/2025 06:00","Denmark (DK)","4114.08","4029.00"
"11/11/2025 06:00 - 11/11/2025 07:00","Denmark (DK)","4517.47","4349.00"
"11/11/2025 07:00 - 11/11/2025 08:00","Denmark (DK)","5080.42","4710.00"
"11/11/2025 08:00 - 11/11/2025 09:00","Denmark (DK)","5292.88","4888.00"
"11/11/2025 09:00 - 11/11/2025 10:00","Denmark (DK)","5348.16","4939.00"
"11/11/2025 10:00 - 11/11/2025 11:00","Denmark (DK)","5414.48","4956.00"
"11/11/2025 11:00 - 11/11/2025 12:00","Denmark (DK)","5430.25","4974.00"
"11/11/2025 12:00 - 11/11/2025 13:00","Denmark (DK)","5411.64","4957.00"
"11/11/2025 13:00 - 11/11/2025 14:00","Denmark (DK)","5367.09","4951.00"
"11/11/2025 14:00 - 11/11/2025 15:00","Denmark (DK)","5275.15","5192.00"
"11/11/2025 15:00 - 11/11/2025 16:00","Denmark (DK)","5170.78","5202.00"
"11/11/2025 16:00 - 11/11/2025 17:00","Denmark (DK)","5340.83","5370.00"
"11/11/2025 17:00 - 11/11/2025 18:00","Denmark (DK)","5603.03","5619.00"
"11/11/2025 18:00 - 11/11/2025 19:00","Denmark (DK)","5357.20","5425.00"
"11/11/2025 19:00 - 11/11/2025 20:00","Denmark (DK)","5031.56","5224.00"
"11/11/2025 20:00 - 11/11/2025 21:00","Denmark (DK)","4795.75","5096.00"
"11/11/2025 21:00 - 11/11/2025 22:00","Denmark (DK)","4594.07","4812.00"
"11/11/2025 22:00 - 11/11/2025 23:00","Denmark (DK)","4367.91","4686.00"
"11/11/2025 23:00 - 12/11/2025 00:00","Denmark (DK)","4211.73","4586.00"
"12/11/2025 00:00 - 12/11/2025 01:00","Denmark (DK)","4174.73","4500.00"
"12/11/2025 01:00 - 12/11/2025 02:00","Denmark (DK)","4246.07","4303.00"
"12/11/2025 02:00 - 12/11/2025 03:00","Denmark (DK)","4288.14","4127.00"
"12/11/2025 03:00 - 12/11/2025 04:00","Denmark (DK)","4294.90","4048.00"
"12/11/2025 04:00 - 12/11/2025 05:00","Denmark (DK)","4314.61","4111.00"
"12/11/2025 05:00 - 12/11/2025 06:00","Denmark (DK)","4312.29","4170.00"
"12/11/2025 06:00 - 12/11/2025 07:00","Denmark (DK)","4575.35","4516.00"
"12/11/2025 07:00 - 12/11/2025 08:00","Denmark (DK)","5180.79","4823.00"
"12/11/2025 08:00 - 12/11/2025 09:00","Denmark (DK)","5392.48","4907.00"
"12/11/2025 09:00 - 12/11/2025 10:00","Denmark (DK)","5590.16","4882.00"
"12/11/2025 10:00 - 12/11/2025 11:00","Denmark (DK)","5654.06","4901.00"
"12/11/2025 11:00 - 12/11/2025 12:00","Denmark (DK)","5613.02","4905.00"
"12/11/2025 12:00 - 12/11/2025 13:00","Denmark (DK)","5561.34","4906.00"
"12/11/2025 13:00 - 12/11/2025 14:00","Denmark (DK)","5562.31","4885.00"
"12/11/2025 14:00 - 12/11/2025 15:00","Denmark (DK)","5470.40","4811.00"
"12/11/2025 15:00 - 12/11/2025 16:00","Denmark (DK)","5356.06","4754.00"
"12/11/2025 16:00 - 12/11/2025 17:00","Denmark (DK)","5513.84","5053.00"
"12/11/2025 17:00 - 12/11/2025 18:00","Denmark (DK)","5709.41","5757.00"
"12/11/2025 18:00 - 12/11/2025 19:00","Denmark (DK)","5496.84","5546.00"
"12/11/2025 19:00 - 12/11/2025 20:00","Denmark (DK)","5174.20","5344.00"
"12/11/2025 20:00 - 12/11/2025 21:00","Denmark (DK)","4908.28","5312.00"
"12/11/2025 21:00 - 12/11/2025 22:00","Denmark (DK)","4758.69","5319.00"
"12/11/2025 22:00 - 12/11/2025 23:00","Denmark (DK)","4475.09","5220.00"
"12/11/2025 23:00 - 13/11/2025 00:00","Denmark (DK)","4307.19","5103.00"
"13/11/2025 00:00 - 13/11/2025 01:00","Denmark (DK)","4409.33","4981.00"
"13/11/2025 01:00 - 13/11/2025 02:00","Denmark (DK)","4488.01","4877.00"
"13/11/2025 02:00 - 13/11/2025 03:00","Denmark (DK)","4536.06","4821.00"
"13/11/2025 03:00 - 13/11/2025 04:00","Denmark (DK)","4403.40","4775.00"
"13/11/2025 04:00 - 13/11/2025 05:00","Denmark (DK)","4212.97","4655.00"
"13/11/2025 05:00 - 13/11/2025 06:00","Denmark (DK)","4086.08","4589.00"
"13/11/2025 06:00 - 13/11/2025 07:00","Denmark (DK)","4481.79","4299.00"
"13/11/2025 07:00 - 13/11/2025 08:00","Denmark (DK)","5006.14","4769.00"
"13/11/2025 08:00 - 13/11/2025 09:00","Denmark (DK)","5256.30","4921.00"
"13/11/2025 09:00 - 13/11/2025 10:00","Denmark (DK)","5293.08","4880.00"
"13/11/2025 10:00 - 13/11/2025 11:00","Denmark (DK)","5432.94","4900.00"
"13/11/2025 11:00 - 13/11/2025 12:00","Denmark (DK)","5481.51","4893.00"
"13/11/2025 12:00 - 13/11/2025 13:00","Denmark (DK)","5455.91","4830.00"
"13/11/2025 13:00 - 13/11/2025 14:00","Denmark (DK)","5522.90","4814.00"
"13/11/2025 14:00 - 13/11/2025 15:00","Denmark (DK)","5401.71","4763.00"
"13/11/2025 15:00 - 13/11/2025 16:00","Denmark (DK)","5306.58","5235.00"
"13/11/2025 16:00 - 13/11/2025 17:00","Denmark (DK)","5402.21","5424.00"
"13/11/2025 17:00 - 13/11/2025 18:00","Denmark (DK)","5542.63","5633.00"
"13/11/2025 18:00 - 13/11/2025 19:00","Denmark (DK)","5315.36","5441.00"
"13/11/2025 19:00 - 13/11/2025 20:00","Denmark (DK)","5027.62","5274.00"
"13/11/2025 20:00 - 13/11/2025 21:00","Denmark (DK)","4793.97","5416.00"
"13/11/2025 21:00 - 13/11/2025 22:00","Denmark (DK)","4621.70","5524.00"
"13/11/2025 22:00 - 13/11/2025 23:00","Denmark (DK)","4449.11","5460.00"
"13/11/2025 23:00 - 14/11/2025 00:00","Denmark (DK)","4215.93","5306.00"
"14/11/2025 00:00 - 14/11/2025 01:00","Denmark (DK)","4213.16","4582.00"
"14/11/2025 01:00 - 14/11/2025 02:00","Denmark (DK)","4116.78","4509.00"
"14/11/2025 02:00 - 14/11/2025 03:00","Denmark (DK)","4175.58","4382.00"
"14/11/2025 03:00 - 14/11/2025 04:00","Denmark (DK)","4130.74","4277.00"
"14/11/2025 04:00 - 14/11/2025 05:00","Denmark (DK)","4080.53","4232.00"
"14/11/2025 05:00 - 14/11/2025 06:00","Denmark (DK)","4159.56","4209.00"
"14/11/2025 06:00 - 14/11/2025 07:00","Denmark (DK)","4503.87","4305.00"
"14/11/2025 07:00 - 14/11/2025 08:00","Denmark (DK)","5075.46","4592.00"
"14/11/2025 08:00 - 14/11/2025 09:00","Denmark (DK)","5344.00","4743.00"
"14/11/2025 09:00 - 14/11/2025 10:00","Denmark (DK)","5369.77","5209.00"
"14/11/2025 10:00 - 14/11/2025 11:00","Denmark (DK)","5480.53","5435.00"
"14/11/2025 11:00 - 14/11/2025 12:00","Denmark (DK)","5388.51","5365.00"
"14/11/2025 12:00 - 14/11/2025 13:00","Denmark (DK)","5300.70","5135.00"
"14/11/2025 13:00 - 14/11/2025 14:00","Denmark (DK)","5172.31","4912.00"
"14/11/2025 14:00 - 14/11/2025 15:00","Denmark (DK)","5066.92","5003.00"
"14/11/2025 15:00 - 14/11/2025 16:00","Denmark (DK)","5022.92","4915.00"
"14/11/2025 16:00 - 14/11/2025 17:00","Denmark (DK)","5299.18","5047.00"
"14/11/2025 17:00 - 14/11/2025 18:00","Denmark (DK)","5495.65","5161.00"
"14/11/2025 18:00 - 14/11/2025 19:00","Denmark (DK)","5337.63","4976.00"
"14/11/2025 19:00 - 14/11/2025 20:00","Denmark (DK)","5029.67","4829.00"
"14/11/2025 20:00 - 14/11/2025 21:00","Denmark (DK)","4766.23","4839.00"
"14/11/2025 21:00 - 14/11/2025 22:00","Denmark (DK)","4580.68","4854.00"
"14/11/2025 22:00 - 14/11/2025 23:00","Denmark (DK)","4404.68","4777.00"
"14/11/2025 23:00 - 15/11/2025 00:00","Denmark (DK)","4308.54","4675.00"
"15/11/2025 00:00 - 15/11/2025 01:00","Denmark (DK)","4418.12","4375.00"
"15/11/2025 01:00 - 15/11/2025 02:00","Denmark (DK)","4466.45","4287.00"
"15/11/2025 02:00 - 15/11/2025 03:00","Denmark (DK)","4477.39","4178.00"
"15/11/2025 03:00 - 15/11/2025 04:00","Denmark (DK)","4437.11","4007.00"
"15/11/2025 04:00 - 15/11/2025 05:00","Denmark (DK)","4334.68","3810.00"
"15/11/2025 05:00 - 15/11/2025 06:00","Denmark (DK)","4157.86","3739.00"
"15/11/2025 06:00 - 15/11/2025 07:00","Denmark (DK)","4140.35","3832.00"
"15/11/2025 07:00 - 15/11/2025 08:00","Denmark (DK)","4343.10","4278.00"
"15/11/2025 08:00 - 15/11/2025 09:00","Denmark (DK)","4640.68","4520.00"
"15/11/2025 09:00 - 15/11/2025 10:00","Denmark (DK)","4778.48","4555.00"
"15/11/2025 10:00 - 15/11/2025 11:00","Denmark (DK)","4868.37","4591.00"
"15/11/2025 11:00 - 15/11/2025 12:00","Denmark (DK)","4848.34","4597.00"
"15/11/2025 12:00 - 15/11/2025 13:00","Denmark (DK)","4844.16","4582.00"
"15/11/2025 13:00 - 15/11/2025 14:00","Denmark (DK)","4819.90","4798.00"
"15/11/2025 14:00 - 15/11/2025 15:00","Denmark (DK)","4751.79","4808.00"
"15/11/2025 15:00 - 15/11/2025 16:00","Denmark (DK)","4771.18","4762.00"
"15/11/2025 16:00 - 15/11/2025 17:00","Denmark (DK)","5083.19","4909.00"
"15/11/2025 17:00 - 15/11/2025 18:00","Denmark (DK)","5384.37","5099.00"
"15/11/2025 18:00 - 15/11/2025 19:00","Denmark (DK)","5260.09","4926.00"
"15/11/2025 19:00 - 15/11/2025 20:00","Denmark (DK)","4928.26","4655.00"
"15/11/2025 20:00 - 15/11/2025 21:00","Denmark (DK)","4730.99","4495.00"
"15/11/2025 21:00 - 15/11/2025 22:00","Denmark (DK)","4626.04","4329.00"
"15/11/2025 22:00 - 15/11/2025 23:00","Denmark (DK)","4404.89","4201.00"
"15/11/2025 23:00 - 16/11/2025 00:00","Denmark (DK)","4284.80","4138.00"
"16/11/2025 00:00 - 16/11/2025 01:00","Denmark (DK)","4437.84","3648.00"
"16/11/2025 01:00 - 16/11/2025 02:00","Denmark (DK)","4355.77","3646.00"
"16/11/2025 02:00 - 16/11/2025 03:00","Denmark (DK)","4356.40","3506.00"
"16/11/2025 03:00 - 16/11/2025 04:00","Denmark (DK)","4310.55","3433.00"
"16/11/2025 04:00 - 16/11/2025 05:00","Denmark (DK)","4231.18","3397.00"
"16/11/2025 05:00 - 16/11/2025 06:00","Denmark (DK)","4194.20","3399.00"
"16/11/2025 06:00 - 16/11/2025 07:00","Denmark (DK)","4169.05","3495.00"
"16/11/2025 07:00 - 16/11/2025 08:00","Denmark (DK)","4402.01","4339.00"
"16/11/2025 08:00 - 16/11/2025 09:00","Denmark (DK)","4722.07","4557.00"
"16/11/2025 09:00 - 16/11/2025 10:00","Denmark (DK)","4897.73","4639.00"
"16/11/2025 10:00 - 16/11/2025 11:00","Denmark (DK)","4973.81","4748.00"
"16/11/2025 11:00 - 16/11/2025 12:00","Denmark (DK)","4984.80","4816.00"
"16/11/2025 12:00 - 16/11/2025 13:00","Denmark (DK)","4968.80","4841.00"
"16/11/2025 13:00 - 16/11/2025 14:00","Denmark (DK)","4919.94","4771.00"
"16/11/2025 14:00 - 16/11/2025 15:00","Denmark (DK)","4951.06","4853.00"
"16/11/2025 15:00 - 16/11/2025 16:00","Denmark (DK)","5031.09","4915.00"
"16/11/2025 16:00 - 16/11/2025 17:00","Denmark (DK)","5248.63","5066.00"
"16/11/2025 17:00 - 16/11/2025 18:00","Denmark (DK)","5549.63","5305.00"
"16/11/2025 18:00 - 16/11/2025 19:00","Denmark (DK)","5361.52","5110.00"
"16/11/2025 19:00 - 16/11/2025 20:00","Denmark (DK)","5051.31","4848.00"
"16/11/2025 20:00 - 16/11/2025 21:00","Denmark (DK)","4814.40","4671.00"
"16/11/2025 21:00 - 16/11/2025 22:00","Denmark (DK)","4626.93","4581.00"
"16/11/2025 22:00 - 16/11/2025 23:00","Denmark (DK)","4496.31","4659.00"
"16/11/2025 23:00 - 17/11/2025 00:00","Denmark (DK)","4339.09","4708.00"
"17/11/2025 00:00 - 17/11/2025 01:00","Denmark (DK)","4543.16","3875.00"
"17/11/2025 01:00 - 17/11/2025 02:00","Denmark (DK)","4553.03","3932.00"
"17/11/2025 02:00 - 17/11/2025 03:00","Denmark (DK)","4638.15","4092.00"
"17/11/2025 03:00 - 17/11/2025 04:00","Denmark (DK)","4631.83","4127.00"
"17/11/2025 04:00 - 17/11/2025 05:00","Denmark (DK)","4470.20","4122.00"
"17/11/2025 05:00 - 17/11/2025 06:00","Denmark (DK)","4478.42","4084.00"
"17/11/2025 06:00 - 17/11/2025 07:00","Denmark (DK)","5007.99","4013.00"
"17/11/2025 07:00 - 17/11/2025 08:00","Denmark (DK)","5608.67","4137.00"
"17/11/2025 08:00 - 17/11/2025 09:00","Denmark (DK)","5724.11","4304.00"
"17/11/2025 09:00 - 17/11/2025 10:00","Denmark (DK)","5875.46","4310.00"
"17/11/2025 10:00 - 17/11/2025 11:00","Denmark (DK)","5829.11","4430.00"
"17/11/2025 11:00 - 17/11/2025 12:00","Denmark (DK)","5772.02","4437.00"
"17/11/2025 12:00 - 17/11/2025 13:00","Denmark (DK)","5700.78","4402.00"
"17/11/2025 13:00 - 17/11/2025 14:00","Denmark (DK)","5649.19","4360.00"
"17/11/2025 14:00 - 17/11/2025 15:00","Denmark (DK)","5571.58","5369.00"
"17/11/2025 15:00 - 17/11/2025 16:00","Denmark (DK)","5502.37","5443.00"
"17/11/2025 16:00 - 17/11/2025 17:00","Denmark (DK)","5714.21","5564.00"
"17/11/2025 17:00 - 17/11/2025 18:00","Denmark (DK)","6031.13","5731.00"
"17/11/2025 18:00 - 17/11/2025 19:00","Denmark (DK)","5825.07","5615.00"
"17/11/2025 19:00 - 17/11/2025 20:00","Denmark (DK)","5483.99","5459.00"
"17/11/2025 20:00 - 17/11/2025 21:00","Denmark (DK)","5208.16","5364.00"
"17/11/2025 21:00 - 17/11/2025 22:00","Denmark (DK)","4994.03","5324.00"
"17/11/2025 22:00 - 17/11/2025 23:00","Denmark (DK)","4737.35","5276.00"
"17/11/2025 23:00 - 18/11/2025 00:00","Denmark (DK)","4594.53","5229.00"
"18/11/2025 00:00 - 18/11/2025 01:00","Denmark (DK)","4673.23","4039.00"
"18/11/2025 01:00 - 18/11/2025 02:00","Denmark (DK)","4714.17","3994.00"
"18/11/2025 02:00 - 18/11/2025 03:00","Denmark (DK)","4835.29","4084.00"
"18/11/2025 03:00 - 18/11/2025 04:00","Denmark (DK)","4678.34","4082.00"
"18/11/2025 04:00 - 18/11/2025 05:00","Denmark (DK)","4443.92","3989.00"
"18/11/2025 05:00 - 18/11/2025 06:00","Denmark (DK)","4484.06","4034.00"
"18/11/2025 06:00 - 18/11/2025 07:00","Denmark (DK)","4995.02","4595.00"
"18/11/2025 07:00 - 18/11/2025 08:00","Denmark (DK)","5605.59","4926.00"
"18/11/2025 08:00 - 18/11/2025 09:00","Denmark (DK)","5745.75","5084.00"
"18/11/2025 09:00 - 18/11/2025 10:00","Denmark (DK)","5722.01","5083.00"
"18/11/2025 10:00 - 18/11/2025 11:00","Denmark (DK)","5832.38","5156.00"
"18/11/2025 11:00 - 18/11/2025 12:00","Denmark (DK)","5770.69","5120.00"
"18/11/2025 12:00 - 18/11/2025 13:00","Denmark (DK)","5646.13","5066.00"
"18/11/2025 13:00 - 18/11/2025 14:00","Denmark (DK)","5664.09","5072.00"
"18/11/2025 14:00 - 18/11/2025 15:00","Denmark (DK)","5615.98","5009.00"
"18/11/2025 15:00 - 18/11/2025 16:00","Denmark (DK)","5471.14","5171.00"
"18/11/2025 16:00 - 18/11/2025 17:00","Denmark (DK)","5672.71","5566.00"
"18/11/2025 17:00 - 18/11/2025 18:00","Denmark (DK)","5954.72","5754.00"
"18/11/2025 18:00 - 18/11/2025 19:00","Denmark (DK)","5782.72","5639.00"
"18/11/2025 19:00 - 18/11/2025 20:00","Denmark (DK)","5533.09","5591.00"
"18/11/2025 20:00 - 18/11/2025 21:00","Denmark (DK)","5244.69","5742.00"
"18/11/2025 21:00 - 18/11/2025 22:00","Denmark (DK)","5081.28","5892.00"
"18/11/2025 22:00 - 18/11/2025 23:00","Denmark (DK)","4868.61","5824.00"
"18/11/2025 23:00 - 19/11/2025 00:00","Denmark (DK)","4746.64","5706.00"
"19/11/2025 00:00 - 19/11/2025 01:00","Denmark (DK)","4791.98","5559.00"
"19/11/2025 01:00 - 19/11/2025 02:00","Denmark (DK)","4913.73","5419.00"
"19/11/2025 02:00 - 19/11/2025 03:00","Denmark (DK)","4974.93","5308.00"
"19/11/2025 03:00 - 19/11/2025 04:00","Denmark (DK)","4855.88","5203.00"
"19/11/2025 04:00 - 19/11/2025 05:00","Denmark (DK)","4649.40","5066.00"
"19/11/2025 05:00 - 19/11/2025 06:00","Denmark (DK)","4653.12","4988.00"
"19/11/2025 06:00 - 19/11/2025 07:00","Denmark (DK)","5090.05","5024.00"
"19/11/2025 07:00 - 19/11/2025 08:00","Denmark (DK)","5603.35","5325.00"
"19/11/2025 08:00 - 19/11/2025 09:00","Denmark (DK)","5875.55","5480.00"
"19/11/2025 09:00 - 19/11/2025 10:00","Denmark (DK)","5833.59","5497.00"
"19/11/2025 10:00 - 19/11/2025 11:00","Denmark (DK)","5887.36","5549.00"
"19/11/2025 11:00 - 19/11/2025 12:00","Denmark (DK)","5874.18","5521.00"
"19/11/2025 12:00 - 19/11/2025 13:00","Denmark (DK)","5797.17","5481.00"
"19/11/2025 13:00 - 19/11/2025 14:00","Denmark (DK)","5759.49","5459.00"
"19/11/2025 14:00 - 19/11/2025 15:00","Denmark (DK)","5736.52","5657.00"
"19/11/2025 15:00 - 19/11/2025 16:00","Denmark (DK)","5662.90","5672.00"
"19/11/2025 16:00 - 19/11/2025 17:00","Denmark (DK)","5806.97","5681.00"
"19/11/2025 17:00 - 19/11/2025 18:00","Denmark (DK)","6061.55","5783.00"
"19/11/2025 18:00 - 19/11/2025 19:00","Denmark (DK)","5847.03","5585.00"
"19/11/2025 19:00 - 19/11/2025 20:00","Denmark (DK)","5565.91","5668.00"
"19/11/2025 20:00 - 19/11/2025 21:00","Denmark (DK)","5359.54","5956.00"
"19/11/2025 21:00 - 19/11/2025 22:00","Denmark (DK)","5089.16","5467.00"
"19/11/2025 22:00 - 19/11/2025 23:00","Denmark (DK)","4917.09","5427.00"
"19/11/2025 23:00 - 20/11/2025 00:00","Denmark (DK)","4704.55","5322.00"
"20/11/2025 00:00 - 20/11/2025 01:00","Denmark (DK)","4812.25","4773.00"
"20/11/2025 01:00 - 20/11/2025 02:00","Denmark (DK)","4962.24","4773.00"
"20/11/2025 02:00 - 20/11/2025 03:00","Denmark (DK)","4971.54","4780.00"
"20/11/2025 03:00 - 20/11/2025 04:00","Denmark (DK)","4866.35","4693.00"
"20/11/2025 04:00 - 20/11/2025 05:00","Denmark (DK)","4642.43","4607.00"
"20/11/2025 05:00 - 20/11/2025 06:00","Denmark (DK)","4573.30","4443.00"
"20/11/2025 06:00 - 20/11/2025 07:00","Denmark (DK)","5090.88","4539.00"
"20/11/2025 07:00 - 20/11/2025 08:00","Denmark (DK)","5628.45","5284.00"
"20/11/2025 08:00 - 20/11/2025 09:00","Denmark (DK)","5834.03","5615.00"
"20/11/2025 09:00 - 20/11/2025 10:00","Denmark (DK)","5921.66","5444.00"
"20/11/2025 10:00 - 20/11/2025 11:00","Denmark (DK)","5998.74","5166.00"
"20/11/2025 11:00 - 20/11/2025 12:00","Denmark (DK)","6008.05","4959.00"
"20/11/2025 12:00 - 20/11/2025 13:00","Denmark (DK)","5916.70","4882.00"
"20/11/2025 13:00 - 20/11/2025 14:00","Denmark (DK)","5878.60","4844.00"
"20/11/2025 14:00 - 20/11/2025 15:00","Denmark (DK)","5820.49","4768.00"
"20/11/2025 15:00 - 20/11/2025 16:00","Denmark (DK)","5758.05","4719.00"
"20/11/2025 16:00 - 20/11/2025 17:00","Denmark (DK)","5983.55","4894.00"
"20/11/2025 17:00 - 20/11/2025 18:00","Denmark (DK)","6209.23","5092.00"
"20/11/2025 18:00 - 20/11/2025 19:00","Denmark (DK)","5986.80","4902.00"
"20/11/2025 19:00 - 20/11/2025 20:00","Denmark (DK)","5684.03","4858.00"
"20/11/2025 20:00 - 20/11/2025 21:00","Denmark (DK)","5414.73","5068.00"
"20/11/2025 21:00 - 20/11/2025 22:00","Denmark (DK)","5199.04","5211.00"
"20/11/2025 22:00 - 20/11/2025 23:00","Denmark (DK)","5031.83","5178.00"
"20/11/2025 23:00 - 21/11/2025 00:00","Denmark (DK)","4871.22","5117.00"
"21/11/2025 00:00 - 21/11/2025 01:00","Denmark (DK)","5000.26","5030.00"
"21/11/2025 01:00 - 21/11/2025 02:00","Denmark (DK)","5101.40","4917.00"
"21/11/2025 02:00 - 21/11/2025 03:00","Denmark (DK)","5175.18","4795.00"
"21/11/2025 03:00 - 21/11/2025 04:00","Denmark (DK)","4960.81","4738.00"
"21/11/2025 04:00 - 21/11/2025 05:00","Denmark (DK)","4704.76","4641.00"
"21/11/2025 05:00 - 21/11/2025 06:00","Denmark (DK)","4641.22","4463.00"
"21/11/2025 06:00 - 21/11/2025 07:00","Denmark (DK)","5157.29","4389.00"
"21/11/2025 07:00 - 21/11/2025 08:00","Denmark (DK)","5734.99","4629.00"
"21/11/2025 08:00 - 21/11/2025 09:00","Denmark (DK)","5912.89","4806.00"
"21/11/2025 09:00 - 21/11/2025 10:00","Denmark (DK)","5941.26","4801.00"
"21/11/2025 10:00 - 21/11/2025 11:00","Denmark (DK)","5922.02","4891.00"
"21/11/2025 11:00 - 21/11/2025 12:00","Denmark (DK)","5814.72","4843.00"
"21/11/2025 12:00 - 21/11/2025 13:00","Denmark (DK)","5712.95","4775.00"
"21/11/2025 13:00 - 21/11/2025 14:00","Denmark (DK)","5495.28","4805.00"
"21/11/2025 14:00 - 21/11/2025 15:00","Denmark (DK)","5333.89","5379.00"
"21/11/2025 15:00 - 21/11/2025 16:00","Denmark (DK)","5369.26","5317.00"
"21/11/2025 16:00 - 21/11/2025 17:00","Denmark (DK)","5643.73","5476.00"
"21/11/2025 17:00 - 21/11/2025 18:00","Denmark (DK)","5861.31","5584.00"
"21/11/2025 18:00 - 21/11/2025 19:00","Denmark (DK)","5703.01","5305.00"
"21/11/2025 19:00 - 21/11/2025 20:00","Denmark (DK)","5382.38","5207.00"
"21/11/2025 20:00 - 21/11/2025 21:00","Denmark (DK)","5068.13","5384.00"
"21/11/2025 21:00 - 21/11/2025 22:00","Denmark (DK)","4971.81","5554.00"
"21/11/2025 22:00 - 21/11/2025 23:00","Denmark (DK)","4810.64","5488.00"
"21/11/2025 23:00 - 22/11/2025 00:00","Denmark (DK)","4636.92","5334.00"
"22/11/2025 00:00 - 22/11/2025 01:00","Denmark (DK)","4631.65","4945.00"
"22/11/2025 01:00 - 22/11/2025 02:00","Denmark (DK)","4630.98","4724.00"
"22/11/2025 02:00 - 22/11/2025 03:00","Denmark (DK)","4655.67","4494.00"
"22/11/2025 03:00 - 22/11/2025 04:00","Denmark (DK)","4556.57","4302.00"
"22/11/2025 04:00 - 22/11/2025 05:00","Denmark (DK)","4551.00","4208.00"
"22/11/2025 05:00 - 22/11/2025 06:00","Denmark (DK)","4464.78","4167.00"
"22/11/2025 06:00 - 22/11/2025 07:00","Denmark (DK)","4420.86","4491.00"
"22/11/2025 07:00 - 22/11/2025 08:00","Denmark (DK)","4626.81","4631.00"
"22/11/2025 08:00 - 22/11/2025 09:00","Denmark (DK)","4841.39","4680.00"
"22/11/2025 09:00 - 22/11/2025 10:00","Denmark (DK)","5020.35","4725.00"
"22/11/2025 10:00 - 22/11/2025 11:00","Denmark (DK)","5113.42","4758.00"
"22/11/2025 11:00 - 22/11/2025 12:00","Denmark (DK)","5112.33","4704.00"
"22/11/2025 12:00 - 22/11/2025 13:00","Denmark (DK)","5119.58","4676.00"
"22/11/2025 13:00 - 22/11/2025 14:00","Denmark (DK)","5044.78","4624.00"
"22/11/2025 14:00 - 22/11/2025 15:00","Denmark (DK)","4971.32","4583.00"
"22/11/2025 15:00 - 22/11/2025 16:00","Denmark (DK)","5019.30","4628.00"
"22/11/2025 16:00 - 22/11/2025 17:00","Denmark (DK)","5266.47","5272.00"
"22/11/2025 17:00 - 22/11/2025 18:00","Denmark (DK)","5460.51","5492.00"
"22/11/2025 18:00 - 22/11/2025 19:00","Denmark (DK)","5317.89","5353.00"
"22/11/2025 19:00 - 22/11/2025 20:00","Denmark (DK)","5059.45","5081.00"
"22/11/2025 20:00 - 22/11/2025 21:00","Denmark (DK)","4875.04","4877.00"
"22/11/2025 21:00 - 22/11/2025 22:00","Denmark (DK)","4661.46","4735.00"
"22/11/2025 22:00 - 22/11/2025 23:00","Denmark (DK)","4551.14","4588.00"
"22/11/2025 23:00 - 23/11/2025 00:00","Denmark (DK)","4465.71","4487.00"
"23/11/2025 00:00 - 23/11/2025 01:00","Denmark (DK)","4641.20","4397.00"
"23/11/2025 01:00 - 23/11/2025 02:00","Denmark (DK)","4807.32","4345.00"
"23/11/2025 02:00 - 23/11/2025 03:00","Denmark (DK)","4806.39","4314.00"
"23/11/2025 03:00 - 23/11/2025 04:00","Denmark (DK)","4588.03","4267.00"
"23/11/2025 04:00 - 23/11/2025 05:00","Denmark (DK)","4469.80","4231.00"
"23/11/2025 05:00 - 23/11/2025 06:00","Denmark (DK)","4360.23","4196.00"
"23/11/2025 06:00 - 23/11/2025 07:00","Denmark (DK)","4339.16","4316.00"
"23/11/2025 07:00 - 23/11/2025 08:00","Denmark (DK)","4417.05","4522.00"
"23/11/2025 08:00 - 23/11/2025 09:00","Denmark (DK)","4665.28","4696.00"
"23/11/2025 09:00 - 23/11/2025 10:00","Denmark (DK)","4918.33","4811.00"
"23/11/2025 10:00 - 23/11/2025 11:00","Denmark (DK)","5070.68","4922.00"
"23/11/2025 11:00 - 23/11/2025 12:00","Denmark (DK)","5026.48","4941.00"
"23/11/2025 12:00 - 23/11/2025 13:00","Denmark (DK)","5044.90","4953.00"
"23/11/2025 13:00 - 23/11/2025 14:00","Denmark (DK)","5016.57","4905.00"
"23/11/2025 14:00 - 23/11/2025 15:00","Denmark (DK)","5034.18","4885.00"
"23/11/2025 15:00 - 23/11/2025 16:00","Denmark (DK)","5095.51","5053.00"
"23/11/2025 16:00 - 23/11/2025 17:00","Denmark (DK)","5406.30","5252.00"
"23/11/2025 17:00 - 23/11/2025 18:00","Denmark (DK)","5698.11","5491.00"
"23/11/2025 18:00 - 23/11/2025 19:00","Denmark (DK)","5511.98","5316.00"
"23/11/2025 19:00 - 23/11/2025 20:00","Denmark (DK)","5171.87","5199.00"
"23/11/2025 20:00 - 23/11/2025 21:00","Denmark (DK)","4981.88","5065.00"
"23/11/2025 21:00 - 23/11/2025 22:00","Denmark (DK)","4850.58","4973.00"
"23/11/2025 22:00 - 23/11/2025 23:00","Denmark (DK)","4593.92","4966.00"
"23/11/2025 23:00 - 24/11/2025 00:00","Denmark (DK)","4506.98","5070.00"
"24/11/2025 00:00 - 24/11/2025 01:00","Denmark (DK)","4893.79","5177.00"
"24/11/2025 01:00 - 24/11/2025 02:00","Denmark (DK)","4874.35","5338.00"
"24/11/2025 02:00 - 24/11/2025 03:00","Denmark (DK)","4618.51","5469.00"
"24/11/2025 03:00 - 24/11/2025 04:00","Denmark (DK)","4500.01","5643.00"
"24/11/2025 04:00 - 24/11/2025 05:00","Denmark (DK)","4332.90","5557.00"
"24/11/2025 05:00 - 24/11/2025 06:00","Denmark (DK)","4462.77","5421.00"
"24/11/2025 06:00 - 24/11/2025 07:00","Denmark (DK)","5078.98","4701.00"
"24/11/2025 07:00 - 24/11/2025 08:00","Denmark (DK)","5719.55","5315.00"
"24/11/2025 08:00 - 24/11/2025 09:00","Denmark (DK)","5975.88","5674.00"
"24/11/2025 09:00 - 24/11/2025 10:00","Denmark (DK)","6131.36","5562.00"
"24/11/2025 10:00 - 24/11/2025 11:00","Denmark (DK)","6168.24","5342.00"
"24/11/2025 11:00 - 24/11/2025 12:00","Denmark (DK)","6130.02","5172.00"
"24/11/2025 12:00 - 24/11/2025 13:00","Denmark (DK)","6006.40","5109.00"
"24/11/2025 13:00 - 24/11/2025 14:00","Denmark (DK)","5980.14","5097.00"
"24/11/2025 14:00 - 24/11/2025 15:00","Denmark (DK)","5901.24","5767.00"
"24/11/2025 15:00 - 24/11/2025 16:00","Denmark (DK)","5828.91","5769.00"
"24/11/2025 16:00 - 24/11/2025 17:00","Denmark (DK)","6088.44","5818.00"
"24/11/2025 17:00 - 24/11/2025 18:00","Denmark (DK)","6239.07","5892.00"
"24/11/2025 18:00 - 24/11/2025 19:00","Denmark (DK)","6004.78","5680.00"
"24/11/2025 19:00 - 24/11/2025 20:00","Denmark (DK)","5677.46","5546.00"
"24/11/2025 20:00 - 24/11/2025 21:00","Denmark (DK)","5355.53","5632.00"
"24/11/2025 21:00 - 24/11/2025 22:00","Denmark (DK)","5196.06","5724.00"
"24/11/2025 22:00 - 24/11/2025 23:00","Denmark (DK)","4947.11","5727.00"
"24/11/2025 23:00 - 25/11/2025 00:00","Denmark (DK)","4744.22","5623.00"
"25/11/2025 00:00 - 25/11/2025 01:00","Denmark (DK)","4839.57","4213.00"
"25/11/2025 01:00 - 25/11/2025 02:00","Denmark (DK)","4933.15","4376.00"
"25/11/2025 02:00 - 25/11/2025 03:00","Denmark (DK)","4882.46","4209.00"
"25/11/2025 03:00 - 25/11/2025 04:00","Denmark (DK)","4790.08","4179.00"
"25/11/2025 04:00 - 25/11/2025 05:00","Denmark (DK)","4546.81","4019.00"
"25/11/2025 05:00 - 25/11/2025 06:00","Denmark (DK)","4548.31","4028.00"
"25/11/2025 06:00 - 25/11/2025 07:00","Denmark (DK)","5044.08","4506.00"
"25/11/2025 07:00 - 25/11/2025 08:00","Denmark (DK)","5579.89","4862.00"
"25/11/2025 08:00 - 25/11/2025 09:00","Denmark (DK)","5765.07","4970.00"
"25/11/2025 09:00 - 25/11/2025 10:00","Denmark (DK)","5821.38","4986.00"
"25/11/2025 10:00 - 25/11/2025 11:00","Denmark (DK)","5855.85","5068.00"
"25/11/2025 11:00 - 25/11/2025 12:00","Denmark (DK)","5788.00","5025.00"
"25/11/2025 12:00 - 25/11/2025 13:00","Denmark (DK)","5752.28","4967.00"
"25/11/2025 13:00 - 25/11/2025 14:00","Denmark (DK)","5681.65","4930.00"
"25/11/2025 14:00 - 25/11/2025 15:00","Denmark (DK)","5656.89","5514.00"
"25/11/2025 15:00 - 25/11/2025 16:00","Denmark (DK)","5556.83","5490.00"
"25/11/2025 16:00 - 25/11/2025 17:00","Denmark (DK)","5740.02","5523.00"
"25/11/2025 17:00 - 25/11/2025 18:00","Denmark (DK)","5902.25","5542.00"
"25/11/2025 18:00 - 25/11/2025 19:00","Denmark (DK)","5735.49","5340.00"
"25/11/2025 19:00 - 25/11/2025 20:00","Denmark (DK)","5417.29","5320.00"
"25/11/2025 20:00 - 25/11/2025 21:00","Denmark (DK)","5117.63","5464.00"
"25/11/2025 21:00 - 25/11/2025 22:00","Denmark (DK)","4949.80","5645.00"
"25/11/2025 22:00 - 25/11/2025 23:00","Denmark (DK)","4732.50","5689.00"
"25/11/2025 23:00 - 26/11/2025 00:00","Denmark (DK)","4537.58","5613.00"
"26/11/2025 00:00 - 26/11/2025 01:00","Denmark (DK)","4780.11","4749.00"
"26/11/2025 01:00 - 26/11/2025 02:00","Denmark (DK)","4867.54","4912.00"
"26/11/2025 02:00 - 26/11/2025 03:00","Denmark (DK)","4836.34","4806.00"
"26/11/2025 03:00 - 26/11/2025 04:00","Denmark (DK)","4553.66","4762.00"
"26/11/2025 04:00 - 26/11/2025 05:00","Denmark (DK)","4340.36","4507.00"
"26/11/2025 05:00 - 26/11/2025 06:00","Denmark (DK)","4355.10","4402.00"
"26/11/2025 06:00 - 26/11/2025 07:00","Denmark (DK)","4859.14","4383.00"
"26/11/2025 07:00 - 26/11/2025 08:00","Denmark (DK)","5486.29","5126.00"
"26/11/2025 08:00 - 26/11/2025 09:00","Denmark (DK)","5721.54","5270.00"
"26/11/2025 09:00 - 26/11/2025 10:00","Denmark (DK)","5793.00","5541.00"
"26/11/2025 10:00 - 26/11/2025 11:00","Denmark (DK)","5778.75","5685.00"
"26/11/2025 11:00 - 26/11/2025 12:00","Denmark (DK)","5693.91","5592.00"
"26/11/2025 12:00 - 26/11/2025 13:00","Denmark (DK)","5584.02","5284.00"
"26/11/2025 13:00 - 26/11/2025 14:00","Denmark (DK)","5577.71","5019.00"
"26/11/2025 14:00 - 26/11/2025 15:00","Denmark (DK)","5501.26","5490.00"
"26/11/2025 15:00 - 26/11/2025 16:00","Denmark (DK)","5500.73","5412.00"
"26/11/2025 16:00 - 26/11/2025 17:00","Denmark (DK)","5772.18","5607.00"
"26/11/2025 17:00 - 26/11/2025 18:00","Denmark (DK)","6020.87","5880.00"
"26/11/2025 18:00 - 26/11/2025 19:00","Denmark (DK)","5835.60","5635.00"
"26/11/2025 19:00 - 26/11/2025 20:00","Denmark (DK)","5524.30","5426.00"
"26/11/2025 20:00 - 26/11/2025 21:00","Denmark (DK)","5351.29","5461.00"
"26/11/2025 21:00 - 26/11/2025 22:00","Denmark (DK)","5138.01","5556.00"
"26/11/2025 22:00 - 26/11/2025 23:00","Denmark (DK)","4986.63","5570.00"
"26/11/2025 23:00 - 27/11/2025 00:00","Denmark (DK)","4819.86","5482.00"
"27/11/2025 00:00 - 27/11/2025 01:00","Denmark (DK)","4919.05","4585.00"
"27/11/2025 01:00 - 27/11/2025 02:00","Denmark (DK)","5027.59","4574.00"
"27/11/2025 02:00 - 27/11/2025 03:00","Denmark (DK)","5032.47","4576.00"
"27/11/2025 03:00 - 27/11/2025 04:00","Denmark (DK)","4989.06","4576.00"
"27/11/2025 04:00 - 27/11/2025 05:00","Denmark (DK)","4906.85","4492.00"
"27/11/2025 05:00 - 27/11/2025 06:00","Denmark (DK)","4892.54","4429.00"
"27/11/2025 06:00 - 27/11/2025 07:00","Denmark (DK)","5108.01","4848.00"
"27/11/2025 07:00 - 27/11/2025 08:00","Denmark (DK)","5702.00","5335.00"
"27/11/2025 08:00 - 27/11/2025 09:00","Denmark (DK)","5941.23","5580.00"
"27/11/2025 09:00 - 27/11/2025 10:00","Denmark (DK)","6090.92","5390.00"
"27/11/2025 10:00 - 27/11/2025 11:00","Denmark (DK)","6190.22","5188.00"
"27/11/2025 11:00 - 27/11/2025 12:00","Denmark (DK)","6190.56","5016.00"
"27/11/2025 12:00 - 27/11/2025 13:00","Denmark (DK)","6101.12","4940.00"
"27/11/2025 13:00 - 27/11/2025 14:00","Denmark (DK)","6062.69","4946.00"
"27/11/2025 14:00 - 27/11/2025 15:00","Denmark (DK)","5991.66","5649.00"
"27/11/2025 15:00 - 27/11/2025 16:00","Denmark (DK)","5928.43","5876.00"
"27/11/2025 16:00 - 27/11/2025 17:00","Denmark (DK)","6055.97","5979.00"
"27/11/2025 17:00 - 27/11/2025 18:00","Denmark (DK)","6188.62","6212.00"
"27/11/2025 18:00 - 27/11/2025 19:00","Denmark (DK)","5989.86","6029.00"
"27/11/2025 19:00 - 27/11/2025 20:00","Denmark (DK)","5661.22","5988.00"
"27/11/2025 20:00 - 27/11/2025 21:00","Denmark (DK)","5394.47","6226.00"
"27/11/2025 21:00 - 27/11/2025 22:00","Denmark (DK)","5185.75","6281.00"
"27/11/2025 22:00 - 27/11/2025 23:00","Denmark (DK)","4982.01","5152.00"
"27/11/2025 23:00 - 28/11/2025 00:00","Denmark (DK)","4843.61","5119.00"
"28/11/2025 00:00 - 28/11/2025 01:00","Denmark (DK)","5255.07","5088.00"
"28/11/2025 01:00 - 28/11/2025 02:00","Denmark (DK)","5165.35","5023.00"
"28/11/2025 02:00 - 28/11/2025 03:00","Denmark (DK)","5110.92","4910.00"
"28/11/2025 03:00 - 28/11/2025 04:00","Denmark (DK)","4941.68","4839.00"
"28/11/2025 04:00 - 28/11/2025 05:00","Denmark (DK)","4683.41","4734.00"
"28/11/2025 05:00 - 28/11/2025 06:00","Denmark (DK)","4563.10","4475.00"
"28/11/2025 06:00 - 28/11/2025 07:00","Denmark (DK)","4839.37","4594.00"
"28/11/2025 07:00 - 28/11/2025 08:00","Denmark (DK)","5409.31","4923.00"
"28/11/2025 08:00 - 28/11/2025 09:00","Denmark (DK)","5651.53","5041.00"
"28/11/2025 09:00 - 28/11/2025 10:00","Denmark (DK)","5699.67","5002.00"
"28/11/2025 10:00 - 28/11/2025 11:00","Denmark (DK)","5739.49","5010.00"
"28/11/2025 11:00 - 28/11/2025 12:00","Denmark (DK)","5711.61","4940.00"
"28/11/2025 12:00 - 28/11/2025 13:00","Denmark (DK)","5575.10","4815.00"
"28/11/2025 13:00 - 28/11/2025 14:00","Denmark (DK)","5486.71","4745.00"
"28/11/2025 14:00 - 28/11/2025 15:00","Denmark (DK)","5376.47","4649.00"
"28/11/2025 15:00 - 28/11/2025 16:00","Denmark (DK)","5385.59","4951.00"
"28/11/2025 16:00 - 28/11/2025 17:00","Denmark (DK)","5512.63","5488.00"
"28/11/2025 17:00 - 28/11/2025 18:00","Denmark (DK)","5575.52","5569.00"
"28/11/2025 18:00 - 28/11/2025 19:00","Denmark (DK)","5435.28","5313.00"
"28/11/2025 19:00 - 28/11/2025 20:00","Denmark (DK)","5184.42","5180.00"
"28/11/2025 20:00 - 28/11/2025 21:00","Denmark (DK)","4956.49","5274.00"
"28/11/2025 21:00 - 28/11/2025 22:00","Denmark (DK)","4796.77","5425.00"
"28/11/2025 22:00 - 28/11/2025 23:00","Denmark (DK)","4624.39","5222.00"
"28/11/2025 23:00 - 29/11/2025 00:00","Denmark (DK)","4507.96","5009.00"
"29/11/2025 00:00 - 29/11/2025 01:00","Denmark (DK)","4861.68","4756.00"
"29/11/2025 01:00 - 29/11/2025 02:00","Denmark (DK)","4823.52","4552.00"
"29/11/2025 02:00 - 29/11/2025 03:00","Denmark (DK)","4593.91","4350.00"
"29/11/2025 03:00 - 29/11/2025 04:00","Denmark (DK)","4255.95","4200.00"
"29/11/2025 04:00 - 29/11/2025 05:00","Denmark (DK)","4035.24","4138.00"
"29/11/2025 05:00 - 29/11/2025 06:00","Denmark (DK)","3927.48","4133.00"
"29/11/2025 06:00 - 29/11/2025 07:00","Denmark (DK)","4013.75","4224.00"
"29/11/2025 07:00 - 29/11/2025 08:00","Denmark (DK)","4303.37","4439.00"
"29/11/2025 08:00 - 29/11/2025 09:00","Denmark (DK)","4565.50","4658.00"
"29/11/2025 09:00 - 29/11/2025 10:00","Denmark (DK)","4793.92","4839.00"
"29/11/2025 10:00 - 29/11/2025 11:00","Denmark (DK)","4890.93","4894.00"
"29/11/2025 11:00 - 29/11/2025 12:00","Denmark (DK)","4867.23","4827.00"
"29/11/2025 12:00 - 29/11/2025 13:00","Denmark (DK)","4889.94","4765.00"
"29/11/2025 13:00 - 29/11/2025 14:00","Denmark (DK)","4793.74","4638.00"
"29/11/2025 14:00 - 29/11/2025 15:00","Denmark (DK)","4690.10","4645.00"
"29/11/2025 15:00 - 29/11/2025 16:00","Denmark (DK)","4858.23","4766.00"
"29/11/2025 16:00 - 29/11/2025 17:00","Denmark (DK)","5020.87","4936.00"
"29/11/2025 17:00 - 29/11/2025 18:00","Denmark (DK)","5168.73","5058.00"
"29/11/2025 18:00 - 29/11/2025 19:00","Denmark (DK)","5025.42","4921.00"
"29/11/2025 19:00 - 29/11/2025 20:00","Denmark (DK)","4751.55","4707.00"
"29/11/2025 20:00 - 29/11/2025 21:00","Denmark (DK)","4484.41","4475.00"
"29/11/2025 21:00 - 29/11/2025 22:00","Denmark (DK)","4366.65","4302.00"
"29/11/2025 22:00 - 29/11/2025 23:00","Denmark (DK)","4169.28","4200.00"
"29/11/2025 23:00 - 30/11/2025 00:00","Denmark (DK)","4021.16","4110.00"
"30/11/2025 00:00 - 30/11/2025 01:00","Denmark (DK)","4161.58","3462.00"
"30/11/2025 01:00 - 30/11/2025 02:00","Denmark (DK)","4029.16","3373.00"
"30/11/2025 02:00 - 30/11/2025 03:00","Denmark (DK)","4014.78","3348.00"
"30/11/2025 03:00 - 30/11/2025 04:00","Denmark (DK)","4039.89","3346.00"
"30/11/2025 04:00 - 30/11/2025 05:00","Denmark (DK)","4011.83","3296.00"
"30/11/2025 05:00 - 30/11/2025 06:00","Denmark (DK)","3921.31","3305.00"
"30/11/2025 06:00 - 30/11/2025 07:00","Denmark (DK)","3839.28","3777.00"
"30/11/2025 07:00 - 30/11/2025 08:00","Denmark (DK)","4070.31","4065.00"
"30/11/2025 08:00 - 30/11/2025 09:00","Denmark (DK)","4356.56","4256.00"
"30/11/2025 09:00 - 30/11/2025 10:00","Denmark (DK)","4605.43","4437.00"
"30/11/2025 10:00 - 30/11/2025 11:00","Denmark (DK)","4822.79","4513.00"
"30/11/2025 11:00 - 30/11/2025 12:00","Denmark (DK)","4912.03","4828.00"
"30/11/2025 12:00 - 30/11/2025 13:00","Denmark (DK)","4924.14","4871.00"
"30/11/2025 13:00 - 30/11/2025 14:00","Denmark (DK)","4930.86","4888.00"
"30/11/2025 14:00 - 30/11/2025 15:00","Denmark (DK)","4918.70","4861.00"
"30/11/2025 15:00 - 30/11/2025 16:00","Denmark (DK)","4965.35","4897.00"
"30/11/2025 16:00 - 30/11/2025 17:00","Denmark (DK)","5161.26","5065.00"
"30/11/2025 17:00 - 30/11/2025 18:00","Denmark (DK)","5362.07","5290.00"
"30/11/2025 18:00 - 30/11/2025 19:00","Denmark (DK)","5237.71","5158.00"
"30/11/2025 19:00 - 30/11/2025 20:00","Denmark (DK)","4954.64","4905.00"
"30/11/2025 20:00 - 30/11/2025 21:00","Denmark (DK)","4794.27","4741.00"
"30/11/2025 21:00 - 30/11/2025 22:00","Denmark (DK)","4696.58","4676.00"
"30/11/2025 22:00 - 30/11/2025 23:00","Denmark (DK)","4510.31","4690.00"
"30/11/2025 23:00 - 01/12/2025 00:00","Denmark (DK)","4385.72","4757.00"
"01/12/2025 00:00 - 01/12/2025 01:00","Denmark (DK)","4656.06","4145.00"
"01/12/2025 01:00 - 01/12/2025 02:00","Denmark (DK)","4614.34","4210.00"
"01/12/2025 02:00 - 01/12/2025 03:00","Denmark (DK)","4535.85","4239.00"
"01/12/2025 03:00 - 01/12/2025 04:00","Denmark (DK)","4365.76","4280.00"
"01/12/2025 04:00 - 01/12/2025 05:00","Denmark (DK)","4181.28","4170.00"
"01/12/2025 05:00 - 01/12/2025 06:00","Denmark (DK)","4243.07","4042.00"
"01/12/2025 06:00 - 01/12/2025 07:00","Denmark (DK)","4689.53","4326.00"
"01/12/2025 07:00 - 01/12/2025 08:00","Denmark (DK)","5332.96","4717.00"
"01/12/2025 08:00 - 01/12/2025 09:00","Denmark (DK)","5543.44","4900.00"
"01/12/2025 09:00 - 01/12/2025 10:00","Denmark (DK)","5671.61","5078.00"
"01/12/2025 10:00 - 01/12/2025 11:00","Denmark (DK)","5731.00","5629.00"
"01/12/2025 11:00 - 01/12/2025 12:00","Denmark (DK)","5711.21","5479.00"
"01/12/2025 12:00 - 01/12/2025 13:00","Denmark (DK)","5713.51","5228.00"
"01/12/2025 13:00 - 01/12/2025 14:00","Denmark (DK)","5731.13","5019.00"
"01/12/2025 14:00 - 01/12/2025 15:00","Denmark (DK)","5695.13","4910.00"
"01/12/2025 15:00 - 01/12/2025 16:00","Denmark (DK)","5612.55","5439.00"
"01/12/2025 16:00 - 01/12/2025 17:00","Denmark (DK)","5843.95","5605.00"
"01/12/2025 17:00 - 01/12/2025 18:00","Denmark (DK)","6040.93","5673.00"
"01/12/2025 18:00 - 01/12/2025 19:00","Denmark (DK)","5851.11","5325.00"
"01/12/2025 19:00 - 01/12/2025 20:00","Denmark (DK)","5524.19","5136.00"
"01/12/2025 20:00 - 01/12/2025 21:00","Denmark (DK)","5280.36","5147.00"
"01/12/2025 21:00 - 01/12/2025 22:00","Denmark (DK)","5092.86","5228.00"
"01/12/2025 22:00 - 01/12/2025 23:00","Denmark (DK)","4853.11","5255.00"
"01/12/2025 23:00 - 02/12/2025 00:00","Denmark (DK)","4663.39","5259.00"
"02/12/2025 00:00 - 02/12/2025 01:00","Denmark (DK)","4768.51","5523.00"
"02/12/2025 01:00 - 02/12/2025 02:00","Denmark (DK)","4784.03","5493.00"
"02/12/2025 02:00 - 02/12/2025 03:00","Denmark (DK)","4867.06","5453.00"
"02/12/2025 03:00 - 02/12/2025 04:00","Denmark (DK)","4736.90","5435.00"
"02/12/2025 04:00 - 02/12/2025 05:00","Denmark (DK)","4565.76","5403.00"
"02/12/2025 05:00 - 02/12/2025 06:00","Denmark (DK)","4472.11","5390.00"
"02/12/2025 06:00 - 02/12/2025 07:00","Denmark (DK)","4914.88","4790.00"
"02/12/2025 07:00 - 02/12/2025 08:00","Denmark (DK)","5499.63","5222.00"
"02/12/2025 08:00 - 02/12/2025 09:00","Denmark (DK)","5753.27","5402.00"
"02/12/2025 09:00 - 02/12/2025 10:00","Denmark (DK)","5790.89","5365.00"
"02/12/2025 10:00 - 02/12/2025 11:00","Denmark (DK)","5877.15","5354.00"
"02/12/2025 11:00 - 02/12/2025 12:00","Denmark (DK)","5823.64","5751.00"
"02/12/2025 12:00 - 02/12/2025 13:00","Denmark (DK)","5753.34","5618.00"
"02/12/2025 13:00 - 02/12/2025 14:00","Denmark (DK)","5732.45","5690.00"
"02/12/2025 14:00 - 02/12/2025 15:00","Denmark (DK)","5713.98","5534.00"
"02/12/2025 15:00 - 02/12/2025 16:00","Denmark (DK)","5660.10","5589.00"
"02/12/2025 16:00 - 02/12/2025 17:00","Denmark (DK)","5862.47","5712.00"
"02/12/2025 17:00 - 02/12/2025 18:00","Denmark (DK)","6034.88","5789.00"
"02/12/2025 18:00 - 02/12/2025 19:00","Denmark (DK)","5747.37","5530.00"
"02/12/2025 19:00 - 02/12/2025 20:00","Denmark (DK)","5432.76","5463.00"
"02/12/2025 20:00 - 02/12/2025 21:00","Denmark (DK)","5189.11","5630.00"
"02/12/2025 21:00 - 02/12/2025 22:00","Denmark (DK)","5005.89","5803.00"
"02/12/2025 22:00 - 02/12/2025 23:00","Denmark (DK)","4802.46","5817.00"
"02/12/2025 23:00 - 03/12/2025 00:00","Denmark (DK)","4508.01","5745.00"
"03/12/2025 00:00 - 03/12/2025 01:00","Denmark (DK)","4722.44","5624.00"
"03/12/2025 01:00 - 03/12/2025 02:00","Denmark (DK)","4753.26","5483.00"
"03/12/2025 02:00 - 03/12/2025 03:00","Denmark (DK)","4567.61","5352.00"
"03/12/2025 03:00 - 03/12/2025 04:00","Denmark (DK)","4485.35","5255.00"
"03/12/2025 04:00 - 03/12/2025 05:00","Denmark (DK)","4297.90","5174.00"
"03/12/2025 05:00 - 03/12/2025 06:00","Denmark (DK)","4261.36","5066.00"
"03/12/2025 06:00 - 03/12/2025 07:00","Denmark (DK)","4738.81","5083.00"
"03/12/2025 07:00 - 03/12/2025 08:00","Denmark (DK)","5308.15","5323.00"
"03/12/2025 08:00 - 03/12/2025 09:00","Denmark (DK)","5531.24","5480.00"
"03/12/2025 09:00 - 03/12/2025 10:00","Denmark (DK)","5631.27","5542.00"
"03/12/2025 10:00 - 03/12/2025 11:00","Denmark (DK)","5716.51","5602.00"
"03/12/2025 11:00 - 03/12/2025 12:00","Denmark (DK)","5708.23","5566.00"
"03/12/2025 12:00 - 03/12/2025 13:00","Denmark (DK)","5611.01","5481.00"
"03/12/2025 13:00 - 03/12/2025 14:00","Denmark (DK)","5604.54","5488.00"
"03/12/2025 14:00 - 03/12/2025 15:00","Denmark (DK)","5570.39","5419.00"
"03/12/2025 15:00 - 03/12/2025 16:00","Denmark (DK)","5545.48","5467.00"
"03/12/2025 16:00 - 03/12/2025 17:00","Denmark (DK)","5694.33","5632.00"
"03/12/2025 17:00 - 03/12/2025 18:00","Denmark (DK)","5855.40","5721.00"
"03/12/2025 18:00 - 03/12/2025 19:00","Denmark (DK)","5652.32","5441.00"
"03/12/2025 19:00 - 03/12/2025 20:00","Denmark (DK)","5338.44","5315.00"
"03/12/2025 20:00 - 03/12/2025 21:00","Denmark (DK)","5100.07","5407.00"
"03/12/2025 21:00 - 03/12/2025 22:00","Denmark (DK)","4921.64","5524.00"
"03/12/2025 22:00 - 03/12/2025 23:00","Denmark (DK)","4731.57","5512.00"
"03/12/2025 23:00 - 04/12/2025 00:00","Denmark (DK)","4563.84","5433.00"
"04/12/2025 00:00 - 04/12/2025 01:00","Denmark (DK)","4601.55","5348.00"
"04/12/2025 01:00 - 04/12/2025 02:00","Denmark (DK)","4709.87","5235.00"
"04/12/2025 02:00 - 04/12/2025 03:00","Denmark (DK)","4752.23","5151.00"
"04/12/2025 03:00 - 04/12/2025 04:00","Denmark (DK)","4532.32","5091.00"
"04/12/2025 04:00 - 04/12/2025 05:00","Denmark (DK)","4277.04","5024.00"
"04/12/2025 05:00 - 04/12/2025 06:00","Denmark (DK)","4262.29","4859.00"
"04/12/2025 06:00 - 04/12/2025 07:00","Denmark (DK)","4757.84","4637.00"
"04/12/2025 07:00 - 04/12/2025 08:00","Denmark (DK)","5296.74","4699.00"
"04/12/2025 08:00 - 04/12/2025 09:00","Denmark (DK)","5633.61","4814.00"
"04/12/2025 09:00 - 04/12/2025 10:00","Denmark (DK)","5718.47","4868.00"
"04/12/2025 10:00 - 04/12/2025 11:00","Denmark (DK)","5836.42","4909.00"
"04/12/2025 11:00 - 04/12/2025 12:00","Denmark (DK)","5797.03","4857.00"
"04/12/2025 12:00 - 04/12/2025 13:00","Denmark (DK)","5747.94","4779.00"
"04/12/2025 13:00 - 04/12/2025 14:00","Denmark (DK)","5714.69","4771.00"
"04/12/2025 14:00 - 04/12/2025 15:00","Denmark (DK)","5673.56","4725.00"
"04/12/2025 15:00 - 04/12/2025 16:00","Denmark (DK)","5634.04","4710.00"
"04/12/2025 16:00 - 04/12/2025 17:00","Denmark (DK)","5749.40","4902.00"
"04/12/2025 17:00 - 04/12/2025 18:00","Denmark (DK)","5912.46","5059.00"
"04/12/2025 18:00 - 04/12/2025 19:00","Denmark (DK)","5794.07","4872.00"
"04/12/2025 19:00 - 04/12/2025 20:00","Denmark (DK)","5426.09","4793.00"
"04/12/2025 20:00 - 04/12/2025 21:00","Denmark (DK)","5112.16","4910.00"
"04/12/2025 21:00 - 04/12/2025 22:00","Denmark (DK)","4992.78","5074.00"
"04/12/2025 22:00 - 04/12/2025 23:00","Denmark (DK)","4782.04","5035.00"
"04/12/2025 23:00 - 05/12/2025 00:00","Denmark (DK)","4614.38","4874.00"
"05/12/2025 00:00 - 05/12/2025 01:00","Denmark (DK)","4686.78","4663.00"
"05/12/2025 01:00 - 05/12/2025 02:00","Denmark (DK)","4714.70","4689.00"
"05/12/2025 02:00 - 05/12/2025 03:00","Denmark (DK)","4720.34","4699.00"
"05/12/2025 03:00 - 05/12/2025 04:00","Denmark (DK)","4646.82","4618.00"
"05/12/2025 04:00 - 05/12/2025 05:00","Denmark (DK)","4446.69","4549.00"
"05/12/2025 05:00 - 05/12/2025 06:00","Denmark (DK)","4397.97","4355.00"
"05/12/2025 06:00 - 05/12/2025 07:00","Denmark (DK)","4784.00","4409.00"
"05/12/2025 07:00 - 05/12/2025 08:00","Denmark (DK)","5357.79","4665.00"
"05/12/2025 08:00 - 05/12/2025 09:00","Denmark (DK)","5652.45","5290.00"
"05/12/2025 09:00 - 05/12/2025 10:00","Denmark (DK)","5692.46","5445.00"
"05/12/2025 10:00 - 05/12/2025 11:00","Denmark (DK)","5808.71","5276.00"
"05/12/2025 11:00 - 05/12/2025 12:00","Denmark (DK)","5777.63","4983.00"
"05/12/2025 12:00 - 05/12/2025 13:00","Denmark (DK)","5677.91","4778.00"
"05/12/2025 13:00 - 05/12/2025 14:00","Denmark (DK)","5594.93","4656.00"
"05/12/2025 14:00 - 05/12/2025 15:00","Denmark (DK)","5465.19","4555.00"
"05/12/2025 15:00 - 05/12/2025 16:00","Denmark (DK)","5439.97","4541.00"
"05/12/2025 16:00 - 05/12/2025 17:00","Denmark (DK)","5590.73","4701.00"
"05/12/2025 17:00 - 05/12/2025 18:00","Denmark (DK)","5677.47","4927.00"
"05/12/2025 18:00 - 05/12/2025 19:00","Denmark (DK)","5474.02","4770.00"
"05/12/2025 19:00 - 05/12/2025 20:00","Denmark (DK)","5154.14","4632.00"
"05/12/2025 20:00 - 05/12/2025 21:00","Denmark (DK)","4913.42","4688.00"
"05/12/2025 21:00 - 05/12/2025 22:00","Denmark (DK)","4718.31","4710.00"
"05/12/2025 22:00 - 05/12/2025 23:00","Denmark (DK)","4507.88","4591.00"
"05/12/2025 23:00 - 06/12/2025 00:00","Denmark (DK)","4373.91","4383.00"
"06/12/2025 00:00 - 06/12/2025 01:00","Denmark (DK)","4474.98","4144.00"
"06/12/2025 01:00 - 06/12/2025 02:00","Denmark (DK)","4502.05","3881.00"
"06/12/2025 02:00 - 06/12/2025 03:00","Denmark (DK)","4505.19","3712.00"
"06/12/2025 03:00 - 06/12/2025 04:00","Denmark (DK)","4463.38","3612.00"
"06/12/2025 04:00 - 06/12/2025 05:00","Denmark (DK)","4345.84","3700.00"
"06/12/2025 05:00 - 06/12/2025 06:00","Denmark (DK)","4210.13","3761.00"
"06/12/2025 06:00 - 06/12/2025 07:00","Denmark (DK)","4113.54","4234.00"
"06/12/2025 07:00 - 06/12/2025 08:00","Denmark (DK)","4333.27","4174.00"
"06/12/2025 08:00 - 06/12/2025 09:00","Denmark (DK)","4641.95","4522.00"
"06/12/2025 09:00 - 06/12/2025 10:00","Denmark (DK)","4866.37","4649.00"
"06/12/2025 10:00 - 06/12/2025 11:00","Denmark (DK)","5056.82","4691.00"
"06/12/2025 11:00 - 06/12/2025 12:00","Denmark (DK)","5099.88","4704.00"
"06/12/2025 12:00 - 06/12/2025 13:00","Denmark (DK)","5112.95","4739.00"
"06/12/2025 13:00 - 06/12/2025 14:00","Denmark (DK)","5097.00","4649.00"
"06/12/2025 14:00 - 06/12/2025 15:00","Denmark (DK)","5085.56","4628.00"
"06/12/2025 15:00 - 06/12/2025 16:00","Denmark (DK)","5106.24","4949.00"
"06/12/2025 16:00 - 06/12/2025 17:00","Denmark (DK)","5270.34","5251.00"
"06/12/2025 17:00 - 06/12/2025 18:00","Denmark (DK)","5432.59","5321.00"
"06/12/2025 18:00 - 06/12/2025 19:00","Denmark (DK)","5254.92","5180.00"
"06/12/2025 19:00 - 06/12/2025 20:00","Denmark (DK)","4985.96","4868.00"
"06/12/2025 20:00 - 06/12/2025 21:00","Denmark (DK)","4742.41","4759.00"
"06/12/2025 21:00 - 06/12/2025 22:00","Denmark (DK)","4578.62","4744.00"
"06/12/2025 22:00 - 06/12/2025 23:00","Denmark (DK)","4404.49","4586.00"
"06/12/2025 23:00 - 07/12/2025 00:00","Denmark (DK)","4262.10","4485.00"
"07/12/2025 00:00 - 07/12/2025 01:00","Denmark (DK)","4328.88","4224.00"
"07/12/2025 01:00 - 07/12/2025 02:00","Denmark (DK)","4450.31","4154.00"
"07/12/2025 02:00 - 07/12/2025 03:00","Denmark (DK)","4398.57","4091.00"
"07/12/2025 03:00 - 07/12/2025 04:00","Denmark (DK)","4274.74","4053.00"
"07/12/2025 04:00 - 07/12/2025 05:00","Denmark (DK)","3989.25","4035.00"
"07/12/2025 05:00 - 07/12/2025 06:00","Denmark (DK)","3846.96","3953.00"
"07/12/2025 06:00 - 07/12/2025 07:00","Denmark (DK)","3855.98","3875.00"
"07/12/2025 07:00 - 07/12/2025 08:00","Denmark (DK)","4091.54","4052.00"
"07/12/2025 08:00 - 07/12/2025 09:00","Denmark (DK)","4368.73","4330.00"
"07/12/2025 09:00 - 07/12/2025 10:00","Denmark (DK)","4611.70","4411.00"
"07/12/2025 10:00 - 07/12/2025 11:00","Denmark (DK)","4792.65","4437.00"
"07/12/2025 11:00 - 07/12/2025 12:00","Denmark (DK)","4879.77","4476.00"
"07/12/2025 12:00 - 07/12/2025 13:00","Denmark (DK)","4913.89","4483.00"
"07/12/2025 13:00 - 07/12/2025 14:00","Denmark (DK)","4933.30","4574.00"
"07/12/2025 14:00 - 07/12/2025 15:00","Denmark (DK)","4925.52","4807.00"
"07/12/2025 15:00 - 07/12/2025 16:00","Denmark (DK)","4970.75","4921.00"
"07/12/2025 16:00 - 07/12/2025 17:00","Denmark (DK)","5159.76","5135.00"
"07/12/2025 17:00 - 07/12/2025 18:00","Denmark (DK)","5375.82","5279.00"
"07/12/2025 18:00 - 07/12/2025 19:00","Denmark (DK)","5170.06","5012.00"
"07/12/2025 19:00 - 07/12/2025 20:00","Denmark (DK)","4893.11","4796.00"
"07/12/2025 20:00 - 07/12/2025 21:00","Denmark (DK)","4673.06","4645.00"
"07/12/2025 21:00 - 07/12/2025 22:00","Denmark (DK)","4502.94","4491.00"
"07/12/2025 22:00 - 07/12/2025 23:00","Denmark (DK)","4326.42","4542.00"
"07/12/2025 23:00 - 08/12/2025 00:00","Denmark (DK)","4345.50","4648.00"
"08/12/2025 00:00 - 08/12/2025 01:00","Denmark (DK)","4682.77","4840.00"
"08/12/2025 01:00 - 08/12/2025 02:00","Denmark (DK)","4960.72","4984.00"
"08/12/2025 02:00 - 08/12/2025 03:00","Denmark (DK)","4979.95","5123.00"
"08/12/2025 03:00 - 08/12/2025 04:00","Denmark (DK)","4773.76","5258.00"
"08/12/2025 04:00 - 08/12/2025 05:00","Denmark (DK)","4438.58","5301.00"
"08/12/2025 05:00 - 08/12/2025 06:00","Denmark (DK)","4366.45","5078.00"
"08/12/2025 06:00 - 08/12/2025 07:00","Denmark (DK)","4855.56","4321.00"
"08/12/2025 07:00 - 08/12/2025 08:00","Denmark (DK)","5411.44","4429.00"
"08/12/2025 08:00 - 08/12/2025 09:00","Denmark (DK)","5658.24","4622.00"
"08/12/2025 09:00 - 08/12/2025 10:00","Denmark (DK)","5696.57","4739.00"
"08/12/2025 10:00 - 08/12/2025 11:00","Denmark (DK)","5705.50","4754.00"
"08/12/2025 11:00 - 08/12/2025 12:00","Denmark (DK)","5676.33","4692.00"
"08/12/2025 12:00 - 08/12/2025 13:00","Denmark (DK)","5599.04","4594.00"
"08/12/2025 13:00 - 08/12/2025 14:00","Denmark (DK)","5590.79","4569.00"
"08/12/2025 14:00 - 08/12/2025 15:00","Denmark (DK)","5508.19","4521.00"
"08/12/2025 15:00 - 08/12/2025 16:00","Denmark (DK)","5518.17","4448.00"
"08/12/2025 16:00 - 08/12/2025 17:00","Denmark (DK)","5672.12","4550.00"
"08/12/2025 17:00 - 08/12/2025 18:00","Denmark (DK)","5831.53","4702.00"
"08/12/2025 18:00 - 08/12/2025 19:00","Denmark (DK)","5636.44","4504.00"
"08/12/2025 19:00 - 08/12/2025 20:00","Denmark (DK)","5300.35","4402.00"
"08/12/2025 20:00 - 08/12/2025 21:00","Denmark (DK)","5004.86","4441.00"
"08/12/2025 21:00 - 08/12/2025 22:00","Denmark (DK)","4828.82","4521.00"
"08/12/2025 22:00 - 08/12/2025 23:00","Denmark (DK)","4586.19","4546.00"
"08/12/2025 23:00 - 09/12/2025 00:00","Denmark (DK)","4418.96","4516.00"
"09/12/2025 00:00 - 09/12/2025 01:00","Denmark (DK)","4549.07","4178.00"
"09/12/2025 01:00 - 09/12/2025 02:00","Denmark (DK)","4507.29","4196.00"
"09/12/2025 02:00 - 09/12/2025 03:00","Denmark (DK)","4296.67","4179.00"
"09/12/2025 03:00 - 09/12/2025 04:00","Denmark (DK)","4055.40","4182.00"
"09/12/2025 04:00 - 09/12/2025 05:00","Denmark (DK)","4101.85","4122.00"
"09/12/2025 05:00 - 09/12/2025 06:00","Denmark (DK)","4229.23","4076.00"
"09/12/2025 06:00 - 09/12/2025 07:00","Denmark (DK)","4617.15","4265.00"
"09/12/2025 07:00 - 09/12/2025 08:00","Denmark (DK)","5213.44","4553.00"
"09/12/2025 08:00 - 09/12/2025 09:00","Denmark (DK)","5473.55","4849.00"
"09/12/2025 09:00 - 09/12/2025 10:00","Denmark (DK)","5528.57","4940.00"
"09/12/2025 10:00 - 09/12/2025 11:00","Denmark (DK)","5585.24","4992.00"
"09/12/2025 11:00 - 09/12/2025 12:00","Denmark (DK)","5524.37","4941.00"
"09/12/2025 12:00 - 09/12/2025 13:00","Denmark (DK)","5551.55","4871.00"
"09/12/2025 13:00 - 09/12/2025 14:00","Denmark (DK)","5525.96","4850.00"
"09/12/2025 14:00 - 09/12/2025 15:00","Denmark (DK)","5495.28","4807.00"
"09/12/2025 15:00 - 09/12/2025 16:00","Denmark (DK)","5469.50","4807.00"
"09/12/2025 16:00 - 09/12/2025 17:00","Denmark (DK)","5669.57","4971.00"
"09/12/2025 17:00 - 09/12/2025 18:00","Denmark (DK)","5832.93","5126.00"
"09/12/2025 18:00 - 09/12/2025 19:00","Denmark (DK)","5619.34","4945.00"
"09/12/2025 19:00 - 09/12/2025 20:00","Denmark (DK)","5277.12","4916.00"
"09/12/2025 20:00 - 09/12/2025 21:00","Denmark (DK)","5013.65","5096.00"
"09/12/2025 21:00 - 09/12/2025 22:00","Denmark (DK)","4832.43","5288.00"
"09/12/2025 22:00 - 09/12/2025 23:00","Denmark (DK)","4568.55","5314.00"
"09/12/2025 23:00 - 10/12/2025 00:00","Denmark (DK)","4500.19","5255.00"
"10/12/2025 00:00 - 10/12/2025 01:00","Denmark (DK)","4640.04","5263.00"
"10/12/2025 01:00 - 10/12/2025 02:00","Denmark (DK)","4753.93","5214.00"
"10/12/2025 02:00 - 10/12/2025 03:00","Denmark (DK)","4895.24","5143.00"
"10/12/2025 03:00 - 10/12/2025 04:00","Denmark (DK)","4616.18","5095.00"
"10/12/2025 04:00 - 10/12/2025 05:00","Denmark (DK)","4335.57","5000.00"
"10/12/2025 05:00 - 10/12/2025 06:00","Denmark (DK)","4304.75","4892.00"
"10/12/2025 06:00 - 10/12/2025 07:00","Denmark (DK)","4719.94","4956.00"
"10/12/2025 07:00 - 10/12/2025 08:00","Denmark (DK)","5221.89","5293.00"
"10/12/2025 08:00 - 10/12/2025 09:00","Denmark (DK)","5496.38","5512.00"
"10/12/2025 09:00 - 10/12/2025 10:00","Denmark (DK)","5611.85","5534.00"
"10/12/2025 10:00 - 10/12/2025 11:00","Denmark (DK)","5627.69","5553.00"
"10/12/2025 11:00 - 10/12/2025 12:00","Denmark (DK)","5586.21","5435.00"
"10/12/2025 12:00 - 10/12/2025 13:00","Denmark (DK)","5566.27","5196.00"
"10/12/2025 13:00 - 10/12/2025 14:00","Denmark (DK)","5573.11","4975.00"
"10/12/2025 14:00 - 10/12/2025 15:00","Denmark (DK)","5550.29","5417.00"
"10/12/2025 15:00 - 10/12/2025 16:00","Denmark (DK)","5510.62","5459.00"
"10/12/2025 16:00 - 10/12/2025 17:00","Denmark (DK)","5678.80","5494.00"
"10/12/2025 17:00 - 10/12/2025 18:00","Denmark (DK)","5864.15","5535.00"
"10/12/2025 18:00 - 10/12/2025 19:00","Denmark (DK)","5648.75","5315.00"
"10/12/2025 19:00 - 10/12/2025 20:00","Denmark (DK)","5362.53","5246.00"
"10/12/2025 20:00 - 10/12/2025 21:00","Denmark (DK)","5098.24","5422.00"
"10/12/2025 21:00 - 10/12/2025 22:00","Denmark (DK)","4903.23","5562.00"
"10/12/2025 22:00 - 10/12/2025 23:00","Denmark (DK)","4701.01","5552.00"
"10/12/2025 23:00 - 11/12/2025 00:00","Denmark (DK)","4555.67","5486.00"
"11/12/2025 00:00 - 11/12/2025 01:00","Denmark (DK)","4697.24","4876.00"
"11/12/2025 01:00 - 11/12/2025 02:00","Denmark (DK)","4698.27","4826.00"
"11/12/2025 02:00 - 11/12/2025 03:00","Denmark (DK)","4648.00","4761.00"
"11/12/2025 03:00 - 11/12/2025 04:00","Denmark (DK)","4537.23","4611.00"
"11/12/2025 04:00 - 11/12/2025 05:00","Denmark (DK)","4359.37","4473.00"
"11/12/2025 05:00 - 11/12/2025 06:00","Denmark (DK)","4369.81","4360.00"
"11/12/2025 06:00 - 11/12/2025 07:00","Denmark (DK)","4788.21","4351.00"
"11/12/2025 07:00 - 11/12/2025 08:00","Denmark (DK)","5384.24","4637.00"
"11/12/2025 08:00 - 11/12/2025 09:00","Denmark (DK)","5721.38","4827.00"
"11/12/2025 09:00 - 11/12/2025 10:00","Denmark (DK)","5431.01","5186.00"
"11/12/2025 10:00 - 11/12/2025 11:00","Denmark (DK)","5264.69","5555.00"
"11/12/2025 11:00 - 11/12/2025 12:00","Denmark (DK)","5369.16","5347.00"
"11/12/2025 12:00 - 11/12/2025 13:00","Denmark (DK)","5413.18","5034.00"
"11/12/2025 13:00 - 11/12/2025 14:00","Denmark (DK)","5226.59","4891.00"
"11/12/2025 14:00 - 11/12/2025 15:00","Denmark (DK)","4992.53","4858.00"
"11/12/2025 15:00 - 11/12/2025 16:00","Denmark (DK)","4883.46","4949.00"
"11/12/2025 16:00 - 11/12/2025 17:00","Denmark (DK)","5139.51","5096.00"
"11/12/2025 17:00 - 11/12/2025 18:00","Denmark (DK)","5333.85","5284.00"
"11/12/2025 18:00 - 11/12/2025 19:00","Denmark (DK)","5226.54","5108.00"
"11/12/2025 19:00 - 11/12/2025 20:00","Denmark (DK)","4856.89","5014.00"
"11/12/2025 20:00 - 11/12/2025 21:00","Denmark (DK)","4637.81","5123.00"
"11/12/2025 21:00 - 11/12/2025 22:00","Denmark (DK)","4458.65","5220.00"
"11/12/2025 22:00 - 11/12/2025 23:00","Denmark (DK)","4284.90","5171.00"
"11/12/2025 23:00 - 12/12/2025 00:00","Denmark (DK)","4052.00","5106.00"
"12/12/2025 00:00 - 12/12/2025 01:00","Denmark (DK)","4398.30","4645.00"
"12/12/2025 01:00 - 12/12/2025 02:00","Denmark (DK)","4216.64","4576.00"
"12/12/2025 02:00 - 12/12/2025 03:00","Denmark (DK)","3914.90","4565.00"
"12/12/2025 03:00 - 12/12/2025 04:00","Denmark (DK)","3697.56","4498.00"
"12/12/2025 04:00 - 12/12/2025 05:00","Denmark (DK)","3750.94","4424.00"
"12/12/2025 05:00 - 12/12/2025 06:00","Denmark (DK)","3959.63","4349.00"
"12/12/2025 06:00 - 12/12/2025 07:00","Denmark (DK)","4436.56","4436.00"
"12/12/2025 07:00 - 12/12/2025 08:00","Denmark (DK)","5003.54","4911.00"
"12/12/2025 08:00 - 12/12/2025 09:00","Denmark (DK)","5308.21","5060.00"
"12/12/2025 09:00 - 12/12/2025 10:00","Denmark (DK)","5359.56","5004.00"
"12/12/2025 10:00 - 12/12/2025 11:00","Denmark (DK)","5448.85","5005.00"
"12/12/2025 11:00 - 12/12/2025 12:00","Denmark (DK)","5393.87","4938.00"
"12/12/2025 12:00 - 12/12/2025 13:00","Denmark (DK)","5328.59","4817.00"
"12/12/2025 13:00 - 12/12/2025 14:00","Denmark (DK)","5257.94","4785.00"
"12/12/2025 14:00 - 12/12/2025 15:00","Denmark (DK)","5167.50","5143.00"
"12/12/2025 15:00 - 12/12/2025 16:00","Denmark (DK)","5173.28","5106.00"
"12/12/2025 16:00 - 12/12/2025 17:00","Denmark (DK)","5328.32","5191.00"
"12/12/2025 17:00 - 12/12/2025 18:00","Denmark (DK)","5420.46","5305.00"
"12/12/2025 18:00 - 12/12/2025 19:00","Denmark (DK)","5163.28","5214.00"
"12/12/2025 19:00 - 12/12/2025 20:00","Denmark (DK)","4857.98","4959.00"
"12/12/2025 20:00 - 12/12/2025 21:00","Denmark (DK)","4642.55","4737.00"
"12/12/2025 21:00 - 12/12/2025 22:00","Denmark (DK)","4463.25","4606.00"
"12/12/2025 22:00 - 12/12/2025 23:00","Denmark (DK)","4290.24","4438.00"
"12/12/2025 23:00 - 13/12/2025 00:00","Denmark (DK)","4140.05","4300.00"
"13/12/2025 00:00 - 13/12/2025 01:00","Denmark (DK)","4161.58","4027.00"
"13/12/2025 01:00 - 13/12/2025 02:00","Denmark (DK)","4086.74","3909.00"
"13/12/2025 02:00 - 13/12/2025 03:00","Denmark (DK)","4101.73","3845.00"
"13/12/2025 03:00 - 13/12/2025 04:00","Denmark (DK)","4025.82","3902.00"
"13/12/2025 04:00 - 13/12/2025 05:00","Denmark (DK)","3917.04","4013.00"
"13/12/2025 05:00 - 13/12/2025 06:00","Denmark (DK)","3765.09","3963.00"
"13/12/2025 06:00 - 13/12/2025 07:00","Denmark (DK)","3681.37","3972.00"
"13/12/2025 07:00 - 13/12/2025 08:00","Denmark (DK)","3878.92","4180.00"
"13/12/2025 08:00 - 13/12/2025 09:00","Denmark (DK)","4123.62","4402.00"
"13/12/2025 09:00 - 13/12/2025 10:00","Denmark (DK)","4292.22","4593.00"
"13/12/2025 10:00 - 13/12/2025 11:00","Denmark (DK)","4396.84","4690.00"
"13/12/2025 11:00 - 13/12/2025 12:00","Denmark (DK)","4481.63","4780.00"
"13/12/2025 12:00 - 13/12/2025 13:00","Denmark (DK)","4497.57","4796.00"
"13/12/2025 13:00 - 13/12/2025 14:00","Denmark (DK)","4474.65","4790.00"
"13/12/2025 14:00 - 13/12/2025 15:00","Denmark (DK)","4448.44","4477.00"
"13/12/2025 15:00 - 13/12/2025 16:00","Denmark (DK)","4548.50","4503.00"
"13/12/2025 16:00 - 13/12/2025 17:00","Denmark (DK)","4749.35","4635.00"
"13/12/2025 17:00 - 13/12/2025 18:00","Denmark (DK)","4890.08","4866.00"
"13/12/2025 18:00 - 13/12/2025 19:00","Denmark (DK)","4684.49","4834.00"
"13/12/2025 19:00 - 13/12/2025 20:00","Denmark (DK)","4404.68","4598.00"
"13/12/2025 20:00 - 13/12/2025 21:00","Denmark (DK)","4158.69","4437.00"
"13/12/2025 21:00 - 13/12/2025 22:00","Denmark (DK)","3959.15","4289.00"
"13/12/2025 22:00 - 13/12/2025 23:00","Denmark (DK)","3768.86","3822.00"
"13/12/2025 23:00 - 14/12/2025 00:00","Denmark (DK)","3586.49","3713.00"
"14/12/2025 00:00 - 14/12/2025 01:00","Denmark (DK)","3704.89","3655.00"
"14/12/2025 01:00 - 14/12/2025 02:00","Denmark (DK)","3635.42","3601.00"
"14/12/2025 02:00 - 14/12/2025 03:00","Denmark (DK)","3547.58","3512.00"
"14/12/2025 03:00 - 14/12/2025 04:00","Denmark (DK)","3556.01","3446.00"
"14/12/2025 04:00 - 14/12/2025 05:00","Denmark (DK)","3547.08","3382.00"
"14/12/2025 05:00 - 14/12/2025 06:00","Denmark (DK)","3473.46","3334.00"
"14/12/2025 06:00 - 14/12/2025 07:00","Denmark (DK)","3261.26","3368.00"
"14/12/2025 07:00 - 14/12/2025 08:00","Denmark (DK)","3473.80","3441.00"
"14/12/2025 08:00 - 14/12/2025 09:00","Denmark (DK)","3773.85","3637.00"
"14/12/2025 09:00 - 14/12/2025 10:00","Denmark (DK)","4053.17","3809.00"
"14/12/2025 10:00 - 14/12/2025 11:00","Denmark (DK)","4213.00","3900.00"
"14/12/2025 11:00 - 14/12/2025 12:00","Denmark (DK)","4256.91","4003.00"
"14/12/2025 12:00 - 14/12/2025 13:00","Denmark (DK)","4280.13","4049.00"
"14/12/2025 13:00 - 14/12/2025 14:00","Denmark (DK)","4268.93","4081.00"
"14/12/2025 14:00 - 14/12/2025 15:00","Denmark (DK)","4354.95","4268.00"
"14/12/2025 15:00 - 14/12/2025 16:00","Denmark (DK)","4420.88","4325.00"
"14/12/2025 16:00 - 14/12/2025 17:00","Denmark (DK)","4544.18","4420.00"
"14/12/2025 17:00 - 14/12/2025 18:00","Denmark (DK)","4712.14","4583.00"
"14/12/2025 18:00 - 14/12/2025 19:00","Denmark (DK)","4549.56","4491.00"
"14/12/2025 19:00 - 14/12/2025 20:00","Denmark (DK)","4288.26","4309.00"
"14/12/2025 20:00 - 14/12/2025 21:00","Denmark (DK)","4062.18","4193.00"
"14/12/2025 21:00 - 14/12/2025 22:00","Denmark (DK)","3897.92","4052.00"
"14/12/2025 22:00 - 14/12/2025 23:00","Denmark (DK)","3703.43","4039.00"
"14/12/2025 23:00 - 15/12/2025 00:00","Denmark (DK)","3602.75","4056.00"
"15/12/2025 00:00 - 15/12/2025 01:00","Denmark (DK)","3896.57","3884.00"
"15/12/2025 01:00 - 15/12/2025 02:00","Denmark (DK)","3885.23","3887.00"
"15/12/2025 02:00 - 15/12/2025 03:00","Denmark (DK)","3828.42","3906.00"
"15/12/2025 03:00 - 15/12/2025 04:00","Denmark (DK)","3678.03","3906.00"
"15/12/2025 04:00 - 15/12/2025 05:00","Denmark (DK)","3379.85","3635.00"
"15/12/2025 05:00 - 15/12/2025 06:00","Denmark (DK)","3404.14","3537.00"
"15/12/2025 06:00 - 15/12/2025 07:00","Denmark (DK)","3973.60","3646.00"
"15/12/2025 07:00 - 15/12/2025 08:00","Denmark (DK)","4582.97","4346.00"
"15/12/2025 08:00 - 15/12/2025 09:00","Denmark (DK)","4994.19","4549.00"
"15/12/2025 09:00 - 15/12/2025 10:00","Denmark (DK)","5099.07","4987.00"
"15/12/2025 10:00 - 15/12/2025 11:00","Denmark (DK)","5148.25","4968.00"
"15/12/2025 11:00 - 15/12/2025 12:00","Denmark (DK)","5105.77","4821.00"
"15/12/2025 12:00 - 15/12/2025 13:00","Denmark (DK)","5024.90","4597.00"
"15/12/2025 13:00 - 15/12/2025 14:00","Denmark (DK)","5017.74","4544.00"
"15/12/2025 14:00 - 15/12/2025 15:00","Denmark (DK)","5003.31","4920.00"
"15/12/2025 15:00 - 15/12/2025 16:00","Denmark (DK)","5099.54","4846.00"
"15/12/2025 16:00 - 15/12/2025 17:00","Denmark (DK)","5261.72","4853.00"
"15/12/2025 17:00 - 15/12/2025 18:00","Denmark (DK)","5395.63","4892.00"
"15/12/2025 18:00 - 15/12/2025 19:00","Denmark (DK)","5179.99","4706.00"
"15/12/2025 19:00 - 15/12/2025 20:00","Denmark (DK)","4870.17","4585.00"
"15/12/2025 20:00 - 15/12/2025 21:00","Denmark (DK)","4616.01","4660.00"
"15/12/2025 21:00 - 15/12/2025 22:00","Denmark (DK)","4438.09","4811.00"
"15/12/2025 22:00 - 15/12/2025 23:00","Denmark (DK)","4260.18","4860.00"
"15/12/2025 23:00 - 16/12/2025 00:00","Denmark (DK)","4065.79","4816.00"
"16/12/2025 00:00 - 16/12/2025 01:00","Denmark (DK)","4367.56","4621.00"
"16/12/2025 01:00 - 16/12/2025 02:00","Denmark (DK)","4301.23","4586.00"
"16/12/2025 02:00 - 16/12/2025 03:00","Denmark (DK)","4251.29","4519.00"
"16/12/2025 03:00 - 16/12/2025 04:00","Denmark (DK)","3942.24","4421.00"
"16/12/2025 04:00 - 16/12/2025 05:00","Denmark (DK)","3722.43","4378.00"
"16/12/2025 05:00 - 16/12/2025 06:00","Denmark (DK)","3896.84","4402.00"
"16/12/2025 06:00 - 16/12/2025 07:00","Denmark (DK)","4469.61","4301.00"
"16/12/2025 07:00 - 16/12/2025 08:00","Denmark (DK)","5055.39","4902.00"
"16/12/2025 08:00 - 16/12/2025 09:00","Denmark (DK)","5318.95","5044.00"
"16/12/2025 09:00 - 16/12/2025 10:00","Denmark (DK)","5377.05","4995.00"
"16/12/2025 10:00 - 16/12/2025 11:00","Denmark (DK)","5636.94","4961.00"
"16/12/2025 11:00 - 16/12/2025 12:00","Denmark (DK)","5603.64","4888.00"
"16/12/2025 12:00 - 16/12/2025 13:00","Denmark (DK)","5512.99","4814.00"
"16/12/2025 13:00 - 16/12/2025 14:00","Denmark (DK)","5418.95","4787.00"
"16/12/2025 14:00 - 16/12/2025 15:00","Denmark (DK)","5306.48","5161.00"
"16/12/2025 15:00 - 16/12/2025 16:00","Denmark (DK)","5301.80","5229.00"
"16/12/2025 16:00 - 16/12/2025 17:00","Denmark (DK)","5540.06","5277.00"
"16/12/2025 17:00 - 16/12/2025 18:00","Denmark (DK)","5705.94","5349.00"
"16/12/2025 18:00 - 16/12/2025 19:00","Denmark (DK)","5562.58","5156.00"
"16/12/2025 19:00 - 16/12/2025 20:00","Denmark (DK)","5244.66","4943.00"
"16/12/2025 20:00 - 16/12/2025 21:00","Denmark (DK)","4998.07","4862.00"
"16/12/2025 21:00 - 16/12/2025 22:00","Denmark (DK)","4837.76","4829.00"
"16/12/2025 22:00 - 16/12/2025 23:00","Denmark (DK)","4598.63","4707.00"
"16/12/2025 23:00 - 17/12/2025 00:00","Denmark (DK)","4409.28","4663.00"
"17/12/2025 00:00 - 17/12/2025 01:00","Denmark (DK)","4619.51","4843.00"
"17/12/2025 01:00 - 17/12/2025 02:00","Denmark (DK)","4506.13","4784.00"
"17/12/2025 02:00 - 17/12/2025 03:00","Denmark (DK)","4548.69","4687.00"
"17/12/2025 03:00 - 17/12/2025 04:00","Denmark (DK)","4359.15","4569.00"
"17/12/2025 04:00 - 17/12/2025 05:00","Denmark (DK)","4140.36","4498.00"
"17/12/2025 05:00 - 17/12/2025 06:00","Denmark (DK)","4153.76","4476.00"
"17/12/2025 06:00 - 17/12/2025 07:00","Denmark (DK)","4658.57","4669.00"
"17/12/2025 07:00 - 17/12/2025 08:00","Denmark (DK)","5211.60","5161.00"
"17/12/2025 08:00 - 17/12/2025 09:00","Denmark (DK)","5495.19","5373.00"
"17/12/2025 09:00 - 17/12/2025 10:00","Denmark (DK)","5582.64","5385.00"
"17/12/2025 10:00 - 17/12/2025 11:00","Denmark (DK)","5598.16","5389.00"
"17/12/2025 11:00 - 17/12/2025 12:00","Denmark (DK)","5591.29","5344.00"
"17/12/2025 12:00 - 17/12/2025 13:00","Denmark (DK)","5545.19","5285.00"
"17/12/2025 13:00 - 17/12/2025 14:00","Denmark (DK)","5473.30","5236.00"
"17/12/2025 14:00 - 17/12/2025 15:00","Denmark (DK)","5417.77","5143.00"
"17/12/2025 15:00 - 17/12/2025 16:00","Denmark (DK)","5412.40","5179.00"
"17/12/2025 16:00 - 17/12/2025 17:00","Denmark (DK)","5606.12","5318.00"
"17/12/2025 17:00 - 17/12/2025 18:00","Denmark (DK)","5762.88","5499.00"
"17/12/2025 18:00 - 17/12/2025 19:00","Denmark (DK)","5615.27","5332.00"
"17/12/2025 19:00 - 17/12/2025 20:00","Denmark (DK)","5324.20","5136.00"
"17/12/2025 20:00 - 17/12/2025 21:00","Denmark (DK)","5017.30","5015.00"
"17/12/2025 21:00 - 17/12/2025 22:00","Denmark (DK)","4823.30","4922.00"
"17/12/2025 22:00 - 17/12/2025 23:00","Denmark (DK)","4574.07","4804.00"
"17/12/2025 23:00 - 18/12/2025 00:00","Denmark (DK)","4399.48","4776.00"
"18/12/2025 00:00 - 18/12/2025 01:00","Denmark (DK)","4489.04","4864.00"
"18/12/2025 01:00 - 18/12/2025 02:00","Denmark (DK)","4515.97","4812.00"
"18/12/2025 02:00 - 18/12/2025 03:00","Denmark (DK)","4571.34","4751.00"
"18/12/2025 03:00 - 18/12/2025 04:00","Denmark (DK)","4665.83","4709.00"
"18/12/2025 04:00 - 18/12/2025 05:00","Denmark (DK)","4589.15","4675.00"
"18/12/2025 05:00 - 18/12/2025 06:00","Denmark (DK)","4583.69","4623.00"
"18/12/2025 06:00 - 18/12/2025 07:00","Denmark (DK)","4829.31","4447.00"
"18/12/2025 07:00 - 18/12/2025 08:00","Denmark (DK)","5441.52","4932.00"
"18/12/2025 08:00 - 18/12/2025 09:00","Denmark (DK)","5667.65","5014.00"
"18/12/2025 09:00 - 18/12/2025 10:00","Denmark (DK)","5747.66","4914.00"
"18/12/2025 10:00 - 18/12/2025 11:00","Denmark (DK)","5817.27","4925.00"
"18/12/2025 11:00 - 18/12/2025 12:00","Denmark (DK)","5787.43","4910.00"
"18/12/2025 12:00 - 18/12/2025 13:00","Denmark (DK)","5775.08","4873.00"
"18/12/2025 13:00 - 18/12/2025 14:00","Denmark (DK)","5656.59","4846.00"
"18/12/2025 14:00 - 18/12/2025 15:00","Denmark (DK)","5594.25","4796.00"
"18/12/2025 15:00 - 18/12/2025 16:00","Denmark (DK)","5506.90","4810.00"
"18/12/2025 16:00 - 18/12/2025 17:00","Denmark (DK)","5667.89","4915.00"
"18/12/2025 17:00 - 18/12/2025 18:00","Denmark (DK)","5712.06","5001.00"
"18/12/2025 18:00 - 18/12/2025 19:00","Denmark (DK)","5530.94","4857.00"
"18/12/2025 19:00 - 18/12/2025 20:00","Denmark (DK)","5305.75","4788.00"
"18/12/2025 20:00 - 18/12/2025 21:00","Denmark (DK)","5049.96","4865.00"
"18/12/2025 21:00 - 18/12/2025 22:00","Denmark (DK)","4863.78","4950.00"
"18/12/2025 22:00 - 18/12/2025 23:00","Denmark (DK)","4675.34","4852.00"
"18/12/2025 23:00 - 19/12/2025 00:00","Denmark (DK)","4655.22","4809.00"
"19/12/2025 00:00 - 19/12/2025 01:00","Denmark (DK)","4944.76","4789.00"
"19/12/2025 01:00 - 19/12/2025 02:00","Denmark (DK)","5201.07","4746.00"
"19/12/2025 02:00 - 19/12/2025 03:00","Denmark (DK)","5180.74","4679.00"
"19/12/2025 03:00 - 19/12/2025 04:00","Denmark (DK)","5141.73","4616.00"
"19/12/2025 04:00 - 19/12/2025 05:00","Denmark (DK)","4821.08","4550.00"
"19/12/2025 05:00 - 19/12/2025 06:00","Denmark (DK)","4574.39","4462.00"
"19/12/2025 06:00 - 19/12/2025 07:00","Denmark (DK)","4775.76","4609.00"
"19/12/2025 07:00 - 19/12/2025 08:00","Denmark (DK)","5277.53","4892.00"
"19/12/2025 08:00 - 19/12/2025 09:00","Denmark (DK)","5550.83","5378.00"
"19/12/2025 09:00 - 19/12/2025 10:00","Denmark (DK)","5549.87","5410.00"
"19/12/2025 10:00 - 19/12/2025 11:00","Denmark (DK)","5556.48","5221.00"
"19/12/2025 11:00 - 19/12/2025 12:00","Denmark (DK)","5473.89","5047.00"
"19/12/2025 12:00 - 19/12/2025 13:00","Denmark (DK)","5390.74","5337.00"
"19/12/2025 13:00 - 19/12/2025 14:00","Denmark (DK)","5281.31","5087.00"
"19/12/2025 14:00 - 19/12/2025 15:00","Denmark (DK)","5229.20","4765.00"
"19/12/2025 15:00 - 19/12/2025 16:00","Denmark (DK)","5202.20","4602.00"
"19/12/2025 16:00 - 19/12/2025 17:00","Denmark (DK)","5366.07","5122.00"
"19/12/2025 17:00 - 19/12/2025 18:00","Denmark (DK)","5454.96","5398.00"
"19/12/2025 18:00 - 19/12/2025 19:00","Denmark (DK)","5228.61","5230.00"
"19/12/2025 19:00 - 19/12/2025 20:00","Denmark (DK)","5012.15","5128.00"
"19/12/2025 20:00 - 19/12/2025 21:00","Denmark (DK)","4803.37","5348.00"
"19/12/2025 21:00 - 19/12/2025 22:00","Denmark (DK)","4708.60","5519.00"
"19/12/2025 22:00 - 19/12/2025 23:00","Denmark (DK)","4542.13","5429.00"
"19/12/2025 23:00 - 20/12/2025 00:00","Denmark (DK)","4320.49","5245.00"
"20/12/2025 00:00 - 20/12/2025 01:00","Denmark (DK)","4609.12","4404.00"
"20/12/2025 01:00 - 20/12/2025 02:00","Denmark (DK)","4446.33","4263.00"
"20/12/2025 02:00 - 20/12/2025 03:00","Denmark (DK)","4220.84","4040.00"
"20/12/2025 03:00 - 20/12/2025 04:00","Denmark (DK)","3919.77","3775.00"
"20/12/2025 04:00 - 20/12/2025 05:00","Denmark (DK)","3744.64","3638.00"
"20/12/2025 05:00 - 20/12/2025 06:00","Denmark (DK)","3711.73","3601.00"
"20/12/2025 06:00 - 20/12/2025 07:00","Denmark (DK)","3798.45","3779.00"
"20/12/2025 07:00 - 20/12/2025 08:00","Denmark (DK)","4091.34","3942.00"
"20/12/2025 08:00 - 20/12/2025 09:00","Denmark (DK)","4390.71","4171.00"
"20/12/2025 09:00 - 20/12/2025 10:00","Denmark (DK)","4557.17","4385.00"
"20/12/2025 10:00 - 20/12/2025 11:00","Denmark (DK)","4649.95","4423.00"
"20/12/2025 11:00 - 20/12/2025 12:00","Denmark (DK)","4748.82","4350.00"
"20/12/2025 12:00 - 20/12/2025 13:00","Denmark (DK)","4715.80","4277.00"
"20/12/2025 13:00 - 20/12/2025 14:00","Denmark (DK)","4647.67","4228.00"
"20/12/2025 14:00 - 20/12/2025 15:00","Denmark (DK)","4660.42","4244.00"
"20/12/2025 15:00 - 20/12/2025 16:00","Denmark (DK)","4738.59","4607.00"
"20/12/2025 16:00 - 20/12/2025 17:00","Denmark (DK)","4944.21","4754.00"
"20/12/2025 17:00 - 20/12/2025 18:00","Denmark (DK)","5139.39","4876.00"
"20/12/2025 18:00 - 20/12/2025 19:00","Denmark (DK)","5057.73","4779.00"
"20/12/2025 19:00 - 20/12/2025 20:00","Denmark (DK)","4791.24","4566.00"
"20/12/2025 20:00 - 20/12/2025 21:00","Denmark (DK)","4559.70","4435.00"
"20/12/2025 21:00 - 20/12/2025 22:00","Denmark (DK)","4411.98","4349.00"
"20/12/2025 22:00 - 20/12/2025 23:00","Denmark (DK)","4254.49","4195.00"
"20/12/2025 23:00 - 21/12/2025 00:00","Denmark (DK)","4138.19","4100.00"
"21/12/2025 00:00 - 21/12/2025 01:00","Denmark (DK)","4159.93","4074.00"
"21/12/2025 01:00 - 21/12/2025 02:00","Denmark (DK)","4136.23","4003.00"
"21/12/2025 02:00 - 21/12/2025 03:00","Denmark (DK)","4108.22","3919.00"
"21/12/2025 03:00 - 21/12/2025 04:00","Denmark (DK)","4041.30","3879.00"
"21/12/2025 04:00 - 21/12/2025 05:00","Denmark (DK)","3945.31","3827.00"
"21/12/2025 05:00 - 21/12/2025 06:00","Denmark (DK)","3861.69","3771.00"
"21/12/2025 06:00 - 21/12/2025 07:00","Denmark (DK)","3822.26","3897.00"
"21/12/2025 07:00 - 21/12/2025 08:00","Denmark (DK)","4041.33","4062.00"
"21/12/2025 08:00 - 21/12/2025 09:00","Denmark (DK)","4344.93","4317.00"
"21/12/2025 09:00 - 21/12/2025 10:00","Denmark (DK)","4564.33","4465.00"
"21/12/2025 10:00 - 21/12/2025 11:00","Denmark (DK)","4730.37","4414.00"
"21/12/2025 11:00 - 21/12/2025 12:00","Denmark (DK)","4785.78","4543.00"
"21/12/2025 12:00 - 21/12/2025 13:00","Denmark (DK)","4821.09","4769.00"
"21/12/2025 13:00 - 21/12/2025 14:00","Denmark (DK)","4857.39","4707.00"
"21/12/2025 14:00 - 21/12/2025 15:00","Denmark (DK)","4842.67","4797.00"
"21/12/2025 15:00 - 21/12/2025 16:00","Denmark (DK)","4888.56","4897.00"
"21/12/2025 16:00 - 21/12/2025 17:00","Denmark (DK)","5085.10","4853.00"
"21/12/2025 17:00 - 21/12/2025 18:00","Denmark (DK)","5351.28","4912.00"
"21/12/2025 18:00 - 21/12/2025 19:00","Denmark (DK)","5250.23","4783.00"
"21/12/2025 19:00 - 21/12/2025 20:00","Denmark (DK)","4998.34","4618.00"
"21/12/2025 20:00 - 21/12/2025 21:00","Denmark (DK)","4758.80","4540.00"
"21/12/2025 21:00 - 21/12/2025 22:00","Denmark (DK)","4572.83","4470.00"
"21/12/2025 22:00 - 21/12/2025 23:00","Denmark (DK)","4367.07","4516.00"
"21/12/2025 23:00 - 22/12/2025 00:00","Denmark (DK)","4252.25","4626.00"
"22/12/2025 00:00 - 22/12/2025 01:00","Denmark (DK)","4376.65","4921.00"
"22/12/2025 01:00 - 22/12/2025 02:00","Denmark (DK)","4453.62","5018.00"
"22/12/2025 02:00 - 22/12/2025 03:00","Denmark (DK)","4436.92","5098.00"
"22/12/2025 03:00 - 22/12/2025 04:00","Denmark (DK)","4326.01","5160.00"
"22/12/2025 04:00 - 22/12/2025 05:00","Denmark (DK)","4182.36","5025.00"
"22/12/2025 05:00 - 22/12/2025 06:00","Denmark (DK)","4069.31","4841.00"
"22/12/2025 06:00 - 22/12/2025 07:00","Denmark (DK)","4276.07","4146.00"
"22/12/2025 07:00 - 22/12/2025 08:00","Denmark (DK)","4747.58","4562.00"
"22/12/2025 08:00 - 22/12/2025 09:00","Denmark (DK)","5082.44","4718.00"
"22/12/2025 09:00 - 22/12/2025 10:00","Denmark (DK)","5274.28","4708.00"
"22/12/2025 10:00 - 22/12/2025 11:00","Denmark (DK)","5401.25","4481.00"
"22/12/2025 11:00 - 22/12/2025 12:00","Denmark (DK)","5469.01","4414.00"
"22/12/2025 12:00 - 22/12/2025 13:00","Denmark (DK)","5411.67","4925.00"
"22/12/2025 13:00 - 22/12/2025 14:00","Denmark (DK)","5409.42","5216.00"
"22/12/2025 14:00 - 22/12/2025 15:00","Denmark (DK)","5347.38","4954.00"
"22/12/2025 15:00 - 22/12/2025 16:00","Denmark (DK)","5335.24","4625.00"
"22/12/2025 16:00 - 22/12/2025 17:00","Denmark (DK)","5524.15","4604.00"
"22/12/2025 17:00 - 22/12/2025 18:00","Denmark (DK)","5705.35","4704.00"
"22/12/2025 18:00 - 22/12/2025 19:00","Denmark (DK)","5524.52","4687.00"
"22/12/2025 19:00 - 22/12/2025 20:00","Denmark (DK)","5242.56","5428.00"
"22/12/2025 20:00 - 22/12/2025 21:00","Denmark (DK)","4948.12","5581.00"
"22/12/2025 21:00 - 22/12/2025 22:00","Denmark (DK)","4784.23","5580.00"
"22/12/2025 22:00 - 22/12/2025 23:00","Denmark (DK)","4536.54","4933.00"
"22/12/2025 23:00 - 23/12/2025 00:00","Denmark (DK)","4377.64","4911.00"
"23/12/2025 00:00 - 23/12/2025 01:00","Denmark (DK)","4504.46","4861.00"
"23/12/2025 01:00 - 23/12/2025 02:00","Denmark (DK)","4523.91","4807.00"
"23/12/2025 02:00 - 23/12/2025 03:00","Denmark (DK)","4519.93","4752.00"
"23/12/2025 03:00 - 23/12/2025 04:00","Denmark (DK)","4454.51","4697.00"
"23/12/2025 04:00 - 23/12/2025 05:00","Denmark (DK)","4374.06","4643.00"
"23/12/2025 05:00 - 23/12/2025 06:00","Denmark (DK)","4247.71","4623.00"
"23/12/2025 06:00 - 23/12/2025 07:00","Denmark (DK)","4353.34","4846.00"
"23/12/2025 07:00 - 23/12/2025 08:00","Denmark (DK)","4798.54","5252.00"
"23/12/2025 08:00 - 23/12/2025 09:00","Denmark (DK)","5075.38","5525.00"
"23/12/2025 09:00 - 23/12/2025 10:00","Denmark (DK)","5241.33","5621.00"
"23/12/2025 10:00 - 23/12/2025 11:00","Denmark (DK)","5361.15","5671.00"
"23/12/2025 11:00 - 23/12/2025 12:00","Denmark (DK)","5362.78","5706.00"
"23/12/2025 12:00 - 23/12/2025 13:00","Denmark (DK)","5395.46","5701.00"
"23/12/2025 13:00 - 23/12/2025 14:00","Denmark (DK)","5407.30","5690.00"
"23/12/2025 14:00 - 23/12/2025 15:00","Denmark (DK)","5349.48","5668.00"
"23/12/2025 15:00 - 23/12/2025 16:00","Denmark (DK)","5364.21","5317.00"
"23/12/2025 16:00 - 23/12/2025 17:00","Denmark (DK)","5500.82","5306.00"
"23/12/2025 17:00 - 23/12/2025 18:00","Denmark (DK)","5587.21","5310.00"
"23/12/2025 18:00 - 23/12/2025 19:00","Denmark (DK)","5398.07","5070.00"
"23/12/2025 19:00 - 23/12/2025 20:00","Denmark (DK)","5104.36","5066.00"
"23/12/2025 20:00 - 23/12/2025 21:00","Denmark (DK)","4876.44","5136.00"
"23/12/2025 21:00 - 23/12/2025 22:00","Denmark (DK)","4757.11","5242.00"
"23/12/2025 22:00 - 23/12/2025 23:00","Denmark (DK)","4475.28","5021.00"
"23/12/2025 23:00 - 24/12/2025 00:00","Denmark (DK)","4341.80","4765.00"
"24/12/2025 00:00 - 24/12/2025 01:00","Denmark (DK)","4640.15","4673.00"
"24/12/2025 01:00 - 24/12/2025 02:00","Denmark (DK)","4646.95","4403.00"
"24/12/2025 02:00 - 24/12/2025 03:00","Denmark (DK)","4458.68","4151.00"
"24/12/2025 03:00 - 24/12/2025 04:00","Denmark (DK)","4412.96","3954.00"
"24/12/2025 04:00 - 24/12/2025 05:00","Denmark (DK)","4266.30","3884.00"
"24/12/2025 05:00 - 24/12/2025 06:00","Denmark (DK)","4116.54","3872.00"
"24/12/2025 06:00 - 24/12/2025 07:00","Denmark (DK)","4072.07","4133.00"
"24/12/2025 07:00 - 24/12/2025 08:00","Denmark (DK)","4296.26","4353.00"
"24/12/2025 08:00 - 24/12/2025 09:00","Denmark (DK)","4592.87","4535.00"
"24/12/2025 09:00 - 24/12/2025 10:00","Denmark (DK)","4868.78","4679.00"
"24/12/2025 10:00 - 24/12/2025 11:00","Denmark (DK)","5002.83","4770.00"
"24/12/2025 11:00 - 24/12/2025 12:00","Denmark (DK)","5114.35","4863.00"
"24/12/2025 12:00 - 24/12/2025 13:00","Denmark (DK)","5079.98","4864.00"
"24/12/2025 13:00 - 24/12/2025 14:00","Denmark (DK)","5040.77","4873.00"
"24/12/2025 14:00 - 24/12/2025 15:00","Denmark (DK)","5055.80","4871.00"
"24/12/2025 15:00 - 24/12/2025 16:00","Denmark (DK)","5185.33","4990.00"
"24/12/2025 16:00 - 24/12/2025 17:00","Denmark (DK)","5491.57","5284.00"
"24/12/2025 17:00 - 24/12/2025 18:00","Denmark (DK)","5631.94","5446.00"
"24/12/2025 18:00 - 24/12/2025 19:00","Denmark (DK)","4908.33","4873.00"
"24/12/2025 19:00 - 24/12/2025 20:00","Denmark (DK)","4488.73","4528.00"
"24/12/2025 20:00 - 24/12/2025 21:00","Denmark (DK)","4362.94","4397.00"
"24/12/2025 21:00 - 24/12/2025 22:00","Denmark (DK)","4251.49","4258.00"
"24/12/2025 22:00 - 24/12/2025 23:00","Denmark (DK)","4146.83","4161.00"
"24/12/2025 23:00 - 25/12/2025 00:00","Denmark (DK)","4168.19","4059.00"
"25/12/2025 00:00 - 25/12/2025 01:00","Denmark (DK)","4384.10","3340.00"
"25/12/2025 01:00 - 25/12/2025 02:00","Denmark (DK)","4409.06","3206.00"
"25/12/2025 02:00 - 25/12/2025 03:00","Denmark (DK)","4279.86","3126.00"
"25/12/2025 03:00 - 25/12/2025 04:00","Denmark (DK)","4263.58","3128.00"
"25/12/2025 04:00 - 25/12/2025 05:00","Denmark (DK)","4168.74","3122.00"
"25/12/2025 05:00 - 25/12/2025 06:00","Denmark (DK)","4104.10","3143.00"
"25/12/2025 06:00 - 25/12/2025 07:00","Denmark (DK)","4059.91","3825.00"
"25/12/2025 07:00 - 25/12/2025 08:00","Denmark (DK)","4215.76","4224.00"
"25/12/2025 08:00 - 25/12/2025 09:00","Denmark (DK)","4429.48","4361.00"
"25/12/2025 09:00 - 25/12/2025 10:00","Denmark (DK)","4595.77","4523.00"
"25/12/2025 10:00 - 25/12/2025 11:00","Denmark (DK)","4923.97","4592.00"
"25/12/2025 11:00 - 25/12/2025 12:00","Denmark (DK)","5073.64","4633.00"
"25/12/2025 12:00 - 25/12/2025 13:00","Denmark (DK)","5093.98","4651.00"
"25/12/2025 13:00 - 25/12/2025 14:00","Denmark (DK)","5010.10","4609.00"
"25/12/2025 14:00 - 25/12/2025 15:00","Denmark (DK)","4869.79","4537.00"
"25/12/2025 15:00 - 25/12/2025 16:00","Denmark (DK)","4902.39","4572.00"
"25/12/2025 16:00 - 25/12/2025 17:00","Denmark (DK)","5041.84","5070.00"
"25/12/2025 17:00 - 25/12/2025 18:00","Denmark (DK)","5187.96","5194.00"
"25/12/2025 18:00 - 25/12/2025 19:00","Denmark (DK)","5099.59","5109.00"
"25/12/2025 19:00 - 25/12/2025 20:00","Denmark (DK)","4967.65","4895.00"
"25/12/2025 20:00 - 25/12/2025 21:00","Denmark (DK)","4747.92","4737.00"
"25/12/2025 21:00 - 25/12/2025 22:00","Denmark (DK)","4624.40","4639.00"
"25/12/2025 22:00 - 25/12/2025 23:00","Denmark (DK)","4437.78","4577.00"
"25/12/2025 23:00 - 26/12/2025 00:00","Denmark (DK)","4297.00","4474.00"
"26/12/2025 00:00 - 26/12/2025 01:00","Denmark (DK)","4356.57","4328.00"
"26/12/2025 01:00 - 26/12/2025 02:00","Denmark (DK)","4304.57","4238.00"
"26/12/2025 02:00 - 26/12/2025 03:00","Denmark (DK)","4247.41","4198.00"
"26/12/2025 03:00 - 26/12/2025 04:00","Denmark (DK)","4196.45","4203.00"
"26/12/2025 04:00 - 26/12/2025 05:00","Denmark (DK)","4099.89","4203.00"
"26/12/2025 05:00 - 26/12/2025 06:00","Denmark (DK)","4002.25","4196.00"
"26/12/2025 06:00 - 26/12/2025 07:00","Denmark (DK)","3966.76","4178.00"
"26/12/2025 07:00 - 26/12/2025 08:00","Denmark (DK)","4112.97","4307.00"
"26/12/2025 08:00 - 26/12/2025 09:00","Denmark (DK)","4350.80","4533.00"
"26/12/2025 09:00 - 26/12/2025 10:00","Denmark (DK)","4624.40","4711.00"
"26/12/2025 10:00 - 26/12/2025 11:00","Denmark (DK)","4847.67","4856.00"
"26/12/2025 11:00 - 26/12/2025 12:00","Denmark (DK)","4945.94","4925.00"
"26/12/2025 12:00 - 26/12/2025 13:00","Denmark (DK)","4869.62","4932.00"
"26/12/2025 13:00 - 26/12/2025 14:00","Denmark (DK)","4707.93","4859.00"
"26/12/2025 14:00 - 26/12/2025 15:00","Denmark (DK)","4619.86","4741.00"
"26/12/2025 15:00 - 26/12/2025 16:00","Denmark (DK)","4672.08","4780.00"
"26/12/2025 16:00 - 26/12/2025 17:00","Denmark (DK)","4818.05","4841.00"
"26/12/2025 17:00 - 26/12/2025 18:00","Denmark (DK)","4914.00","4921.00"
"26/12/2025 18:00 - 26/12/2025 19:00","Denmark (DK)","4852.33","4850.00"
"26/12/2025 19:00 - 26/12/2025 20:00","Denmark (DK)","4715.21","4696.00"
"26/12/2025 20:00 - 26/12/2025 21:00","Denmark (DK)","4545.59","4575.00"
"26/12/2025 21:00 - 26/12/2025 22:00","Denmark (DK)","4422.08","4535.00"
"26/12/2025 22:00 - 26/12/2025 23:00","Denmark (DK)","4252.36","4489.00"
"26/12/2025 23:00 - 27/12/2025 00:00","Denmark (DK)","4122.01","4503.00"
"27/12/2025 00:00 - 27/12/2025 01:00","Denmark (DK)","4071.79","4526.00"
"27/12/2025 01:00 - 27/12/2025 02:00","Denmark (DK)","4078.60","4545.00"
"27/12/2025 02:00 - 27/12/2025 03:00","Denmark (DK)","4050.59","4536.00"
"27/12/2025 03:00 - 27/12/2025 04:00","Denmark (DK)","4006.53","4526.00"
"27/12/2025 04:00 - 27/12/2025 05:00","Denmark (DK)","3920.71","4549.00"
"27/12/2025 05:00 - 27/12/2025 06:00","Denmark (DK)","4006.09","4503.00"
"27/12/2025 06:00 - 27/12/2025 07:00","Denmark (DK)","3912.78","4515.00"
"27/12/2025 07:00 - 27/12/2025 08:00","Denmark (DK)","4119.77","4064.00"
"27/12/2025 08:00 - 27/12/2025 09:00","Denmark (DK)","4489.61","4316.00"
"27/12/2025 09:00 - 27/12/2025 10:00","Denmark (DK)","4776.39","4640.00"
"27/12/2025 10:00 - 27/12/2025 11:00","Denmark (DK)","4960.79","4818.00"
"27/12/2025 11:00 - 27/12/2025 12:00","Denmark (DK)","5082.80","4832.00"
"27/12/2025 12:00 - 27/12/2025 13:00","Denmark (DK)","5020.88","4808.00"
"27/12/2025 13:00 - 27/12/2025 14:00","Denmark (DK)","4879.55","4726.00"
"27/12/2025 14:00 - 27/12/2025 15:00","Denmark (DK)","4752.78","4710.00"
"27/12/2025 15:00 - 27/12/2025 16:00","Denmark (DK)","4735.55","4696.00"
"27/12/2025 16:00 - 27/12/2025 17:00","Denmark (DK)","4904.49","4770.00"
"27/12/2025 17:00 - 27/12/2025 18:00","Denmark (DK)","5066.64","4909.00"
"27/12/2025 18:00 - 27/12/2025 19:00","Denmark (DK)","5026.57","4822.00"
"27/12/2025 19:00 - 27/12/2025 20:00","Denmark (DK)","4822.47","4578.00"
"27/12/2025 20:00 - 27/12/2025 21:00","Denmark (DK)","4588.05","4432.00"
"27/12/2025 21:00 - 27/12/2025 22:00","Denmark (DK)","4450.78","4266.00"
"27/12/2025 22:00 - 27/12/2025 23:00","Denmark (DK)","4294.47","4064.00"
"27/12/2025 23:00 - 28/12/2025 00:00","Denmark (DK)","4175.24","3903.00"
"28/12/2025 00:00 - 28/12/2025 01:00","Denmark (DK)","4280.23","3902.00"
"28/12/2025 01:00 - 28/12/2025 02:00","Denmark (DK)","4285.43","3773.00"
"28/12/2025 02:00 - 28/12/2025 03:00","Denmark (DK)","4337.70","3666.00"
"28/12/2025 03:00 - 28/12/2025 04:00","Denmark (DK)","4189.02","3609.00"
"28/12/2025 04:00 - 28/12/2025 05:00","Denmark (DK)","4004.29","3694.00"
"28/12/2025 05:00 - 28/12/2025 06:00","Denmark (DK)","3902.23","3694.00"
"28/12/2025 06:00 - 28/12/2025 07:00","Denmark (DK)","3968.86","4068.00"
"28/12/2025 07:00 - 28/12/2025 08:00","Denmark (DK)","4201.29","4187.00"
"28/12/2025 08:00 - 28/12/2025 09:00","Denmark (DK)","4525.86","4483.00"
"28/12/2025 09:00 - 28/12/2025 10:00","Denmark (DK)","4720.47","4685.00"
"28/12/2025 10:00 - 28/12/2025 11:00","Denmark (DK)","4918.18","5062.00"
"28/12/2025 11:00 - 28/12/2025 12:00","Denmark (DK)","4945.09","5175.00"
"28/12/2025 12:00 - 28/12/2025 13:00","Denmark (DK)","4940.66","5148.00"
"28/12/2025 13:00 - 28/12/2025 14:00","Denmark (DK)","4846.45","5052.00"
"28/12/2025 14:00 - 28/12/2025 15:00","Denmark (DK)","4828.96","4996.00"
"28/12/2025 15:00 - 28/12/2025 16:00","Denmark (DK)","4896.12","4933.00"
"28/12/2025 16:00 - 28/12/2025 17:00","Denmark (DK)","5167.80","4975.00"
"28/12/2025 17:00 - 28/12/2025 18:00","Denmark (DK)","5406.07","5109.00"
"28/12/2025 18:00 - 28/12/2025 19:00","Denmark (DK)","5357.12","5053.00"
"28/12/2025 19:00 - 28/12/2025 20:00","Denmark (DK)","5115.49","4976.00"
"28/12/2025 20:00 - 28/12/2025 21:00","Denmark (DK)","4893.67","4956.00"
"28/12/2025 21:00 - 28/12/2025 22:00","Denmark (DK)","4757.85","4797.00"
"28/12/2025 22:00 - 28/12/2025 23:00","Denmark (DK)","4577.11","4792.00"
"28/12/2025 23:00 - 29/12/2025 00:00","Denmark (DK)","4466.50","4779.00"
"29/12/2025 00:00 - 29/12/2025 01:00","Denmark (DK)","4846.08","4296.00"
"29/12/2025 01:00 - 29/12/2025 02:00","Denmark (DK)","4823.43","4275.00"
"29/12/2025 02:00 - 29/12/2025 03:00","Denmark (DK)","4683.75","4234.00"
"29/12/2025 03:00 - 29/12/2025 04:00","Denmark (DK)","4436.67","4176.00"
"29/12/2025 04:00 - 29/12/2025 05:00","Denmark (DK)","4181.33","4033.00"
"29/12/2025 05:00 - 29/12/2025 06:00","Denmark (DK)","4054.71","3688.00"
"29/12/2025 06:00 - 29/12/2025 07:00","Denmark (DK)","4160.63","3520.00"
"29/12/2025 07:00 - 29/12/2025 08:00","Denmark (DK)","4611.64","3654.00"
"29/12/2025 08:00 - 29/12/2025 09:00","Denmark (DK)","4935.72","3814.00"
"29/12/2025 09:00 - 29/12/2025 10:00","Denmark (DK)","5076.47","3942.00"
"29/12/2025 10:00 - 29/12/2025 11:00","Denmark (DK)","5174.32","4065.00"
"29/12/2025 11:00 - 29/12/2025 12:00","Denmark (DK)","5181.35","4111.00"
"29/12/2025 12:00 - 29/12/2025 13:00","Denmark (DK)","5139.23","4090.00"
"29/12/2025 13:00 - 29/12/2025 14:00","Denmark (DK)","5149.63","4166.00"
"29/12/2025 14:00 - 29/12/2025 15:00","Denmark (DK)","5124.32","5083.00"
"29/12/2025 15:00 - 29/12/2025 16:00","Denmark (DK)","5160.30","5056.00"
"29/12/2025 16:00 - 29/12/2025 17:00","Denmark (DK)","5316.78","5050.00"
"29/12/2025 17:00 - 29/12/2025 18:00","Denmark (DK)","5511.62","5101.00"
"29/12/2025 18:00 - 29/12/2025 19:00","Denmark (DK)","5416.58","4969.00"
"29/12/2025 19:00 - 29/12/2025 20:00","Denmark (DK)","5196.61","5111.00"
"29/12/2025 20:00 - 29/12/2025 21:00","Denmark (DK)","4994.99","5314.00"
"29/12/2025 21:00 - 29/12/2025 22:00","Denmark (DK)","4819.84","5452.00"
"29/12/2025 22:00 - 29/12/2025 23:00","Denmark (DK)","4660.70","5559.00"
"29/12/2025 23:00 - 30/12/2025 00:00","Denmark (DK)","4572.17","5491.00"
"30/12/2025 00:00 - 30/12/2025 01:00","Denmark (DK)","4617.19","4573.00"
"30/12/2025 01:00 - 30/12/2025 02:00","Denmark (DK)","4639.67","4467.00"
"30/12/2025 02:00 - 30/12/2025 03:00","Denmark (DK)","4647.85","4423.00"
"30/12/2025 03:00 - 30/12/2025 04:00","Denmark (DK)","4561.03","4342.00"
"30/12/2025 04:00 - 30/12/2025 05:00","Denmark (DK)","4458.55","4287.00"
"30/12/2025 05:00 - 30/12/2025 06:00","Denmark (DK)","4447.24","4310.00"
"30/12/2025 06:00 - 30/12/2025 07:00","Denmark (DK)","4482.61","4121.00"
"30/12/2025 07:00 - 30/12/2025 08:00","Denmark (DK)","4760.74","3842.00"
"30/12/2025 08:00 - 30/12/2025 09:00","Denmark (DK)","5063.62","3901.00"
"30/12/2025 09:00 - 30/12/2025 10:00","Denmark (DK)","5240.53","4037.00"
"30/12/2025 10:00 - 30/12/2025 11:00","Denmark (DK)","5379.76","4067.00"
"30/12/2025 11:00 - 30/12/2025 12:00","Denmark (DK)","5399.60","4080.00"
"30/12/2025 12:00 - 30/12/2025 13:00","Denmark (DK)","5298.90","4154.00"
"30/12/2025 13:00 - 30/12/2025 14:00","Denmark (DK)","5279.23","4074.00"
"30/12/2025 14:00 - 30/12/2025 15:00","Denmark (DK)","5203.02","4025.00"
"30/12/2025 15:00 - 30/12/2025 16:00","Denmark (DK)","5207.00","5017.00"
"30/12/2025 16:00 - 30/12/2025 17:00","Denmark (DK)","5470.12","5119.00"
"30/12/2025 17:00 - 30/12/2025 18:00","Denmark (DK)","5635.85","5130.00"
"30/12/2025 18:00 - 30/12/2025 19:00","Denmark (DK)","5571.69","4922.00"
"30/12/2025 19:00 - 30/12/2025 20:00","Denmark (DK)","5290.03","4896.00"
"30/12/2025 20:00 - 30/12/2025 21:00","Denmark (DK)","5047.79","5125.00"
"30/12/2025 21:00 - 30/12/2025 22:00","Denmark (DK)","4894.46","5308.00"
"30/12/2025 22:00 - 30/12/2025 23:00","Denmark (DK)","4727.70","5293.00"
"30/12/2025 23:00 - 31/12/2025 00:00","Denmark (DK)","4541.67","5075.00"
"31/12/2025 00:00 - 31/12/2025 01:00","Denmark (DK)","4600.65","4009.00"
"31/12/2025 01:00 - 31/12/2025 02:00","Denmark (DK)","4583.65","3730.00"
"31/12/2025 02:00 - 31/12/2025 03:00","Denmark (DK)","4565.80","3462.00"
"31/12/2025 03:00 - 31/12/2025 04:00","Denmark (DK)","4505.42","3277.00"
"31/12/2025 04:00 - 31/12/2025 05:00","Denmark (DK)","4344.63","3199.00"
"31/12/2025 05:00 - 31/12/2025 06:00","Denmark (DK)","4161.73","3276.00"
"31/12/2025 06:00 - 31/12/2025 07:00","Denmark (DK)","4149.15","3403.00"
"31/12/2025 07:00 - 31/12/2025 08:00","Denmark (DK)","4278.74","4175.00"
"31/12/2025 08:00 - 31/12/2025 09:00","Denmark (DK)","4588.15","4413.00"
"31/12/2025 09:00 - 31/12/2025 10:00","Denmark (DK)","4802.62","4561.00"
"31/12/2025 10:00 - 31/12/2025 11:00","Denmark (DK)","4910.10","4705.00"
"31/12/2025 11:00 - 31/12/2025 12:00","Denmark (DK)","4935.26","4765.00"
"31/12/2025 12:00 - 31/12/2025 13:00","Denmark (DK)","4924.85","4962.00"
"31/12/2025 13:00 - 31/12/2025 14:00","Denmark (DK)","4889.14","4989.00"
"31/12/2025 14:00 - 31/12/2025 15:00","Denmark (DK)","4782.87","4869.00"
"31/12/2025 15:00 - 31/12/2025 16:00","Denmark (DK)","4832.57","4858.00"
"31/12/2025 16:00 - 31/12/2025 17:00","Denmark (DK)","5052.98","4994.00"
"31/12/2025 17:00 - 31/12/2025 18:00","Denmark (DK)","5154.01","5086.00"
"31/12/2025 18:00 - 31/12/2025 19:00","Denmark (DK)","5052.86","5013.00"
"31/12/2025 19:00 - 31/12/2025 20:00","Denmark (DK)","4739.57","4706.00"
"31/12/2025 20:00 - 31/12/2025 21:00","Denmark (DK)","4430.30","4551.00"
"31/12/2025 21:00 - 31/12/2025 22:00","Denmark (DK)","4328.78","4400.00"
"31/12/2025 22:00 - 31/12/2025 23:00","Denmark (DK)","4240.83","4221.00"
"31/12/2025 23:00 - 01/01/2026 00:00","Denmark (DK)","4168.90","4081.00"
